season,name,team,color,role,war,era,fip,ip,so,gs
1982,박철순,O,#15326f,선발,9.41,1.84,2.86,224.2,108,19
1982,황규봉,삼,#0061aa,선발,7.24,2.47,2.69,222.1,99,16
1982,하기룡,M,#1552f8,선발,6.52,2.3,2.91,191.2,108,16
1982,권영호,삼,#0061aa,선발,6.45,2.37,3.9,178.2,72,21
1982,노상수,롯,#888888,선발,5.62,2.94,2.94,232.1,141,20
1982,이선희,삼,#0061aa,선발,4.55,2.91,3.86,167.0,73,22
1982,성낙수,삼,#0061aa,선발,4.06,2.81,3.73,125.0,56,19
1982,김용남,해,#ff0c00,선발,3.34,3.09,3.17,175.0,85,17
1982,유종겸,M,#1552f8,스윙,3.05,3.25,3.35,113.2,86,8
1982,천창호,롯,#888888,선발,2.96,3.83,3.5,173.2,92,21
1982,선우대영,O,#15326f,선발,2.78,3.39,2.95,138.0,65,20
1982,김성한,해,#ff0c00,스윙,2.66,2.79,3.68,106.1,49,5
1982,이길환,M,#1552f8,선발,2.22,3.61,3.47,117.1,54,14
1982,방수원,해,#ff0c00,선발,1.93,3.85,3.51,154.1,63,15
1982,강철원,O,#15326f,스윙,1.91,2.18,3.78,45.1,15,4
1982,이광권,M,#1552f8,선발,1.84,3.72,3.81,116.0,57,16
1982,이상윤,해,#ff0c00,선발,1.7,3.88,4.13,102.0,58,19
1982,황태환,O,#15326f,스윙,1.44,3.86,4.79,86.1,42,6
1982,김덕열,롯,#888888,스윙,1.08,3.88,3.89,60.1,27,7
1982,김현홍,O,#15326f,스윙,1.0,3.03,4.05,29.2,10,2
1982,김문희,롯,#888888,선발,0.65,4.12,4.52,91.2,18,17
1982,강만식,해,#ff0c00,선발,0.58,4.44,3.82,144.0,86,19
1982,박상열,O,#15326f,선발,0.53,4.22,3.86,111.0,35,10
1982,정순명,M,#1552f8,선발,0.41,4.47,4.09,92.2,47,14
1982,계형철,O,#15326f,선발,0.27,4.88,4.98,90.1,43,19
1982,차준섭,M,#1552f8,스윙,0.21,4.84,2.55,35.1,24,5
1982,김시철,M,#1552f8,스윙,0.19,3.18,7.62,5.2,0,2
1982,이진우,롯,#888888,선발,0.05,5.27,4.7,82.0,49,10
1982,송진호,삼,#0061aa,불펜,0.01,6.0,3.1,3.0,2,0
1982,오문현,삼,#88b7e1,선발,0.01,4.85,4.9,102.0,22,11
1982,김경남,삼,#88b7e1,스윙,0.0,6.0,3.93,3.0,1,1
1982,박석채,M,#1552f8,스윙,0.0,6.06,4.51,35.2,18,4
1982,한상연,삼,#88b7e1,스윙,-0.11,5.84,5.73,12.1,2,2
1982,박영진,삼,#0061aa,스윙,-0.17,8.64,6.51,8.1,3,1
1982,최옥규,롯,#888888,스윙,-0.21,4.91,4.08,47.2,31,3
1982,방기만,롯,#888888,스윙,-0.25,6.23,4.95,17.1,4,1
1982,이윤섭,롯,#888888,스윙,-0.25,9.35,4.86,8.2,1,1
1982,박경호,삼,#88b7e1,스윙,-0.3,6.75,5.91,22.2,5,4
1982,신태중,해,#ff0c00,스윙,-0.74,7.52,7.27,26.1,7,5
1982,감사용,삼,#88b7e1,선발,-1.05,6.46,5.49,133.2,23,16
1982,김동철,삼,#88b7e1,선발,-1.33,7.06,6.04,93.0,19,15
1982,김재현,삼,#88b7e1,선발,-1.61,6.13,4.07,192.1,62,20
1982,인호봉,삼,#88b7e1,선발,-2.36,6.56,6.26,133.0,41,11
1983,장명부,삼,#88b7e1,선발,10.98,2.36,2.43,427.1,220,44
1983,김시진,삼,#0061aa,선발,6.27,2.55,2.46,229.1,154,25
1983,이상윤,해,#ff0c00,선발,5.97,2.67,2.25,229.1,178,22
1983,박상열,O,#15326f,선발,4.69,2.49,3.11,173.1,68,20
1983,김용남,해,#ff0c00,선발,4.58,2.83,2.56,181.1,80,22
1983,이길환,M,#1552f8,선발,4.46,2.51,2.71,208.1,85,20
1983,임호균,삼,#88b7e1,선발,3.98,3.03,2.98,234.2,86,29
1983,하기룡,M,#1552f8,선발,3.64,2.34,2.45,173.1,73,16
1983,최동원,롯,#888888,선발,3.37,2.89,2.39,208.2,148,21
1983,유종겸,M,#1552f8,선발,3.01,2.4,2.93,139.0,74,14
1983,오영일,M,#1552f8,선발,2.98,2.91,3.1,173.0,69,13
1983,주동식,해,#ff0c00,선발,2.87,3.14,3.49,143.1,56,21
1983,양일환,삼,#0061aa,선발,2.49,3.22,3.55,176.1,62,21
1983,권영호,삼,#0061aa,선발,2.38,3.2,3.25,135.0,49,15
1983,김문희,롯,#888888,선발,2.13,3.48,3.61,155.1,46,20
1983,계형철,O,#15326f,선발,1.67,3.44,3.24,193.1,86,27
1983,이광권,M,#1552f8,선발,1.62,2.51,3.36,100.1,35,20
1983,배경환,롯,#888888,선발,1.61,3.18,2.79,150.0,62,20
1983,강만식,해,#ff0c00,선발,1.61,2.78,2.45,94.0,51,14
1983,황태환,O,#15326f,스윙,1.44,2.65,3.37,105.1,60,2
1983,황기선,해,#ff0c00,스윙,1.37,2.31,2.5,66.1,35,3
1983,황규봉,삼,#0061aa,선발,1.29,3.67,3.38,130.0,45,14
1983,정선두,O,#15326f,스윙,1.17,2.6,4.6,52.0,9,4
1983,선우대영,O,#15326f,선발,1.17,3.91,4.06,96.2,38,12
1983,이선희,삼,#0061aa,선발,1.13,3.76,4.41,127.0,57,19
1983,정성만,삼,#88b7e1,스윙,0.8,2.92,4.77,61.2,26,7
1983,천창호,롯,#888888,스윙,0.76,3.42,3.58,81.2,38,1
1983,노상수,롯,#888888,선발,0.67,4.14,3.58,169.2,69,22
1983,김성한,해,#ff0c00,스윙,0.48,2.08,2.95,17.1,8,3
1983,김재현,삼,#88b7e1,스윙,0.36,3.31,2.98,49.0,11,3
1983,박철순,O,#15326f,스윙,0.21,3.48,2.58,10.1,4,4
1983,박석채,M,#1552f8,스윙,0.18,2.45,4.78,11.0,4,2
1983,박동경,삼,#0061aa,스윙,0.14,4.03,3.01,22.1,4,1
1983,정순명,M,#1552f8,스윙,0.09,3.62,4.66,59.2,19,7
1983,성낙수,삼,#0061aa,스윙,0.08,4.91,4.57,55.0,21,3
1983,감사용,삼,#88b7e1,불펜,0.05,2.92,3.1,12.1,6,0
1983,이진우,롯,#888888,선발,0.04,4.94,4.44,85.2,33,12
1983,김현재,해,#ff0c00,스윙,0.02,4.07,5.0,24.1,6,1
1983,장호연,O,#15326f,선발,0.0,4.23,4.13,155.1,31,16
1983,인호봉,삼,#88b7e1,스윙,-0.01,4.26,4.78,38.0,14,3
1983,신태중,해,#ff0c00,스윙,-0.05,40.5,7.0,0.2,0,1
1983,김현홍,O,#15326f,스윙,-0.09,4.15,4.87,43.1,12,4
1983,신계석,M,#1552f8,스윙,-0.09,9.0,3.9,2.0,0,1
1983,차준섭,M,#1552f8,불펜,-0.14,8.1,8.14,3.1,2,0
1983,방수원,해,#ff0c00,선발,-0.17,4.88,4.1,94.0,30,12
1983,오문현,삼,#88b7e1,스윙,-0.18,5.26,5.09,37.2,12,4
1983,김상기,삼,#88b7e1,스윙,-0.22,5.74,5.61,31.1,10,5
1983,박정후,롯,#888888,불펜,-0.28,15.19,7.11,5.1,1,0
1983,김덕열,롯,#888888,스윙,-0.29,6.23,6.35,21.2,10,1
1983,엄평재,해,#ff0c00,스윙,-0.31,5.45,4.67,33.0,12,1
1983,유종천,삼,#88b7e1,스윙,-0.39,7.94,4.24,17.0,7,5
1983,이원국,M,#1552f8,스윙,-0.4,4.42,3.55,38.2,6,7
1983,강철원,O,#15326f,선발,-0.47,6.32,5.27,62.2,21,11
1983,송진호,삼,#0061aa,스윙,-0.49,7.4,4.41,24.1,7,2
1983,이윤섭,롯,#888888,스윙,-0.57,8.24,6.2,19.2,8,3
1984,최동원,롯,#888888,선발,7.7,2.4,2.11,284.2,223,20
1984,김일융,삼,#0061aa,선발,6.56,2.27,2.18,222.0,155,23
1984,계형철,O,#15326f,선발,6.08,2.06,2.89,174.2,92,28
1984,이상윤,해,#ff0c00,선발,5.08,2.85,2.81,211.2,128,18
1984,최일언,O,#15326f,선발,3.67,2.84,2.87,167.2,86,18
1984,박상열,O,#15326f,선발,3.58,2.57,3.64,133.0,47,22
1984,장명부,삼,#88b7e1,선발,3.57,3.3,2.73,261.2,145,25
1984,윤석환,O,#15326f,스윙,3.32,2.84,2.81,146.0,111,4
1984,김시진,삼,#0061aa,선발,3.23,3.18,3.19,215.0,154,26
1984,오영일,M,#1552f8,선발,3.22,3.08,3.42,239.2,93,23
1984,임호균,롯,#888888,선발,3.02,2.95,3.97,161.2,44,24
1984,권영호,삼,#0061aa,선발,2.82,3.28,3.49,137.1,52,18
1984,주동식,해,#ff0c00,선발,2.77,2.27,2.94,83.1,27,10
1984,김봉근,M,#1552f8,선발,2.76,2.52,2.89,171.1,61,20
1984,장호연,O,#15326f,스윙,2.45,1.58,2.82,102.1,47,4
1984,하기룡,M,#1552f8,선발,2.24,2.82,2.98,178.2,81,19
1984,안창완,롯,#888888,스윙,2.16,1.67,3.43,70.0,39,7
1984,황규봉,삼,#0061aa,스윙,2.13,3.25,2.65,108.0,48,8
1984,김용남,해,#ff0c00,선발,2.02,3.05,2.52,132.2,68,21
1984,박정후,삼,#88b7e1,선발,2.01,3.5,3.91,139.0,60,22
1984,강만식,해,#ff0c00,선발,1.83,3.26,3.54,129.2,60,19
1984,조도연,해,#ff0c00,선발,1.47,3.34,3.33,129.1,63,12
1984,유종겸,M,#1552f8,선발,1.47,3.53,3.06,183.2,85,16
1984,김진욱,O,#15326f,선발,1.43,3.13,3.71,118.0,43,19
1984,배경환,롯,#888888,선발,1.31,3.48,3.04,121.2,59,15
1984,황태환,O,#15326f,스윙,1.12,2.48,3.46,40.0,19,3
1984,최계훈,삼,#88b7e1,선발,0.97,3.54,2.74,137.1,99,12
1984,이광권,M,#1552f8,스윙,0.75,2.65,3.67,51.0,14,7
1984,양일환,삼,#0061aa,선발,0.37,4.64,4.46,64.0,20,10
1984,김상기,삼,#88b7e1,스윙,0.32,2.82,3.79,22.1,5,1
1984,황기선,해,#ff0c00,스윙,0.3,3.76,3.55,124.1,65,6
1984,김재열,롯,#888888,스윙,0.25,4.0,4.33,36.0,14,2
1984,진동한,삼,#0061aa,스윙,0.22,1.8,4.91,5.0,0,2
1984,전용권,삼,#0061aa,스윙,0.2,4.44,3.39,26.1,6,1
1984,감사용,삼,#88b7e1,불펜,0.15,0.0,3.76,2.1,0,0
1984,문희수,해,#ff0c00,불펜,0.07,4.26,1.14,12.2,14,0
1984,방수원,해,#ff0c00,선발,0.06,3.82,2.88,66.0,30,14
1984,박덕용,롯,#888888,스윙,0.02,5.21,5.55,19.0,4,4
1984,조용철,롯,#888888,불펜,0.0,0.0,3.03,2.0,2,0
1984,이선희,삼,#0061aa,스윙,0.0,4.53,4.26,51.2,23,8
1984,정성만,삼,#88b7e1,선발,-0.03,4.86,4.68,150.0,67,19
1984,박영진,삼,#0061aa,불펜,-0.06,18.0,2.43,1.0,0,0
1984,이윤섭,롯,#888888,불펜,-0.06,5.4,4.92,10.0,1,0
1984,성낙수,삼,#0061aa,스윙,-0.07,4.11,2.59,15.1,4,1
1984,강철원,O,#15326f,스윙,-0.11,7.36,8.22,3.2,0,2
1984,김덕열,삼,#88b7e1,불펜,-0.12,18.0,4.28,2.0,1,0
1984,김재현,삼,#88b7e1,선발,-0.16,4.32,3.84,89.2,43,11
1984,오문현,삼,#88b7e1,스윙,-0.16,5.59,4.86,29.0,7,1
1984,인호봉,삼,#88b7e1,스윙,-0.16,5.6,6.37,17.2,4,1
1984,권기홍,삼,#0061aa,불펜,-0.19,7.88,5.47,8.0,0,0
1984,이문한,롯,#888888,스윙,-0.2,5.58,4.6,50.0,17,6
1984,김현재,해,#ff0c00,불펜,-0.25,2.7,7.29,6.2,4,0
1984,천창호,롯,#888888,스윙,-0.26,5.17,3.41,47.0,22,6
1984,송진호,삼,#0061aa,스윙,-0.32,5.45,4.27,33.0,14,3
1984,김문희,롯,#888888,선발,-0.36,5.11,4.81,56.1,12,11
1984,정순명,M,#1552f8,스윙,-0.47,7.15,5.7,22.2,7,7
1984,이진우,롯,#888888,스윙,-0.49,4.84,4.44,22.1,17,5
1984,이길환,M,#1552f8,스윙,-0.68,4.86,4.57,50.0,15,8
1984,신태중,삼,#88b7e1,스윙,-1.0,6.89,5.22,48.1,30,8
1985,김시진,삼,#0061aa,선발,10.83,2.0,2.48,269.2,201,29
1985,최동원,롯,#888888,선발,7.51,1.92,1.69,225.0,161,17
1985,김일융,삼,#0061aa,선발,5.0,2.79,3.0,226.0,107,28
1985,계형철,O,#15326f,선발,4.54,2.78,3.54,194.0,84,26
1985,강만식,해,#ff0c00,선발,4.12,3.31,3.97,198.2,63,37
1985,선동열,해,#ff0c00,스윙,3.79,1.7,0.89,111.0,103,3
1985,황규봉,삼,#0061aa,선발,3.41,3.04,3.26,165.2,54,24
1985,이선희,M,#1552f8,선발,3.32,2.28,3.28,138.0,48,18
1985,정삼흠,M,#1552f8,선발,3.31,3.13,3.29,192.2,100,16
1985,권영호,삼,#0061aa,선발,2.95,3.5,3.43,174.2,82,13
1985,김진욱,O,#15326f,선발,2.94,3.02,3.46,143.0,57,22
1985,최일언,O,#15326f,스윙,2.88,2.43,2.92,144.2,88,9
1985,박동수,롯,#888888,선발,2.78,2.73,2.95,168.0,84,22
1985,김정행,롯,#888888,선발,2.51,2.73,3.45,115.1,55,16
1985,유종겸,M,#1552f8,선발,2.15,2.99,3.88,135.1,40,13
1985,배경환,롯,#888888,선발,2.14,2.83,2.94,98.2,38,15
1985,임호균,롯,#888888,선발,2.03,3.23,4.02,145.0,43,25
1985,최계훈,청,#005284,선발,1.84,3.56,4.22,118.2,54,14
1985,조도연,해,#ff0c00,선발,1.75,3.71,3.47,123.2,46,15
1985,문희수,해,#ff0c00,선발,1.7,3.48,3.37,144.2,64,24
1985,윤석환,O,#15326f,스윙,1.64,3.34,3.85,110.1,44,4
1985,정은배,청,#005284,선발,1.52,3.64,4.27,141.0,45,17
1985,장호연,O,#15326f,선발,1.52,3.5,4.01,128.2,46,15
1985,황태환,O,#15326f,스윙,1.51,3.53,3.19,97.0,50,6
1985,김봉근,M,#1552f8,선발,1.41,3.34,4.17,113.1,37,12
1985,하기룡,M,#1552f8,선발,1.38,2.92,3.62,111.0,31,12
1985,진동한,삼,#0061aa,스윙,1.3,2.98,3.3,81.2,24,9
1985,오영일,M,#1552f8,선발,1.23,3.53,3.47,127.1,43,13
1985,박철순,O,#15326f,스윙,1.11,2.68,2.23,50.1,34,5
1985,김정수,M,#1552f8,스윙,1.09,2.7,3.43,60.0,25,9
1985,박상열,O,#15326f,선발,0.97,4.13,3.85,109.0,25,19
1985,김용남,해,#ff0c00,선발,0.62,4.48,2.95,134.2,74,10
1985,김성한,해,#ff0c00,스윙,0.58,3.35,3.16,40.1,12,2
1985,방수원,해,#ff0c00,스윙,0.49,3.47,4.24,23.1,9,2
1985,최상주,해,#ff0c00,선발,0.4,4.04,3.89,93.2,32,10
1985,신태순,해,#ff0c00,스윙,0.34,3.64,4.01,71.2,25,3
1985,김재현,청,#005284,스윙,0.34,3.88,3.48,46.1,15,5
1985,이길환,M,#1552f8,스윙,0.3,3.31,4.29,35.1,6,7
1985,김용수,M,#1552f8,불펜,0.19,3.74,2.92,21.2,13,0
1985,강철원,O,#15326f,스윙,0.12,3.38,2.1,5.1,2,2
1985,양상문,롯,#888888,스윙,0.1,3.83,2.77,101.0,58,6
1985,권기홍,삼,#0061aa,불펜,0.07,3.0,0.99,3.0,3,0
1985,정선두,O,#15326f,스윙,0.07,2.79,2.33,9.2,3,2
1985,한오종,O,#15326f,불펜,0.07,0.0,8.66,1.0,0,0
1985,양일환,삼,#0061aa,스윙,0.06,5.11,5.16,61.2,17,6
1985,정성만,청,#005284,선발,0.06,5.0,4.23,172.2,56,23
1985,김재박,M,#1552f8,불펜,0.05,0.0,2.46,0.2,0,0
1985,성낙수,삼,#0061aa,불펜,0.04,4.15,4.77,4.1,2,0
1985,천창호,롯,#888888,스윙,0.02,4.7,4.0,23.0,10,1
1985,이광권,M,#1552f8,스윙,0.0,4.82,5.74,9.1,1,1
1985,이진우,롯,#888888,스윙,-0.02,4.3,4.54,69.0,44,6
1985,송진호,삼,#0061aa,스윙,-0.02,5.68,2.94,12.2,5,1
1985,김문희,롯,#888888,불펜,-0.09,13.5,8.71,2.0,1,0
1985,김준희,삼,#0061aa,불펜,-0.11,18.0,8.71,2.0,1,0
1985,안창완,롯,#888888,스윙,-0.14,3.12,3.75,8.2,4,2
1985,이상윤,해,#ff0c00,스윙,-0.16,10.8,9.84,5.0,2,2
1985,인호봉,청,#005284,불펜,-0.18,6.75,4.8,5.1,1,0
1985,김기철,해,#ff0c00,불펜,-0.19,7.36,6.12,7.1,5,0
1985,차준섭,M,#1552f8,스윙,-0.21,14.54,7.95,4.1,0,1
1985,조용철,롯,#888888,불펜,-0.28,9.82,3.05,7.1,2,0
1985,정순명,M,#1552f8,스윙,-0.37,6.0,3.63,18.0,5,6
1985,이충우,롯,#888888,불펜,-0.41,5.22,3.12,29.1,13,0
1985,황기선,해,#ff0c00,스윙,-0.44,6.49,4.02,34.2,15,2
1985,감사용,청,#005284,불펜,-0.5,6.46,4.13,30.2,17,0
1985,안언학,M,#1552f8,스윙,-0.52,9.0,4.86,15.0,4,2
1985,박정후,청,#005284,스윙,-0.65,7.22,5.75,38.2,14,7
1985,오문현,청,#005284,스윙,-0.71,6.33,6.33,75.1,16,6
1985,신태중,청,#005284,스윙,-0.9,4.77,4.72,103.2,48,3
1985,장명부,청,#005284,선발,-2.13,5.3,3.55,246.0,128,35
1986,선동열,해,#ff0c00,선발,12.29,0.99,1.02,262.2,214,22
1986,최동원,롯,#888888,선발,9.47,1.55,1.34,267.0,208,21
1986,최일언,O,#15326f,선발,7.63,1.58,2.75,221.2,101,23
1986,김건우,M,#1552f8,선발,6.81,1.8,2.47,229.2,102,29
1986,김용수,M,#1552f8,스윙,5.95,1.67,2.51,178.0,74,3
1986,김시진,삼,#0061aa,선발,4.72,2.47,3.35,196.2,87,26
1986,이상군,빙,#ed1c24,선발,4.52,2.63,2.74,243.1,104,30
1986,장호연,O,#15326f,선발,4.43,1.9,3.12,165.2,44,22
1986,성준,삼,#0061aa,선발,3.98,2.36,2.87,149.0,60,19
1986,권영호,삼,#0061aa,선발,3.86,2.77,3.14,146.1,74,10
1986,김일융,삼,#0061aa,선발,3.45,2.53,2.89,138.2,60,19
1986,김신부,청,#005284,선발,3.15,3.21,2.95,233.0,89,28
1986,박동수,롯,#888888,선발,2.84,2.54,2.18,148.2,68,13
1986,한희민,빙,#ed1c24,선발,2.84,3.13,2.82,175.1,123,19
1986,차동철,해,#ff0c00,선발,2.62,2.82,2.68,131.0,35,21
1986,김정행,롯,#888888,선발,2.53,2.9,3.53,118.0,51,18
1986,박노준,O,#15326f,스윙,2.46,2.28,2.39,110.1,61,9
1986,김태원,M,#1552f8,선발,2.35,2.86,3.23,107.0,50,12
1986,진동한,삼,#0061aa,선발,2.11,2.88,3.54,109.1,37,10
1986,김기태,청,#005284,선발,1.97,3.18,2.96,175.1,109,12
1986,이상윤,해,#ff0c00,선발,1.79,2.97,3.43,115.0,48,18
1986,오영일,M,#1552f8,선발,1.63,3.0,3.66,132.0,43,21
1986,유종겸,M,#1552f8,선발,1.6,3.03,2.66,145.2,84,15
1986,김정수,해,#005284,선발,1.48,2.65,3.24,125.2,92,13
1986,문희수,해,#ff0c00,선발,1.43,3.0,2.99,75.0,23,11
1986,황태환,O,#15326f,스윙,1.4,2.45,3.12,73.1,36,1
1986,양상문,청,#005284,스윙,1.35,1.93,2.72,37.1,21,4
1986,윤학길,롯,#888888,스윙,1.29,2.76,2.77,88.0,40,3
1986,손문곤,빙,#ed1c24,선발,1.19,3.38,3.49,117.0,36,12
1986,양일환,삼,#0061aa,선발,1.13,3.72,3.69,96.2,33,12
1986,배경환,롯,#888888,스윙,0.96,2.79,4.02,58.0,18,8
1986,김봉근,청,#005284,스윙,0.95,2.82,3.15,51.0,15,9
1986,계형철,O,#15326f,선발,0.91,3.16,3.58,111.0,47,21
1986,임호균,롯,#888888,선발,0.84,3.32,3.8,89.1,27,16
1986,이진우,롯,#888888,스윙,0.79,2.03,3.19,40.0,17,6
1986,김연철,빙,#ed1c24,스윙,0.72,3.27,3.61,88.0,14,7
1986,방수원,해,#ff0c00,스윙,0.64,2.86,2.53,63.0,34,1
1986,최계훈,청,#005284,선발,0.61,3.67,3.59,159.1,62,18
1986,윤석환,O,#15326f,선발,0.44,3.13,3.89,63.1,13,10
1986,박철순,O,#15326f,스윙,0.44,3.54,2.91,53.1,29,7
1986,하기룡,M,#1552f8,선발,0.31,4.11,3.31,100.2,24,13
1986,전용권,삼,#0061aa,스윙,0.3,3.77,3.75,28.2,8,1
1986,황규봉,삼,#0061aa,스윙,0.27,3.96,4.08,50.0,10,8
1986,오명록,롯,#888888,스윙,0.25,3.91,2.39,71.1,52,8
1986,송진호,삼,#0061aa,불펜,0.22,3.29,5.48,13.2,2,0
1986,박상열,O,#15326f,스윙,0.19,3.92,3.94,64.1,15,7
1986,강만식,해,#ff0c00,선발,0.08,4.33,3.68,72.2,24,14
1986,성낙수,빙,#ed1c24,스윙,0.08,4.04,2.72,42.1,20,4
1986,기세봉,O,#15326f,불펜,0.06,0.0,2.32,1.0,0,0
1986,김대현,해,#ff0c00,스윙,0.06,4.36,3.54,53.2,20,2
1986,김훈기,삼,#0061aa,스윙,0.06,3.38,3.17,8.0,1,1
1986,감사용,O,#15326f,불펜,0.04,3.0,5.46,3.0,1,0
1986,박동경,삼,#0061aa,불펜,0.04,3.38,2.77,2.2,2,0
1986,이길환,M,#1552f8,스윙,0.02,4.5,2.75,10.0,2,1
1986,박형열,O,#15326f,불펜,0.02,3.38,3.49,2.2,0,0
1986,김재열,빙,#ed1c24,스윙,-0.04,3.41,3.94,89.2,24,8
1986,김성한,해,#ff0c00,스윙,-0.08,9.0,5.42,3.0,0,1
1986,신태순,해,#ff0c00,불펜,-0.1,20.25,4.65,1.1,0,0
1986,민문식,빙,#ed1c24,스윙,-0.1,5.06,5.32,16.0,5,4
1986,천성호,청,#005284,스윙,-0.11,7.11,4.88,6.1,2,2
1986,김진욱,O,#15326f,스윙,-0.13,4.08,3.28,81.2,41,7
1986,이우상,청,#005284,불펜,-0.13,5.79,5.45,9.1,3,0
1986,오문현,빙,#ed1c24,스윙,-0.14,15.0,11.29,3.0,0,2
1986,김준희,삼,#0061aa,불펜,-0.16,5.93,2.86,13.2,7,0
1986,황기선,O,#15326f,스윙,-0.16,4.44,4.36,24.1,6,1
1986,신태중,청,#005284,스윙,-0.17,4.74,3.48,24.2,7,1
1986,조병천,청,#005284,스윙,-0.19,4.66,2.9,94.2,48,9
1986,김용남,해,#ff0c00,스윙,-0.2,4.7,1.81,30.2,22,2
1986,임재준,빙,#ed1c24,스윙,-0.2,5.27,4.81,27.1,15,1
1986,김상기,청,#005284,스윙,-0.21,7.11,5.86,6.1,2,1
1986,이선희,M,#1552f8,스윙,-0.21,5.09,2.68,17.2,12,2
1986,김정수,청,#005284,불펜,-0.23,6.14,5.38,7.1,2,0
1986,안창완,롯,#888888,불펜,-0.24,6.75,9.54,6.2,0,0
1986,김재현,청,#005284,스윙,-0.26,20.77,6.78,4.1,2,2
1986,정선두,청,#005284,스윙,-0.33,3.51,4.51,25.2,3,2
1986,강상진,해,#ff0c00,불펜,-0.33,5.16,4.16,22.2,9,0
1986,정삼흠,M,#1552f8,선발,-0.33,4.61,4.18,52.2,21,12
1986,강철원,청,#005284,스윙,-0.33,9.0,6.74,12.0,3,3
1986,예병준,M,#1552f8,불펜,-0.34,8.18,2.77,11.0,3,0
1986,최상주,해,#ff0c00,불펜,-0.34,9.82,6.73,7.1,3,0
1986,이충우,롯,#888888,스윙,-0.36,9.9,5.44,10.0,2,1
1986,권기홍,삼,#0061aa,스윙,-0.42,9.24,6.86,12.2,7,2
1986,조호표,빙,#ed1c24,불펜,-0.44,18.0,11.35,7.0,1,0
1986,신동수,해,#ff0c00,스윙,-0.53,8.53,3.21,19.0,9,3
1986,노상수,롯,#888888,선발,-0.53,5.66,5.14,49.1,16,10
1986,천창호,빙,#ed1c24,스윙,-0.77,5.35,4.52,38.2,17,4
1986,장명부,빙,#ed1c24,선발,-0.92,4.98,3.91,108.1,48,17
1986,정성만,청,#005284,선발,-0.95,6.23,3.77,47.2,20,10
1986,정은배,청,#005284,선발,-1.02,4.53,3.75,105.1,41,11
1987,선동열,해,#ff0c00,선발,8.05,0.89,1.56,162.0,144,11
1987,이상군,빙,#ed1c24,선발,6.95,2.55,3.23,246.2,85,27
1987,한희민,빙,#ed1c24,선발,6.42,2.36,2.39,206.0,116,22
1987,윤학길,롯,#888888,선발,5.41,2.57,2.82,200.0,84,20
1987,최동원,롯,#888888,선발,5.37,2.81,2.11,224.0,163,22
1987,김시진,삼,#0061aa,선발,4.76,3.12,3.43,193.1,113,27
1987,김용수,M,#1552f8,스윙,4.56,1.98,2.69,141.0,71,1
1987,정삼흠,M,#1552f8,선발,4.17,2.86,3.44,195.1,85,18
1987,장호연,O,#15326f,선발,4.01,2.82,3.16,188.1,73,21
1987,김건우,M,#1552f8,선발,3.85,2.64,3.23,163.1,56,23
1987,김진욱,O,#15326f,선발,3.72,2.57,2.79,150.1,82,12
1987,최일언,O,#15326f,선발,3.66,2.56,3.4,154.2,70,19
1987,양상문,청,#005284,선발,3.49,3.1,3.74,209.1,84,23
1987,진동한,삼,#0061aa,선발,3.36,2.81,3.93,144.0,34,20
1987,양일환,삼,#0061aa,스윙,3.23,1.88,3.68,86.0,35,9
1987,김대현,해,#ff0c00,선발,3.21,2.78,4.0,142.1,51,12
1987,권영호,삼,#0061aa,스윙,2.88,2.41,3.85,89.2,28,2
1987,문희수,해,#ff0c00,선발,2.82,2.14,3.25,109.1,37,13
1987,계형철,O,#15326f,선발,2.45,2.61,3.72,148.1,53,24
1987,성준,삼,#0061aa,선발,2.36,3.55,4.39,109.0,32,14
1987,차동철,해,#ff0c00,선발,2.36,3.16,3.34,159.2,49,23
1987,신동수,해,#ff0c00,선발,2.32,3.03,3.58,127.2,67,14
1987,임호균,청,#005284,선발,2.09,3.78,4.07,173.2,38,21
1987,오명록,롯,#888888,스윙,1.99,2.93,2.88,76.2,41,8
1987,천창호,빙,#ed1c24,스윙,1.9,3.51,4.12,97.1,26,7
1987,유종겸,M,#1552f8,선발,1.86,2.24,3.69,88.1,35,14
1987,김정행,롯,#888888,선발,1.53,3.62,3.2,102.0,46,17
1987,김신부,청,#005284,선발,1.2,4.04,3.48,113.2,33,16
1987,박동수,롯,#888888,선발,1.07,4.24,3.17,140.0,71,14
1987,이문한,롯,#888888,스윙,1.07,2.75,4.23,36.0,16,5
1987,윤석환,O,#15326f,선발,0.83,3.94,3.44,105.0,41,13
1987,김훈기,삼,#0061aa,스윙,0.75,4.02,4.41,80.2,22,6
1987,김대중,빙,#ed1c24,스윙,0.7,4.16,3.93,75.2,31,9
1987,박철순,O,#15326f,스윙,0.7,2.25,2.71,24.0,11,3
1987,노상수,롯,#888888,스윙,0.69,4.23,3.83,66.0,25,8
1987,배경환,청,#005284,선발,0.69,3.7,3.52,104.2,30,11
1987,김성길,삼,#0061aa,스윙,0.59,3.19,3.32,31.0,13,1
1987,김용남,빙,#ed1c24,선발,0.56,4.72,3.47,87.2,37,12
1987,하기룡,M,#1552f8,스윙,0.52,4.11,4.34,57.0,16,6
1987,장태수,삼,#0061aa,스윙,0.5,4.66,3.81,63.2,16,4
1987,안창완,롯,#888888,스윙,0.41,4.21,3.8,51.1,29,4
1987,오영일,M,#1552f8,선발,0.41,4.27,4.07,143.1,41,23
1987,이충우,롯,#888888,불펜,0.35,3.05,2.93,20.2,9,0
1987,김종석,롯,#888888,스윙,0.32,4.22,4.12,42.2,16,7
1987,김기태,삼,#0061aa,선발,0.26,4.74,4.28,95.0,46,15
1987,박동경,삼,#0061aa,스윙,0.14,5.16,4.43,29.2,10,4
1987,조병천,청,#005284,스윙,0.11,4.71,3.6,78.1,38,6
1987,박상열,O,#15326f,스윙,0.08,3.84,4.0,58.2,15,8
1987,송유석,해,#ff0c00,스윙,0.06,2.87,5.56,15.2,4,1
1987,김재열,빙,#ed1c24,스윙,0.03,4.58,5.37,39.1,10,4
1987,민문식,빙,#ed1c24,불펜,0.02,3.18,5.11,5.2,3,0
1987,최진영,삼,#0061aa,스윙,0.02,4.5,5.8,2.0,0,1
1987,김연철,빙,#ed1c24,스윙,0.02,4.96,4.02,74.1,19,9
1987,전용권,삼,#0061aa,불펜,-0.03,81.0,38.4,0.1,0,0
1987,이길환,M,#1552f8,스윙,-0.03,4.42,3.81,73.1,20,9
1987,한오종,O,#15326f,불펜,-0.03,5.4,7.06,5.0,1,0
1987,김상기,청,#005284,불펜,-0.05,7.71,5.35,2.1,0,0
1987,이척기,삼,#0061aa,불펜,-0.05,9.0,1.45,2.0,1,0
1987,박형열,O,#15326f,불펜,-0.07,27.0,30.2,1.0,1,0
1987,예병준,M,#1552f8,스윙,-0.09,3.86,3.46,39.2,11,5
1987,황기선,O,#15326f,불펜,-0.09,0.0,-0.3,1.2,2,0
1987,오문현,빙,#ed1c24,스윙,-0.1,18.0,10.45,2.0,0,1
1987,김경남,O,#15326f,불펜,-0.1,7.2,4.08,5.0,2,0
1987,강만식,빙,#ed1c24,스윙,-0.12,6.11,5.9,28.0,4,5
1987,김봉근,청,#005284,선발,-0.14,4.87,3.85,135.0,41,17
1987,이선희,M,#1552f8,스윙,-0.14,5.4,3.98,38.1,21,7
1987,박노준,O,#15326f,스윙,-0.17,6.19,6.58,16.0,8,1
1987,정선두,청,#005284,불펜,-0.19,7.45,3.46,9.2,2,0
1987,김강익,O,#15326f,스윙,-0.19,5.11,6.1,37.0,4,3
1987,이상윤,해,#ff0c00,선발,-0.2,4.93,3.68,42.0,13,12
1987,이상훈,청,#005284,불펜,-0.21,10.5,3.2,6.0,5,0
1987,최상주,해,#ff0c00,불펜,-0.23,11.81,4.44,5.1,0,0
1987,김정수,해,#ff0c00,선발,-0.25,4.37,3.22,80.1,78,14
1987,임재준,빙,#ed1c24,스윙,-0.26,10.13,7.6,8.0,5,2
1987,최창호,청,#005284,스윙,-0.28,7.56,4.22,16.2,7,1
1987,김준희,삼,#0061aa,스윙,-0.3,14.14,5.35,7.0,0,1
1987,정은배,청,#005284,스윙,-0.32,5.19,3.29,60.2,27,5
1987,정성만,롯,#888888,스윙,-0.37,6.61,5.25,16.1,4,3
1987,방수원,해,#ff0c00,불펜,-0.43,4.25,3.04,65.2,29,0
1987,황태환,O,#15326f,스윙,-0.45,5.48,3.97,65.2,20,4
1987,권기홍,삼,#0061aa,스윙,-0.49,7.01,4.81,25.2,10,4
1987,조도연,해,#ff0c00,스윙,-0.54,7.33,5.23,27.0,9,5
1987,손문곤,빙,#ed1c24,스윙,-0.58,6.93,4.66,49.1,22,5
1987,이진우,청,#005284,스윙,-0.64,6.6,4.74,30.0,17,6
1987,이동수,청,#005284,스윙,-0.64,12.38,5.35,16.0,6,2
1987,강상진,해,#ff0c00,스윙,-0.65,6.4,4.85,45.0,13,3
1987,이동석,빙,#ed1c24,스윙,-0.74,6.37,6.14,35.1,6,5
1987,김태원,M,#1552f8,스윙,-0.89,8.44,3.35,32.0,16,2
1988,선동열,해,#ff0c00,선발,9.01,1.21,0.96,178.1,200,12
1988,윤학길,롯,#888888,선발,5.57,3.15,2.73,234.0,123,25
1988,이상군,빙,#ed1c24,스윙,4.87,2.4,3.11,135.0,47,8
1988,한희민,빙,#ed1c24,선발,4.66,3.11,3.47,188.0,103,20
1988,김성길,삼,#0061aa,선발,4.61,2.8,3.29,151.1,62,15
1988,윤석환,O,#15326f,스윙,3.67,2.08,3.27,108.0,53,1
1988,최일언,O,#15326f,선발,3.67,2.18,3.17,115.2,50,13
1988,방수원,해,#ff0c00,스윙,3.46,1.69,3.19,80.0,23,2
1988,성준,삼,#0061aa,선발,3.41,3.33,4.61,159.2,59,21
1988,김훈기,삼,#0061aa,선발,3.11,2.75,3.21,118.0,50,10
1988,김진욱,O,#15326f,선발,2.96,3.1,3.17,139.1,73,14
1988,김시진,삼,#0061aa,선발,2.93,3.49,4.13,144.1,67,19
1988,최동원,롯,#888888,스윙,2.85,2.05,1.73,83.1,83,4
1988,이상윤,해,#ff0c00,선발,2.76,2.89,3.86,137.0,55,22
1988,신동수,해,#ff0c00,선발,2.58,2.43,3.24,81.1,40,11
1988,문희수,해,#ff0c00,선발,2.23,3.02,3.48,110.1,55,13
1988,이용철,M,#1552f8,선발,2.21,2.81,3.78,144.1,46,19
1988,조병천,태,#224433,선발,2.15,3.94,3.63,128.0,40,15
1988,김대중,빙,#ed1c24,선발,2.07,3.86,4.15,119.0,36,18
1988,오영일,M,#1552f8,선발,2.04,3.48,3.43,176.0,64,21
1988,차동철,해,#ff0c00,선발,2.03,3.34,3.58,145.2,45,15
1988,김홍명,빙,#ed1c24,선발,2.03,4.27,3.89,151.2,61,22
1988,양상문,태,#224433,선발,1.8,3.83,3.7,169.1,68,23
1988,이문한,롯,#888888,스윙,1.65,2.68,3.72,57.0,26,4
1988,신완근,태,#224433,스윙,1.62,3.95,3.25,139.0,73,4
1988,계형철,O,#15326f,선발,1.6,3.75,4.03,129.2,48,18
1988,김정행,롯,#888888,선발,1.48,3.64,4.19,94.0,29,15
1988,김신부,태,#224433,선발,1.48,3.87,3.84,123.1,38,17
1988,김정수,해,#ff0c00,스윙,1.46,2.48,3.58,54.1,23,9
1988,이동석,빙,#ed1c24,선발,1.37,3.67,3.31,76.0,27,10
1988,권영호,삼,#0061aa,스윙,1.35,3.73,4.33,72.1,24,4
1988,한오종,O,#15326f,선발,1.29,3.81,4.04,115.2,60,19
1988,박동수,롯,#888888,선발,1.14,3.62,3.04,114.1,59,13
1988,김대현,해,#ff0c00,선발,1.11,4.54,4.46,136.2,47,19
1988,서정용,롯,#888888,스윙,1.1,3.06,4.51,47.0,16,5
1988,이길환,M,#1552f8,선발,1.09,3.53,4.24,122.1,28,15
1988,한용덕,빙,#ed1c24,스윙,1.07,3.1,6.08,40.2,16,4
1988,김용남,빙,#ed1c24,선발,1.05,4.11,3.53,122.2,41,16
1988,문병권,M,#1552f8,스윙,0.94,3.72,3.66,65.1,26,8
1988,장호연,O,#15326f,선발,0.86,3.95,4.02,146.0,46,21
1988,천창호,빙,#ed1c24,불펜,0.76,2.49,2.14,21.2,18,0
1988,김일부,태,#224433,스윙,0.74,4.38,4.85,72.0,39,7
1988,안창완,롯,#888888,스윙,0.71,4.33,3.66,62.1,26,3
1988,오명록,롯,#888888,선발,0.67,3.7,4.11,90.0,43,14
1988,김용수,M,#1552f8,스윙,0.66,4.47,3.18,98.2,51,3
1988,예병준,M,#1552f8,스윙,0.66,3.93,4.21,50.1,14,6
1988,진동한,삼,#0061aa,스윙,0.63,4.64,4.07,54.1,10,9
1988,유종겸,M,#1552f8,선발,0.63,4.13,4.47,109.0,45,13
1988,이국성,M,#1552f8,스윙,0.56,4.2,4.61,55.2,30,3
1988,노상수,롯,#888888,선발,0.51,4.73,3.8,104.2,41,14
1988,이상훈,O,#15326f,스윙,0.37,4.5,4.43,84.0,29,7
1988,송유석,해,#ff0c00,스윙,0.34,3.52,3.23,15.1,5,1
1988,이상구,태,#224433,스윙,0.27,5.07,2.98,87.0,49,3
1988,임재준,빙,#ed1c24,불펜,0.27,0.0,1.47,3.2,2,0
1988,지성규,빙,#ed1c24,스윙,0.26,3.95,4.79,13.2,4,1
1988,조도연,해,#ff0c00,스윙,0.19,3.72,5.52,9.2,2,2
1988,전용권,삼,#0061aa,스윙,0.15,5.09,5.57,46.0,8,5
1988,김응국,롯,#888888,스윙,0.11,5.03,5.04,19.2,6,1
1988,이동수,태,#224433,불펜,0.11,1.8,4.81,5.0,1,0
1988,강만식,빙,#ed1c24,불펜,0.1,0.0,7.48,1.1,0,0
1988,이척기,빙,#ed1c24,불펜,0.04,3.86,1.76,2.1,1,0
1988,김봉근,태,#224433,선발,0.02,5.09,4.19,93.2,25,17
1988,김강익,O,#15326f,스윙,0.0,5.28,6.46,15.1,3,2
1988,이현택,삼,#0061aa,스윙,-0.01,6.0,3.92,9.0,6,1
1988,김종석,롯,#888888,선발,-0.01,4.75,4.02,55.0,23,10
1988,장정순,빙,#ed1c24,스윙,-0.01,5.01,4.79,32.1,16,1
1988,최진영,삼,#0061aa,불펜,-0.02,3.38,3.06,2.2,1,0
1988,박동경,삼,#0061aa,스윙,-0.04,5.26,5.95,37.2,8,4
1988,김재열,빙,#ed1c24,불펜,-0.07,36.0,5.93,1.0,0,0
1988,강상진,해,#ff0c00,불펜,-0.07,27.0,18.33,1.0,0,0
1988,안성수,빙,#ed1c24,스윙,-0.08,13.5,5.93,2.0,0,1
1988,최창호,태,#224433,스윙,-0.1,8.1,5.35,6.2,3,1
1988,김연철,빙,#ed1c24,불펜,-0.11,6.43,5.52,7.0,2,0
1988,권기홍,삼,#0061aa,불펜,-0.11,15.43,13.03,2.1,0,0
1988,구명근,롯,#888888,불펜,-0.12,9.0,5.95,5.0,1,0
1988,이충우,롯,#888888,불펜,-0.16,18.0,8.03,3.0,1,0
1988,박노준,O,#15326f,스윙,-0.16,18.0,4.07,3.0,1,1
1988,정윤수,삼,#0061aa,스윙,-0.2,7.06,4.9,21.2,10,3
1988,임호균,태,#224433,스윙,-0.24,7.07,5.18,14.0,4,4
1988,하창우,O,#15326f,스윙,-0.24,6.61,4.01,16.1,2,3
1988,손문곤,빙,#ed1c24,스윙,-0.28,5.67,3.44,54.0,20,7
1988,박상범,태,#224433,스윙,-0.3,7.09,3.42,33.0,20,4
1988,박정현,태,#224433,스윙,-0.3,7.71,5.97,18.2,8,2
1988,장태수,삼,#0061aa,스윙,-0.31,5.97,5.53,37.2,7,5
1988,배경환,태,#224433,선발,-0.39,6.71,5.38,52.1,18,11
1988,정용생,삼,#0061aa,스윙,-0.44,7.71,5.25,28.0,7,3
1988,최상주,해,#ff0c00,스윙,-0.44,7.11,7.71,19.0,6,2
1988,박상열,O,#15326f,스윙,-0.48,5.59,6.28,46.2,12,6
1988,홍성연,삼,#0061aa,스윙,-0.53,6.66,4.01,52.2,12,5
1988,양일환,삼,#0061aa,스윙,-0.64,8.9,6.03,29.1,10,4
1988,황태환,O,#15326f,스윙,-0.64,6.52,5.33,49.2,11,3
1988,정삼흠,M,#1552f8,선발,-0.94,5.67,5.39,139.2,43,20
1989,박정현,태,#224433,선발,8.34,2.15,3.01,242.2,116,25
1989,선동열,해,#ff0c00,선발,8.27,1.17,1.12,169.0,198,12
1989,김성길,삼,#0061aa,선발,7.53,2.81,3.45,233.2,98,29
1989,최창호,태,#224433,선발,6.91,2.22,2.66,223.1,191,29
1989,한희민,빙,#ed1c24,선발,6.35,2.5,3.95,176.2,74,20
1989,윤학길,롯,#888888,선발,6.14,2.7,2.93,250.0,141,30
1989,김청수,롯,#888888,선발,4.65,3.38,2.9,210.1,114,16
1989,이상군,빙,#ed1c24,선발,4.62,2.57,3.16,140.1,74,15
1989,송진우,빙,#ed1c24,선발,4.38,2.81,3.55,156.2,97,12
1989,이강철,해,#ff0c00,선발,4.29,3.23,3.23,195.1,138,27
1989,조계현,해,#ff0c00,선발,4.03,2.84,3.01,174.0,97,19
1989,양상문,태,#224433,선발,3.44,3.28,3.81,161.2,91,15
1989,김락기,빙,#ed1c24,선발,3.28,2.67,4.06,108.0,38,12
1989,구동우,O,#15326f,스윙,3.18,2.48,3.57,105.1,46,9
1989,김진욱,O,#15326f,선발,2.89,3.35,3.28,158.1,95,22
1989,김태원,M,#1552f8,선발,2.83,2.83,2.99,98.2,68,16
1989,장호연,O,#15326f,선발,2.69,3.47,3.82,171.0,72,23
1989,유명선,삼,#0061aa,선발,2.67,3.85,3.49,170.2,102,25
1989,신동수,해,#ff0c00,선발,2.59,3.41,3.41,153.0,92,20
1989,서정용,롯,#888888,선발,2.07,2.67,3.85,87.2,28,11
1989,정명원,태,#224433,선발,2.05,2.45,2.98,139.1,68,18
1989,서호진,롯,#888888,스윙,1.82,3.75,3.53,117.2,45,5
1989,한용덕,빙,#ed1c24,스윙,1.79,3.22,3.28,67.0,47,5
1989,김용수,M,#1552f8,스윙,1.6,3.19,2.71,104.1,51,1
1989,권영호,삼,#0061aa,스윙,1.57,3.63,3.94,86.2,41,3
1989,김홍명,빙,#ed1c24,선발,1.57,4.01,3.64,125.2,78,20
1989,김시진,롯,#888888,선발,1.52,3.87,4.32,111.2,55,16
1989,김정수,해,#ff0c00,스윙,1.46,2.67,2.53,54.0,39,7
1989,성준,삼,#0061aa,스윙,1.46,3.39,4.28,58.1,14,7
1989,김진규,O,#15326f,스윙,1.41,3.18,3.82,87.2,60,4
1989,장정순,빙,#ed1c24,스윙,1.37,3.16,2.76,51.1,36,2
1989,정삼흠,M,#1552f8,선발,1.27,3.67,4.32,100.2,37,10
1989,박은진,태,#224433,스윙,1.23,3.34,3.64,59.1,31,3
1989,김대중,빙,#ed1c24,선발,1.19,3.76,3.89,93.1,41,17
1989,문희수,해,#ff0c00,선발,1.19,3.93,4.03,121.1,59,14
1989,유종겸,M,#1552f8,선발,1.14,3.44,4.22,102.0,38,13
1989,계형철,O,#15326f,선발,1.05,3.59,3.73,87.2,38,14
1989,오명록,삼,#0061aa,스윙,0.9,4.05,4.73,53.1,28,3
1989,한명수,M,#1552f8,스윙,0.86,0.56,3.71,16.0,1,1
1989,김훈기,삼,#0061aa,스윙,0.81,4.14,4.59,50.0,14,7
1989,최동원,삼,#0061aa,스윙,0.73,2.1,4.91,30.0,9,4
1989,김동현,O,#15326f,스윙,0.69,3.84,3.57,72.2,32,2
1989,김형균,O,#15326f,스윙,0.68,3.77,4.63,43.0,14,5
1989,이재홍,M,#1552f8,스윙,0.59,3.0,3.24,27.0,12,3
1989,이진,O,#15326f,스윙,0.56,4.27,3.73,97.0,81,9
1989,신완근,태,#224433,스윙,0.56,3.66,3.98,46.2,14,2
1989,이문한,삼,#0061aa,스윙,0.55,4.42,4.97,57.0,31,4
1989,김건우,M,#1552f8,스윙,0.53,3.76,3.8,38.1,13,3
1989,이광우,해,#ff0c00,스윙,0.49,4.52,4.43,75.2,22,8
1989,허정욱,태,#224433,불펜,0.45,1.04,4.18,8.2,3,0
1989,최일언,O,#15326f,선발,0.41,4.29,3.95,136.1,62,22
1989,홍성연,삼,#0061aa,선발,0.37,5.15,4.85,92.2,32,11
1989,이국성,M,#1552f8,선발,0.32,4.51,3.61,121.2,71,10
1989,윤석환,O,#15326f,스윙,0.3,4.67,5.66,54.0,12,6
1989,박동수,롯,#888888,선발,0.3,4.67,4.47,69.1,33,12
1989,김강익,O,#15326f,불펜,0.24,1.59,2.67,5.2,3,0
1989,진정필,빙,#ed1c24,스윙,0.24,5.49,5.01,59.0,23,5
1989,이상번,롯,#888888,스윙,0.2,4.82,4.47,71.0,27,8
1989,차동철,해,#ff0c00,스윙,0.18,4.27,4.18,40.0,8,6
1989,방수원,해,#ff0c00,스윙,0.16,4.73,4.79,53.1,19,2
1989,조진구,O,#15326f,스윙,0.16,4.34,4.7,18.2,6,1
1989,임호균,태,#224433,스윙,0.16,2.4,3.35,15.0,6,1
1989,최준호,M,#1552f8,불펜,0.12,2.89,5.42,9.1,3,0
1989,김상엽,삼,#0061aa,스윙,0.09,4.4,5.31,57.1,31,8
1989,강규성,O,#15326f,불펜,0.08,3.86,6.46,7.0,1,0
1989,이현택,삼,#0061aa,불펜,0.07,0.0,2.9,1.0,0,0
1989,황태환,O,#15326f,불펜,0.07,0.0,3.5,1.0,1,0
1989,하창우,O,#15326f,불펜,0.07,3.0,4.33,3.0,2,0
1989,문병권,M,#1552f8,스윙,0.05,4.33,3.26,52.0,16,4
1989,이척기,빙,#ed1c24,불펜,0.04,2.25,3.05,4.0,1,0
1989,김기범,M,#1552f8,선발,0.04,4.69,4.27,103.2,42,15
1989,홍길남,O,#15326f,불펜,0.04,4.15,6.64,4.1,2,0
1989,박정은,삼,#0061aa,불펜,0.02,0.0,1.65,2.0,1,0
1989,윤동배,롯,#888888,스윙,0.02,5.4,3.2,8.1,5,1
1989,정동해,해,#ff0c00,스윙,-0.01,99.99,0.0,0.0,0,1
1989,조도연,태,#224433,불펜,-0.02,27.0,21.5,0.1,0,0
1989,안창완,롯,#888888,스윙,-0.02,5.5,5.07,37.2,21,7
1989,김응국,롯,#888888,불펜,-0.03,6.75,7.36,2.2,0,0
1989,임재준,빙,#ed1c24,불펜,-0.04,0.0,3.05,4.0,1,0
1989,이은승,빙,#ed1c24,불펜,-0.06,40.5,8.45,0.2,1,0
1989,지성규,빙,#ed1c24,스윙,-0.06,2.89,3.63,9.1,1,1
1989,정명진,태,#224433,불펜,-0.07,27.0,3.5,1.0,1,0
1989,송유석,해,#ff0c00,스윙,-0.07,5.94,3.69,16.2,8,1
1989,손창현,빙,#ed1c24,불펜,-0.08,6.75,3.12,2.2,1,0
1989,이상윤,해,#ff0c00,스윙,-0.08,16.2,5.12,1.2,1,1
1989,김봉근,태,#224433,불펜,-0.09,6.0,4.83,9.0,4,0
1989,유창균,해,#ff0c00,불펜,-0.09,13.5,7.6,2.0,1,0
1989,정종헌,롯,#888888,불펜,-0.11,18.0,16.35,2.0,0,0
1989,박상범,태,#224433,스윙,-0.11,4.91,5.14,14.2,4,3
1989,조병천,태,#224433,스윙,-0.11,4.71,2.66,28.2,15,2
1989,배경환,태,#224433,스윙,-0.12,5.0,3.38,9.0,2,1
1989,박철순,O,#15326f,스윙,-0.13,4.96,3.19,16.1,14,1
1989,강만식,삼,#0061aa,스윙,-0.13,7.94,5.48,11.1,4,1
1989,유해덕,빙,#ed1c24,불펜,-0.14,13.5,6.62,3.1,0,0
1989,이상구,태,#224433,불펜,-0.14,3.6,3.64,5.0,1,0
1989,하기룡,M,#1552f8,불펜,-0.15,5.79,5.68,4.2,1,0
1989,박용준,삼,#0061aa,스윙,-0.16,9.0,6.09,8.0,2,1
1989,노민승,태,#224433,스윙,-0.17,7.71,5.97,9.1,3,2
1989,장태수,롯,#888888,스윙,-0.18,5.79,5.3,32.2,10,5
1989,한오종,O,#15326f,스윙,-0.18,18.9,9.62,3.1,2,2
1989,천창호,태,#224433,불펜,-0.21,4.91,3.13,11.0,5,0
1989,이주헌,삼,#0061aa,스윙,-0.25,13.5,7.78,6.0,4,1
1989,김신부,태,#224433,선발,-0.29,4.31,4.54,96.0,31,16
1989,전용권,롯,#888888,스윙,-0.3,9.24,4.87,12.2,1,1
1989,손문곤,빙,#ed1c24,불펜,-0.32,14.29,7.84,5.2,1,0
1989,정은배,태,#224433,스윙,-0.36,9.82,5.04,11.0,3,3
1989,김덕근,M,#1552f8,스윙,-0.47,5.61,3.97,43.1,28,3
1989,송광훈,삼,#0061aa,스윙,-0.47,10.59,3.98,17.0,15,1
1989,이길환,M,#1552f8,스윙,-0.51,5.56,4.22,43.2,10,9
1989,구명근,롯,#888888,스윙,-0.51,6.39,3.28,25.1,17,1
1989,강태원,해,#ff0c00,스윙,-0.51,8.74,5.05,22.2,13,2
1989,이동석,빙,#ed1c24,선발,-0.55,6.39,4.67,69.0,23,11
1989,노상수,롯,#888888,스윙,-0.56,7.3,3.96,37.0,11,7
1989,오영일,M,#1552f8,스윙,-0.65,6.49,4.02,43.0,15,9
1989,예병준,M,#1552f8,스윙,-0.68,6.86,6.52,40.2,10,5
1989,정윤수,삼,#0061aa,스윙,-0.7,7.34,4.71,38.0,20,1
1989,이용철,M,#1552f8,선발,-0.79,5.44,4.64,120.2,35,18
1989,양일환,삼,#0061aa,스윙,-0.85,6.84,5.05,51.1,13,9
1989,진동한,삼,#0061aa,스윙,-1.03,8.52,5.9,43.1,11,5
1990,선동열,해,#ff0c00,선발,9.5,1.13,1.36,190.1,189,16
1990,이강철,해,#ff0c00,선발,5.78,3.14,3.54,220.2,165,25
1990,송진우,빙,#ed1c24,스윙,5.78,1.82,2.21,128.1,102,1
1990,김태원,L,#fc1cad,선발,5.61,2.51,2.71,193.1,127,27
1990,김용수,L,#fc1cad,선발,5.59,2.04,2.01,149.2,119,13
1990,한용덕,빙,#ed1c24,선발,5.45,2.53,3.09,171.0,100,21
1990,박정현,태,#224433,선발,5.25,2.63,3.37,191.2,66,21
1990,정삼흠,L,#fc1cad,스윙,4.63,2.78,2.97,168.1,86,3
1990,김상엽,삼,#0061aa,선발,4.29,2.81,3.67,160.1,110,12
1990,조계현,해,#ff0c00,선발,4.12,3.28,2.97,178.1,130,26
1990,박은진,태,#224433,스윙,3.75,2.03,3.21,102.0,42,5
1990,박동희,롯,#888888,선발,3.73,3.04,3.02,145.0,146,12
1990,최창호,태,#224433,선발,3.36,3.2,3.11,196.2,158,27
1990,김성길,삼,#0061aa,선발,2.87,3.79,4.67,166.1,51,28
1990,구동우,O,#15326f,선발,2.71,3.43,3.7,155.0,56,20
1990,양상문,태,#224433,선발,2.66,3.22,3.59,162.1,68,21
1990,장정순,빙,#ed1c24,스윙,2.49,2.14,3.48,59.0,45,3
1990,문병권,L,#fc1cad,선발,2.48,3.72,3.44,138.0,45,22
1990,이태일,삼,#0061aa,선발,2.44,3.5,3.41,113.0,45,16
1990,김청수,롯,#888888,선발,2.38,3.82,3.77,146.0,53,21
1990,이상군,빙,#ed1c24,선발,2.19,3.13,3.57,86.1,30,14
1990,김시진,롯,#888888,선발,2.13,4.04,3.87,151.1,67,26
1990,김정수,해,#ff0c00,선발,2.06,2.93,4.28,104.1,50,18
1990,신동수,해,#ff0c00,선발,2.02,4.09,4.06,143.0,56,20
1990,김홍명,빙,#ed1c24,선발,1.96,3.38,3.95,112.0,49,20
1990,김대중,빙,#ed1c24,선발,1.92,3.76,4.01,146.0,68,20
1990,이국성,L,#fc1cad,선발,1.86,3.49,3.48,90.1,46,11
1990,한희민,빙,#ed1c24,선발,1.86,4.13,4.62,157.0,63,20
1990,송유석,해,#ff0c00,스윙,1.6,3.77,3.31,98.0,62,2
1990,유명선,삼,#0061aa,선발,1.49,4.53,4.78,147.0,78,20
1990,조병천,태,#224433,선발,1.43,3.99,3.81,99.1,36,18
1990,윤학길,롯,#888888,선발,1.39,4.07,3.48,143.2,64,21
1990,성준,삼,#0061aa,스윙,1.35,2.25,3.32,36.0,19,4
1990,김기범,L,#fc1cad,스윙,1.34,2.81,4.17,64.0,27,9
1990,정윤수,삼,#0061aa,스윙,1.29,3.91,4.18,129.0,71,6
1990,서호진,롯,#888888,스윙,1.11,3.92,4.38,87.1,33,2
1990,박형열,O,#15326f,스윙,0.83,3.79,4.2,76.0,28,5
1990,이동석,빙,#ed1c24,스윙,0.83,2.91,4.08,43.1,21,2
1990,이상번,롯,#888888,스윙,0.77,1.69,1.91,16.0,11,1
1990,허정욱,태,#224433,스윙,0.77,3.29,3.65,65.2,43,3
1990,김력,태,#224433,스윙,0.75,1.29,2.63,14.0,5,1
1990,이문한,삼,#0061aa,스윙,0.73,3.98,5.84,52.0,11,6
1990,이용철,L,#fc1cad,스윙,0.72,2.48,4.41,32.2,8,5
1990,김동현,O,#15326f,스윙,0.65,4.52,4.9,125.1,61,7
1990,홍성연,삼,#0061aa,스윙,0.59,4.75,4.39,60.2,28,2
1990,문희수,해,#ff0c00,스윙,0.57,2.5,3.54,18.0,5,2
1990,진정필,빙,#ed1c24,스윙,0.5,4.22,4.66,32.0,18,2
1990,김신부,L,#fc1cad,스윙,0.42,4.09,6.02,33.0,6,6
1990,최일언,L,#fc1cad,선발,0.39,4.62,5.25,48.2,24,10
1990,손병희,O,#15326f,불펜,0.37,1.93,4.71,9.1,3,0
1990,박철순,O,#15326f,선발,0.37,4.78,3.38,96.0,58,16
1990,노상수,롯,#888888,스윙,0.34,4.03,3.58,29.0,10,2
1990,배경환,태,#224433,불펜,0.32,3.52,4.19,15.1,4,0
1990,서정용,롯,#888888,스윙,0.3,4.5,4.5,22.0,5,2
1990,안창완,롯,#888888,스윙,0.27,4.94,5.23,31.0,7,3
1990,김인철,삼,#0061aa,불펜,0.27,0.0,3.02,3.2,1,0
1990,노민승,태,#224433,불펜,0.26,2.45,1.95,11.0,4,0
1990,장호연,O,#15326f,선발,0.26,4.55,4.43,110.2,34,16
1990,강규성,O,#15326f,스윙,0.26,4.65,4.51,50.1,22,4
1990,김진규,O,#15326f,스윙,0.18,4.18,5.13,56.0,31,2
1990,원근호,빙,#ed1c24,불펜,0.14,2.45,3.7,3.2,0,0
1990,김종석,롯,#888888,스윙,0.13,5.09,5.5,17.2,8,2
1990,김락기,빙,#ed1c24,선발,0.12,5.71,5.25,110.1,54,17
1990,김보선,O,#15326f,스윙,0.11,4.62,4.84,39.0,17,6
1990,조정수,O,#15326f,불펜,0.11,4.85,4.4,29.2,10,0
1990,강대성,해,#ff0c00,스윙,0.1,4.91,4.37,11.0,2,2
1990,차동철,L,#fc1cad,스윙,0.06,5.51,4.49,49.0,7,6
1990,이척기,빙,#ed1c24,불펜,0.05,0.0,3.75,0.2,1,0
1990,임호균,태,#224433,불펜,0.04,4.6,3.6,15.2,4,0
1990,이상목,삼,#0061aa,스윙,0.02,4.7,4.74,23.0,6,1
1990,한명수,L,#fc1cad,스윙,0.01,4.05,6.57,6.2,0,2
1990,조영상,태,#224433,스윙,0.01,4.3,4.16,14.2,6,4
1990,전용권,롯,#888888,스윙,0.01,5.18,4.4,48.2,9,4
1990,박용준,삼,#0061aa,불펜,0.01,4.15,5.27,21.2,7,0
1990,박상범,태,#224433,스윙,0.0,5.59,4.98,38.2,22,4
1990,조웅천,태,#224433,불펜,-0.01,6.0,8.25,3.0,2,0
1990,최동원,삼,#0061aa,선발,-0.03,5.28,5.25,92.0,24,15
1990,이은승,빙,#ed1c24,불펜,-0.03,27.0,74.25,0.1,0,0
1990,정명진,태,#224433,스윙,-0.04,5.66,3.82,55.2,31,9
1990,서정필,해,#ff0c00,불펜,-0.06,8.1,6.57,3.1,0,0
1990,홍길남,O,#15326f,스윙,-0.06,4.75,4.82,36.0,19,1
1990,김도형,롯,#888888,스윙,-0.06,5.87,4.51,23.0,9,1
1990,지성규,빙,#ed1c24,불펜,-0.07,10.13,7.54,2.2,1,0
1990,김종철,L,#fc1cad,불펜,-0.07,6.48,5.84,8.1,7,0
1990,하창우,O,#15326f,불펜,-0.09,11.57,4.7,2.1,2,0
1990,김덕근,L,#fc1cad,불펜,-0.09,4.91,3.24,29.1,19,0
1990,이상훈,O,#0061aa,불펜,-0.09,4.26,4.21,6.1,4,0
1990,정은배,태,#224433,불펜,-0.1,5.87,4.15,7.2,1,0
1990,이상구,롯,#888888,스윙,-0.1,5.09,4.78,17.2,6,1
1990,최태영,해,#ff0c00,불펜,-0.1,12.0,8.05,3.0,1,0
1990,오명록,삼,#0061aa,스윙,-0.11,6.3,6.56,20.0,9,3
1990,최현준,삼,#0061aa,스윙,-0.15,6.92,5.54,13.0,3,1
1990,이효봉,빙,#ed1c24,불펜,-0.18,4.22,6.82,10.2,5,0
1990,박동수,롯,#888888,선발,-0.18,5.89,4.22,65.2,18,10
1990,유종겸,L,#fc1cad,스윙,-0.21,5.96,4.05,22.2,10,1
1990,권영구,O,#15326f,스윙,-0.22,7.2,1.97,5.0,3,1
1990,윤석환,O,#15326f,불펜,-0.23,6.88,3.77,17.0,6,0
1990,신완근,태,#224433,스윙,-0.24,5.93,4.57,30.1,16,3
1990,장태수,롯,#888888,불펜,-0.24,10.38,5.96,8.2,0,0
1990,최향남,해,#ff0c00,스윙,-0.25,15.19,9.98,5.1,3,1
1990,이지환,롯,#888888,스윙,-0.26,8.0,7.5,18.0,4,1
1990,이광우,해,#ff0c00,스윙,-0.27,5.91,4.49,56.1,27,8
1990,김형균,O,#15326f,불펜,-0.3,9.58,6.42,10.1,7,0
1990,예병준,L,#fc1cad,불펜,-0.3,7.94,4.21,11.1,5,0
1990,강민기,롯,#888888,스윙,-0.32,8.16,8.73,14.1,5,2
1990,김건우,L,#fc1cad,스윙,-0.32,6.21,3.95,37.2,13,5
1990,송광훈,삼,#0061aa,스윙,-0.36,9.19,7.14,15.2,5,4
1990,오영일,태,#224433,스윙,-0.38,14.54,4.49,8.2,3,1
1990,계형철,O,#15326f,선발,-0.43,5.42,4.29,114.2,43,23
1990,이상훈,삼,#0061aa,스윙,-0.44,9.56,4.25,16.0,7,2
1990,이길환,태,#224433,스윙,-0.44,7.54,6.3,22.2,5,2
1990,윤동배,롯,#888888,스윙,-0.59,6.03,4.71,77.2,32,9
1990,강태원,해,#ff0c00,불펜,-0.64,7.32,5.46,35.2,11,0
1990,정명원,태,#224433,스윙,-0.67,7.57,4.74,27.1,11,1
1990,이진,O,#15326f,스윙,-0.83,5.4,5.08,38.1,25,5
1990,김진욱,O,#15326f,선발,-1.12,6.66,4.22,78.1,38,14
1990,김창기,롯,#888888,불펜,0.0,0.0,0.0,0.0,0,0
1991,선동열,해,#ff0c00,선발,9.08,1.55,1.38,203.0,210,22
1991,한용덕,빙,#ed1c24,선발,7.56,2.23,2.91,201.2,123,25
1991,조규제,쌍,#ffc81e,스윙,6.88,1.64,2.28,142.1,133,4
1991,최창호,태,#224433,선발,5.98,2.93,3.45,233.1,163,28
1991,신동수,해,#ff0c00,선발,5.77,2.45,3.25,176.2,85,18
1991,박동희,롯,#888888,선발,5.77,2.47,2.91,189.2,152,22
1991,송진우,빙,#ed1c24,선발,5.38,2.78,3.29,184.1,126,17
1991,윤학길,롯,#888888,선발,5.19,3.25,3.18,205.0,99,26
1991,김성길,삼,#0061aa,선발,5.16,3.3,3.74,188.0,94,14
1991,이강철,해,#ff0c00,선발,4.66,3.19,2.8,214.2,193,24
1991,김용수,L,#fc1cad,선발,4.33,2.79,2.64,190.0,129,16
1991,정명원,태,#224433,스윙,3.97,2.32,2.95,132.0,60,5
1991,김태형,롯,#888888,선발,3.86,3.26,3.11,140.2,81,15
1991,성준,삼,#0061aa,선발,3.59,2.97,3.89,148.2,59,24
1991,송유석,해,#ff0c00,스윙,3.57,2.97,3.83,145.2,74,9
1991,유명선,삼,#0061aa,선발,3.41,3.18,4.48,127.1,84,14
1991,장호연,O,#15326f,선발,3.4,2.27,3.45,99.1,37,11
1991,김기범,L,#fc1cad,선발,3.37,2.95,3.2,164.2,104,20
1991,김인권,빙,#ed1c24,선발,3.31,2.95,4.56,143.1,44,17
1991,김청수,롯,#888888,선발,3.31,3.83,4.22,166.2,83,22
1991,김정수,해,#ff0c00,선발,3.15,2.54,3.36,88.2,52,15
1991,조계현,해,#ff0c00,선발,3.13,3.25,3.39,130.1,75,20
1991,박정현,태,#224433,선발,2.83,3.47,4.13,184.0,47,25
1991,장정순,빙,#ed1c24,선발,2.8,2.95,3.57,128.0,76,12
1991,김동현,O,#15326f,선발,2.26,3.67,3.57,154.2,61,20
1991,한희민,빙,#ed1c24,선발,2.25,3.83,4.0,115.0,55,16
1991,문희수,해,#ff0c00,스윙,2.1,2.88,3.87,75.0,46,8
1991,양상문,태,#224433,선발,2.0,3.5,2.96,123.1,80,21
1991,강길용,쌍,#ffc81e,선발,1.93,4.5,4.98,168.0,73,25
1991,김상진,O,#15326f,선발,1.87,3.74,4.16,151.2,65,20
1991,박성기,쌍,#ffc81e,선발,1.86,4.51,4.1,149.2,91,22
1991,김진규,O,#15326f,선발,1.71,4.27,4.3,147.2,78,11
1991,김대중,빙,#ed1c24,선발,1.69,3.34,4.11,105.0,58,15
1991,김원형,쌍,#ffc81e,선발,1.58,4.69,4.4,136.1,75,20
1991,이동석,빙,#ed1c24,스윙,1.53,3.36,4.27,59.0,30,3
1991,박철순,O,#15326f,선발,1.48,3.51,3.81,102.2,55,18
1991,정삼흠,L,#fc1cad,선발,1.46,4.18,3.52,180.2,114,17
1991,이태일,삼,#0061aa,선발,1.44,4.64,4.8,126.0,31,21
1991,김종석,롯,#888888,선발,1.35,3.76,3.96,64.2,29,10
1991,강병규,O,#15326f,스윙,1.33,2.67,4.32,60.2,23,4
1991,박은진,태,#224433,선발,1.18,4.0,3.77,128.1,74,16
1991,진정필,빙,#ed1c24,스윙,1.1,3.76,4.0,83.2,31,6
1991,진동한,쌍,#ffc81e,선발,1.02,5.09,5.32,111.1,45,19
1991,손병희,O,#15326f,스윙,0.97,3.51,5.09,48.2,19,1
1991,최일언,삼,#0061aa,스윙,0.93,4.47,3.84,96.2,56,9
1991,박용준,삼,#0061aa,선발,0.79,4.7,4.75,95.2,27,21
1991,손영철,삼,#0061aa,스윙,0.78,0.64,2.9,14.0,8,1
1991,최현준,삼,#0061aa,불펜,0.75,0.75,3.36,12.0,2,0
1991,김태원,L,#fc1cad,선발,0.72,4.84,3.77,135.2,91,22
1991,김덕근,L,#fc1cad,스윙,0.7,3.0,4.83,42.0,16,3
1991,김형균,O,#15326f,불펜,0.62,3.09,4.55,23.1,12,0
1991,김상엽,삼,#0061aa,선발,0.57,4.62,4.85,99.1,62,11
1991,박진석,쌍,#ffc81e,선발,0.54,4.97,4.44,108.2,37,16
1991,정윤수,삼,#0061aa,스윙,0.51,5.02,3.9,80.2,37,7
1991,구대진,쌍,#ffc81e,불펜,0.44,2.84,5.41,12.2,0,0
1991,김기덕,쌍,#fc1cad,불펜,0.41,4.32,5.29,33.1,6,0
1991,김기완,쌍,#ffc81e,스윙,0.36,3.86,5.46,18.2,6,2
1991,김승남,해,#ff0c00,불펜,0.32,3.81,4.79,28.1,9,0
1991,박동수,롯,#888888,스윙,0.32,4.96,4.0,69.0,38,4
1991,박형열,O,#15326f,스윙,0.31,4.1,3.58,26.1,11,3
1991,배현우,L,#fc1cad,불펜,0.27,2.35,3.55,7.2,7,0
1991,전태건,L,#fc1cad,불펜,0.26,2.77,4.82,13.0,5,0
1991,정은배,태,#224433,스윙,0.23,4.56,5.09,25.2,16,1
1991,이지환,롯,#888888,불펜,0.23,1.8,4.0,5.0,4,0
1991,신상윤,태,#224433,불펜,0.19,0.0,3.22,2.2,1,0
1991,박종철,쌍,#ffc81e,불펜,0.16,5.03,5.54,39.1,12,0
1991,김민태,태,#224433,스윙,0.15,5.0,3.94,75.2,58,2
1991,이은승,빙,#ed1c24,불펜,0.15,3.12,2.85,8.2,3,0
1991,가내영,태,#224433,불펜,0.15,2.25,4.87,4.0,3,0
1991,이승배,L,#fc1cad,스윙,0.14,4.0,2.64,9.0,5,2
1991,이병석,L,#fc1cad,스윙,0.13,4.84,4.84,22.1,9,2
1991,조정수,O,#15326f,불펜,0.12,2.57,8.17,7.0,0,0
1991,안창완,롯,#888888,불펜,0.1,3.27,5.14,11.0,10,0
1991,김락기,빙,#ed1c24,불펜,0.08,0.0,0.5,1.0,1,0
1991,이상훈,O,#0061aa,스윙,0.08,5.12,5.72,38.2,8,1
1991,강대성,해,#ff0c00,불펜,0.07,0.0,3.0,1.0,0,0
1991,서왕권,L,#fc1cad,스윙,0.06,4.5,6.2,6.0,1,1
1991,서정용,롯,#888888,스윙,0.05,4.14,3.55,41.1,13,4
1991,김력,태,#224433,불펜,0.05,2.08,4.57,4.1,1,0
1991,김동수,쌍,#ffc81e,불펜,0.03,5.23,6.07,31.0,14,0
1991,이상군,빙,#ed1c24,스윙,0.02,4.54,4.03,37.2,20,7
1991,전용권,롯,#888888,불펜,-0.01,6.0,2.26,6.0,3,0
1991,최우석,L,#fc1cad,불펜,-0.02,3.0,4.23,3.0,1,0
1991,이용호,태,#224433,불펜,-0.03,9.0,6.1,1.0,0,0
1991,김도형,롯,#888888,불펜,-0.04,4.5,4.75,10.0,5,0
1991,김기덕,L,#fc1cad,불펜,-0.04,5.87,5.76,7.2,6,0
1991,권영일,O,#15326f,스윙,-0.04,5.89,4.75,18.1,7,4
1991,정영진,태,#224433,불펜,-0.06,99.99,7.65,0.2,0,0
1991,김종철,L,#fc1cad,불펜,-0.07,6.23,7.45,8.2,4,0
1991,오종우,L,#fc1cad,스윙,-0.07,4.8,5.94,15.0,2,1
1991,전일수,태,#224433,불펜,-0.07,7.2,3.86,5.0,2,0
1991,이상훈,삼,#0061aa,스윙,-0.09,5.91,4.28,42.2,21,2
1991,김봉근,쌍,#ffc81e,불펜,-0.1,4.7,4.92,15.1,11,0
1991,이상범,삼,#0061aa,불펜,-0.1,10.8,8.76,3.1,1,0
1991,강현철,롯,#888888,스윙,-0.1,3.38,4.39,2.2,1,1
1991,이석구,L,#fc1cad,스윙,-0.1,18.0,12.05,2.0,0,1
1991,문병권,L,#fc1cad,선발,-0.11,5.15,4.82,131.0,46,21
1991,이문한,삼,#0061aa,불펜,-0.11,6.63,7.21,19.0,4,0
1991,윤석환,삼,#0061aa,스윙,-0.11,6.52,5.21,29.0,13,1
1991,이재홍,쌍,#ffc81e,선발,-0.13,5.81,5.93,79.0,26,12
1991,김시진,롯,#888888,스윙,-0.13,6.18,4.19,55.1,31,9
1991,노상수,롯,#888888,불펜,-0.13,12.0,9.43,3.0,2,0
1991,강상진,쌍,#ffc81e,스윙,-0.14,16.2,7.68,3.1,1,1
1991,홍성연,삼,#0061aa,불펜,-0.15,7.43,3.42,13.1,11,0
1991,김건우,L,#fc1cad,스윙,-0.16,9.0,8.1,5.0,2,2
1991,신완근,태,#224433,불펜,-0.17,5.79,5.13,9.1,3,0
1991,차동철,L,#fc1cad,불펜,-0.17,14.73,7.93,3.2,0,0
1991,정인조,쌍,#ffc81e,불펜,-0.17,14.54,15.71,4.1,3,0
1991,이광우,해,#ff0c00,스윙,-0.19,6.16,3.69,38.0,10,7
1991,오희주,해,#ff0c00,스윙,-0.2,5.84,3.94,12.1,9,2
1991,조웅천,태,#224433,불펜,-0.2,7.2,4.62,10.0,2,0
1991,김진욱,O,#15326f,스윙,-0.21,5.86,4.68,35.1,13,9
1991,김보선,O,#15326f,스윙,-0.23,6.3,7.72,10.0,2,2
1991,김태석,롯,#888888,스윙,-0.25,5.61,4.64,51.1,35,7
1991,김기열,빙,#ed1c24,불펜,-0.29,20.25,5.92,5.1,1,0
1991,하창우,O,#15326f,불펜,-0.32,8.44,6.43,10.2,5,0
1991,최한림,쌍,#ffc81e,스윙,-0.33,9.22,3.94,13.2,6,3
1991,김홍명,빙,#ed1c24,스윙,-0.35,5.86,4.17,55.1,34,8
1991,김익재,O,#15326f,스윙,-0.39,6.27,3.95,33.0,22,2
1991,윤동배,롯,#888888,스윙,-0.4,6.92,4.96,40.1,14,2
1991,정명진,태,#224433,스윙,-0.41,10.32,8.56,11.1,5,2
1991,서호진,롯,#888888,불펜,-0.41,7.61,4.81,23.2,12,0
1991,이국성,L,#fc1cad,스윙,-0.41,5.89,4.71,55.0,24,8
1991,강태원,해,#ff0c00,스윙,-0.42,7.41,4.86,17.0,14,1
1991,홍길남,O,#15326f,스윙,-0.48,8.61,4.45,23.0,15,1
1991,김인철,삼,#0061aa,스윙,-0.49,7.91,6.4,33.0,17,1
1991,허정욱,태,#224433,선발,-0.53,5.69,5.68,61.2,25,12
1991,조영상,태,#224433,스윙,-0.53,6.44,5.16,58.2,42,3
1991,계형철,O,#15326f,스윙,-0.55,5.86,4.05,43.0,14,8
1991,이상구,롯,#888888,스윙,-0.56,8.07,5.27,32.1,25,4
1991,구동우,O,#15326f,선발,-0.58,5.92,5.21,89.2,32,11
1991,조병천,태,#224433,선발,-0.63,6.67,7.4,54.0,20,11
1991,김성식,L,#fc1cad,스윙,-0.75,6.8,4.3,41.0,18,1
1991,손문곤,쌍,#ffc81e,스윙,-0.91,11.02,7.13,32.2,12,2
1991,이용철,L,#fc1cad,스윙,-1.13,6.39,4.99,81.2,38,9
1991,한오종,쌍,#ffc81e,불펜,0.0,0.0,0.0,0.0,0,0
1991,권영진,쌍,#ffc81e,불펜,0.0,0.0,0.0,0.0,0,0
1992,염종석,롯,#888888,선발,7.78,2.33,2.54,204.2,127,22
1992,정민철,빙,#ed1c24,선발,7.14,2.48,3.24,195.2,145,22
1992,윤학길,롯,#888888,선발,6.33,3.61,3.35,212.0,131,28
1992,이강철,해,#ff0c00,선발,6.1,3.44,4.1,217.1,156,30
1992,박은진,태,#224433,선발,5.89,2.71,3.07,172.2,114,12
1992,한용덕,빙,#ed1c24,선발,5.58,2.99,3.54,186.1,122,24
1992,장호연,O,#15326f,선발,4.85,3.12,4.03,225.0,90,30
1992,송진우,빙,#ed1c24,선발,4.85,3.25,4.05,191.1,130,17
1992,김정수,해,#ff0c00,선발,4.53,3.16,3.85,165.1,126,29
1992,이태일,삼,#0061aa,선발,4.47,2.86,3.77,154.0,52,22
1992,조계현,해,#ff0c00,스윙,4.29,2.94,3.7,156.0,98,9
1992,장정순,빙,#ed1c24,선발,3.95,3.07,3.84,155.1,77,23
1992,김원형,쌍,#ffc81e,선발,3.65,3.32,3.68,138.1,104,18
1992,김기범,L,#fc1cad,선발,3.57,2.98,3.08,145.0,92,19
1992,박정현,태,#224433,선발,3.43,3.69,4.24,165.2,85,20
1992,김태원,L,#fc1cad,선발,3.18,3.4,3.3,177.1,119,27
1992,박철순,O,#15326f,스윙,2.92,2.8,3.01,99.2,68,6
1992,김상진,O,#15326f,선발,2.83,3.58,4.19,168.2,96,28
1992,오봉옥,삼,#0061aa,스윙,2.79,3.55,4.35,126.2,64,3
1992,성준,삼,#0061aa,선발,2.71,3.99,4.78,124.0,65,21
1992,김상엽,삼,#0061aa,선발,2.68,4.19,3.63,144.0,103,13
1992,박성기,쌍,#ffc81e,선발,2.6,4.08,4.59,152.1,88,21
1992,정삼흠,L,#fc1cad,선발,2.56,4.04,3.74,180.1,128,18
1992,선동열,해,#ff0c00,스윙,2.41,0.28,1.05,32.2,42,2
1992,박동희,롯,#888888,선발,2.36,4.13,3.79,98.0,67,14
1992,신동수,해,#ff0c00,선발,2.25,4.46,4.38,137.1,65,23
1992,이상군,빙,#ed1c24,스윙,1.83,3.82,4.33,96.2,55,7
1992,윤형배,롯,#888888,선발,1.79,4.86,5.06,113.0,31,15
1992,양상문,태,#224433,선발,1.78,4.55,5.17,144.1,83,28
1992,김상현,롯,#888888,선발,1.72,4.21,4.46,113.1,68,12
1992,안병원,태,#224433,선발,1.61,4.26,3.88,126.2,88,13
1992,김인철,삼,#0061aa,선발,1.52,4.2,5.04,128.2,88,23
1992,차명석,L,#fc1cad,스윙,1.4,3.92,3.53,85.0,52,4
1992,유명선,삼,#0061aa,선발,1.3,4.29,5.28,92.1,58,15
1992,강길용,쌍,#ffc81e,선발,1.28,4.8,5.06,137.0,75,25
1992,조규제,쌍,#ffc81e,불펜,1.26,3.17,2.65,54.0,65,0
1992,최한림,쌍,#ffc81e,선발,1.22,4.61,4.8,107.1,51,11
1992,최창호,태,#224433,선발,1.19,3.87,4.5,97.2,70,14
1992,이상번,롯,#888888,스윙,1.15,3.89,4.47,41.2,24,2
1992,김종철,L,#fc1cad,스윙,1.11,3.29,4.59,52.0,17,2
1992,문희수,해,#ff0c00,선발,1.09,5.08,4.26,145.1,73,23
1992,김석기,쌍,#ffc81e,스윙,1.08,4.4,5.43,102.1,37,8
1992,정명원,태,#224433,스윙,1.03,3.52,4.11,38.1,20,3
1992,김익재,O,#15326f,불펜,0.93,2.54,4.01,28.1,16,0
1992,이광우,O,#15326f,선발,0.89,4.51,4.2,101.2,40,10
1992,신완근,태,#224433,스윙,0.82,4.24,4.86,63.2,20,7
1992,하창우,O,#15326f,스윙,0.78,3.12,3.88,26.0,19,2
1992,김종석,롯,#888888,선발,0.76,5.17,5.34,76.2,29,10
1992,이재홍,쌍,#ffc81e,스윙,0.71,5.24,4.81,115.0,56,9
1992,김태형,롯,#888888,선발,0.69,5.4,4.78,110.0,50,14
1992,김진욱,O,#15326f,선발,0.65,4.52,3.59,69.2,48,15
1992,민원기,L,#fc1cad,스윙,0.61,4.56,4.62,47.1,28,3
1992,진정필,빙,#ed1c24,스윙,0.61,3.76,4.45,40.2,10,2
1992,김민태,태,#224433,스윙,0.55,5.4,5.19,76.2,49,6
1992,김기덕,쌍,#fc1cad,스윙,0.46,3.45,5.52,44.1,16,4
1992,강병규,O,#15326f,스윙,0.44,5.05,4.64,67.2,33,5
1992,정민태,태,#224433,스윙,0.42,3.81,4.03,26.0,21,2
1992,박동수,롯,#888888,스윙,0.41,4.6,2.95,29.1,18,1
1992,최일언,삼,#0061aa,스윙,0.4,4.6,4.82,29.1,19,1
1992,김청수,롯,#888888,스윙,0.4,5.23,4.96,41.1,12,4
1992,임창식,쌍,#ffc81e,스윙,0.39,4.95,6.24,36.1,18,6
1992,가내영,태,#224433,선발,0.38,5.47,4.57,107.0,49,14
1992,차동철,L,#fc1cad,불펜,0.37,4.18,3.83,28.0,8,0
1992,김동현,O,#15326f,스윙,0.37,4.01,2.31,24.2,19,3
1992,김인권,빙,#ed1c24,스윙,0.36,5.18,5.42,64.1,20,7
1992,김형택,해,#ff0c00,불펜,0.26,4.5,5.32,14.0,2,0
1992,권명철,O,#15326f,스윙,0.24,4.99,4.49,79.1,54,9
1992,김용수,L,#fc1cad,스윙,0.24,5.16,4.01,61.0,27,8
1992,이진,O,#15326f,스윙,0.24,4.45,5.19,30.1,15,4
1992,김성길,삼,#0061aa,스윙,0.23,5.14,5.29,70.0,30,9
1992,박용준,삼,#0061aa,스윙,0.2,5.61,5.46,61.0,32,6
1992,박철수,삼,#0061aa,불펜,0.18,4.5,4.53,10.0,8,0
1992,문귀석,해,#ff0c00,불펜,0.15,4.61,6.04,13.2,7,0
1992,이은승,빙,#ed1c24,불펜,0.13,0.0,3.12,1.2,0,0
1992,박종철,삼,#0061aa,불펜,0.1,0.0,1.25,1.1,1,0
1992,김진규,O,#15326f,스윙,0.1,7.9,6.58,13.2,8,1
1992,조중석,O,#15326f,불펜,0.09,3.52,6.85,7.2,2,0
1992,송유석,해,#ff0c00,스윙,0.08,5.6,4.56,117.1,59,8
1992,김만조,O,#15326f,불펜,0.08,0.0,6.22,1.0,0,0
1992,나성열,태,#224433,불펜,0.08,3.38,8.97,2.2,1,0
1992,구동우,O,#15326f,스윙,0.06,5.77,5.81,53.0,31,9
1992,문병권,L,#fc1cad,선발,0.05,5.13,4.69,100.0,45,15
1992,김재성,빙,#ed1c24,불펜,0.04,4.7,4.82,15.1,9,0
1992,권영일,O,#15326f,불펜,0.04,5.06,4.4,5.1,1,0
1992,이상범,삼,#0061aa,불펜,0.04,4.5,6.22,2.0,0,0
1992,서왕권,L,#fc1cad,선발,0.03,4.5,4.16,92.0,56,10
1992,양승철,해,#ff0c00,스윙,0.03,6.39,4.33,25.1,6,1
1992,김태한,삼,#0061aa,스윙,0.0,5.42,4.9,79.2,56,8
1992,이요섭,롯,#888888,불펜,0.0,6.75,6.22,4.0,0,0
1992,지연규,빙,#ed1c24,스윙,-0.01,5.97,5.03,28.2,12,5
1992,이상훈,O,#0061aa,불펜,-0.01,5.93,6.07,27.1,16,0
1992,김태석,롯,#888888,스윙,-0.02,5.88,4.99,26.0,6,2
1992,김락기,빙,#ed1c24,불펜,-0.02,9.0,9.32,1.0,0,0
1992,김유진,L,#fc1cad,스윙,-0.02,9.0,3.72,1.0,1,1
1992,김성준,L,#fc1cad,불펜,-0.02,0.0,6.22,1.0,0,0
1992,황태호,쌍,#ffc81e,불펜,-0.03,81.0,3.12,0.1,0,0
1992,김봉근,쌍,#ffc81e,불펜,-0.03,9.0,10.62,2.0,0,0
1992,오종우,L,#fc1cad,불펜,-0.05,27.0,17.07,0.2,0,0
1992,김승남,해,#ff0c00,스윙,-0.05,6.47,4.52,48.2,27,1
1992,임규대,빙,#ed1c24,불펜,-0.06,27.0,6.22,1.0,0,0
1992,김덕근,L,#fc1cad,스윙,-0.07,5.85,4.95,20.0,11,1
1992,김대중,빙,#ed1c24,스윙,-0.07,6.28,6.42,14.1,2,3
1992,노석기,O,#15326f,불펜,-0.08,7.94,6.62,5.2,2,0
1992,이국성,L,#fc1cad,스윙,-0.11,6.55,5.05,22.0,11,2
1992,박상범,태,#224433,불펜,-0.11,11.25,7.97,4.0,3,0
1992,한희민,빙,#ed1c24,스윙,-0.12,5.54,4.48,66.2,41,8
1992,정명진,태,#224433,불펜,-0.12,12.0,10.22,3.0,1,0
1992,김보선,O,#15326f,스윙,-0.13,5.99,4.39,73.2,30,2
1992,가득염,롯,#888888,불펜,-0.13,6.82,4.92,30.1,16,0
1992,정은배,태,#224433,불펜,-0.14,20.25,8.0,2.2,1,0
1992,배숙현,롯,#888888,불펜,-0.15,21.0,14.16,3.0,0,0
1992,이상현,O,#15326f,스윙,-0.16,6.23,6.65,13.0,5,1
1992,홍길남,O,#15326f,스윙,-0.17,11.12,10.27,5.2,2,1
1992,손문곤,쌍,#ffc81e,스윙,-0.19,7.59,5.46,21.1,8,1
1992,조병천,태,#224433,스윙,-0.2,7.94,5.58,17.0,10,3
1992,최현준,삼,#0061aa,불펜,-0.21,20.25,3.27,4.0,1,0
1992,신현대,쌍,#ffc81e,불펜,-0.21,9.0,8.85,11.0,5,0
1992,강태원,해,#ff0c00,불펜,-0.22,11.74,6.38,7.2,8,0
1992,김성식,L,#fc1cad,불펜,-0.23,7.25,4.79,22.1,6,0
1992,정윤수,삼,#0061aa,불펜,-0.24,10.13,5.69,10.2,6,0
1992,김흥만,태,#224433,스윙,-0.31,10.61,8.28,9.1,6,1
1992,김홍명,빙,#ed1c24,스윙,-0.32,6.34,4.83,61.0,30,8
1992,신상윤,태,#224433,스윙,-0.32,5.93,4.41,27.1,13,1
1992,김시진,롯,#888888,스윙,-0.33,13.06,10.8,10.1,2,2
1992,진동한,쌍,#ffc81e,스윙,-0.33,6.2,5.74,49.1,20,8
1992,이용철,L,#fc1cad,스윙,-0.35,6.35,6.26,17.0,7,2
1992,김봉영,해,#ff0c00,불펜,-0.37,8.76,6.41,24.2,10,0
1992,김기덕,L,#fc1cad,선발,-0.39,5.72,4.94,78.2,40,14
1992,박진석,쌍,#ffc81e,선발,-0.4,6.87,5.04,74.2,36,13
1992,이상훈,삼,#0061aa,스윙,-0.48,9.62,6.27,24.1,18,2
1992,손영철,삼,#0061aa,스윙,-0.48,7.07,5.2,63.2,39,3
1992,이동석,쌍,#ffc81e,스윙,-0.58,8.22,5.99,46.0,21,2
1992,조영상,태,#224433,스윙,-0.75,10.59,7.17,26.1,19,2
1993,선동열,해,#ff0c00,스윙,6.63,0.78,0.37,126.1,164,1
1993,조계현,해,#ff0c00,선발,6.11,2.15,2.62,196.1,118,27
1993,김경원,O,#15326f,스윙,5.78,1.11,1.87,129.1,126,1
1993,성준,삼,#0061aa,선발,5.17,2.07,3.76,139.0,51,21
1993,윤학길,롯,#888888,선발,4.83,3.01,2.79,203.0,92,27
1993,정민철,빙,#ed1c24,선발,4.36,2.24,2.69,148.1,110,17
1993,윤형배,롯,#888888,선발,4.35,2.46,3.58,193.2,60,24
1993,김상엽,삼,#0061aa,선발,4.28,2.58,2.33,181.1,170,18
1993,박충식,삼,#0061aa,선발,4.16,2.54,2.95,155.2,97,20
1993,김태한,삼,#0061aa,선발,4.11,2.83,3.33,162.0,91,23
1993,장호연,O,#15326f,선발,3.66,2.56,3.15,161.2,51,25
1993,박철순,O,#15326f,선발,3.52,2.08,2.15,116.2,90,13
1993,김태원,L,#fc1cad,선발,3.36,2.42,2.94,141.1,84,21
1993,김상현,롯,#888888,선발,3.27,3.2,3.1,163.1,77,19
1993,김기범,L,#fc1cad,선발,3.26,2.6,3.23,156.0,93,25
1993,한용덕,빙,#ed1c24,선발,3.26,2.98,2.69,172.1,112,20
1993,조규제,쌍,#ffc81e,불펜,2.96,1.42,1.97,88.2,96,0
1993,이상군,빙,#ed1c24,선발,2.94,2.52,3.41,128.1,51,16
1993,이강철,해,#ff0c00,선발,2.74,3.04,2.88,154.0,131,26
1993,김정수,해,#ff0c00,선발,2.58,2.75,3.63,127.2,96,26
1993,송유석,해,#ff0c00,선발,2.42,2.9,3.57,124.1,67,11
1993,김원형,쌍,#ffc81e,선발,2.4,2.93,3.53,135.1,87,22
1993,김상진,O,#15326f,선발,2.3,3.07,2.31,187.1,142,28
1993,안병원,태,#224433,선발,2.28,3.02,2.97,170.0,100,21
1993,김용수,L,#fc1cad,불펜,2.27,1.55,1.93,75.2,60,0
1993,최창호,태,#224433,선발,2.27,2.99,3.02,162.1,104,23
1993,강봉수,L,#fc1cad,스윙,2.24,1.94,3.2,79.0,41,3
1993,이대진,해,#ff0c00,선발,2.24,3.11,3.15,124.1,97,15
1993,정삼흠,L,#fc1cad,선발,2.23,2.99,3.23,198.2,93,29
1993,권명철,O,#15326f,선발,2.21,3.01,3.21,134.1,84,21
1993,강병규,O,#15326f,선발,2.17,3.09,2.85,139.2,70,21
1993,염종석,롯,#888888,선발,2.1,3.41,2.52,158.1,89,22
1993,가내영,태,#224433,선발,1.92,3.36,3.28,128.2,57,15
1993,이광우,O,#15326f,스윙,1.79,2.96,2.81,124.2,51,8
1993,박은진,태,#224433,스윙,1.78,2.63,3.01,85.2,50,2
1993,진정필,빙,#ed1c24,선발,1.45,3.43,3.56,149.2,67,17
1993,이상훈,삼,#fc1cad,스윙,1.35,2.56,3.31,84.1,46,5
1993,이상훈,L,#fc1cad,선발,1.3,3.76,2.99,150.2,131,24
1993,노승욱,태,#224433,선발,1.27,3.76,3.55,127.0,56,13
1993,이상번,롯,#888888,스윙,1.27,2.64,4.11,75.0,36,4
1993,유명선,삼,#0061aa,선발,1.21,3.56,4.22,103.2,68,14
1993,김석기,쌍,#ffc81e,선발,1.16,3.7,3.51,136.1,63,19
1993,나성열,태,#224433,스윙,1.1,2.15,2.7,54.1,23,6
1993,오봉옥,삼,#0061aa,스윙,1.09,3.39,3.64,74.1,43,3
1993,김익재,O,#15326f,불펜,1.06,1.85,3.08,34.0,22,0
1993,최한림,쌍,#ffc81e,선발,0.92,3.92,4.1,156.0,92,19
1993,김홍집,태,#224433,선발,0.9,3.64,2.55,116.1,109,12
1993,가득염,롯,#888888,스윙,0.9,3.29,2.73,52.0,37,5
1993,이태일,삼,#0061aa,선발,0.88,3.97,4.07,70.1,25,10
1993,서호진,롯,#888888,스윙,0.85,3.12,4.4,43.1,6,1
1993,차동철,L,#fc1cad,스윙,0.82,3.2,3.34,59.0,28,1
1993,박동희,롯,#888888,선발,0.78,3.79,3.11,90.1,59,16
1993,한희민,삼,#0061aa,스윙,0.7,3.38,4.13,40.0,21,3
1993,박성기,쌍,#ffc81e,선발,0.63,3.83,3.76,157.1,104,25
1993,구대성,빙,#ed1c24,스윙,0.59,2.53,3.24,21.1,11,5
1993,문희수,해,#ff0c00,선발,0.49,3.82,2.71,63.2,35,10
1993,김태석,롯,#888888,스윙,0.48,3.38,3.1,37.1,15,3
1993,박용준,삼,#0061aa,스윙,0.43,3.1,3.62,58.0,26,5
1993,최한경,삼,#0061aa,스윙,0.41,2.87,1.42,15.2,16,1
1993,성영재,쌍,#ffc81e,선발,0.38,4.03,3.78,116.0,75,15
1993,전일수,L,#fc1cad,스윙,0.36,0.75,2.93,12.0,3,1
1993,이용철,삼,#0061aa,스윙,0.36,3.07,4.91,14.2,7,1
1993,지연규,빙,#ed1c24,스윙,0.28,3.38,3.48,24.0,8,5
1993,강태원,해,#ff0c00,스윙,0.26,3.72,4.56,46.0,17,4
1993,정명원,태,#224433,스윙,0.26,1.5,2.05,6.0,3,1
1993,민원기,L,#fc1cad,불펜,0.24,3.1,3.6,58.0,25,0
1993,김현욱,삼,#0061aa,스윙,0.24,2.45,3.86,11.0,5,1
1993,양윤기,태,#224433,불펜,0.23,0.0,-1.14,3.2,7,0
1993,김태형,롯,#888888,스윙,0.23,4.53,3.84,59.2,27,4
1993,신완근,태,#224433,스윙,0.21,4.44,4.24,52.2,19,3
1993,김동현,O,#15326f,불펜,0.2,0.0,1.12,3.0,2,0
1993,이병석,L,#fc1cad,불펜,0.14,1.93,1.97,4.2,4,0
1993,박진철,해,#ff0c00,불펜,0.13,0.0,1.53,2.0,1,0
1993,이국성,빙,#ed1c24,스윙,0.11,4.04,3.56,89.0,45,7
1993,김성길,쌍,#ffc81e,스윙,0.11,3.93,3.72,84.2,40,4
1993,조웅천,태,#224433,스윙,0.09,4.29,3.8,42.0,16,6
1993,신동수,해,#ff0c00,스윙,0.09,4.38,3.77,37.0,16,5
1993,고성범,롯,#888888,불펜,0.06,0.0,5.88,1.0,0,0
1993,장정순,빙,#ed1c24,선발,0.06,4.4,3.93,114.2,71,19
1993,김락기,빙,#ed1c24,불펜,0.05,1.69,4.06,5.1,1,0
1993,이우혁,해,#ff0c00,불펜,0.02,0.0,12.08,0.1,0,0
1993,곽재성,롯,#888888,불펜,0.02,0.0,21.38,0.1,0,0
1993,정윤수,삼,#0061aa,불펜,0.0,4.5,3.08,2.0,1,0
1993,김성식,L,#fc1cad,불펜,0.0,4.15,10.56,4.1,1,0
1993,하창우,O,#15326f,불펜,-0.01,4.15,5.23,8.2,0,0
1993,김력,롯,#888888,불펜,-0.03,54.0,12.08,0.1,0,0
1993,이상현,O,#15326f,불펜,-0.04,9.0,20.88,1.0,0,0
1993,오희주,L,#fc1cad,불펜,-0.05,3.14,5.21,14.1,7,0
1993,허삼영,삼,#0061aa,불펜,-0.06,18.0,8.98,1.0,0,0
1993,김만조,O,#15326f,불펜,-0.07,7.71,10.54,2.1,0,0
1993,이동석,쌍,#ffc81e,불펜,-0.09,4.91,7.24,14.2,2,0
1993,박상근,O,#15326f,스윙,-0.09,3.95,3.22,13.2,10,1
1993,윤동배,롯,#888888,불펜,-0.1,13.5,4.33,2.0,0,0
1993,김청수,롯,#888888,불펜,-0.1,13.5,10.28,2.0,0,0
1993,이상목,빙,#ed1c24,스윙,-0.11,4.82,3.88,46.2,22,2
1993,조용수,해,#ff0c00,불펜,-0.11,7.2,5.9,5.0,1,0
1993,신상윤,태,#224433,불펜,-0.12,7.2,4.76,5.0,1,0
1993,이재만,해,#ff0c00,스윙,-0.14,5.09,4.42,35.1,18,1
1993,김종철,L,#fc1cad,불펜,-0.14,6.23,9.13,4.1,1,0
1993,이은승,빙,#ed1c24,스윙,-0.15,3.98,2.48,31.2,26,1
1993,박동수,롯,#888888,불펜,-0.15,6.35,4.11,5.2,3,0
1993,송진우,빙,#ed1c24,스윙,-0.16,3.72,3.72,72.2,53,4
1993,이용호,O,#15326f,불펜,-0.18,12.27,5.98,3.2,4,0
1993,노춘섭,쌍,#ffc81e,불펜,-0.18,5.04,6.55,25.0,7,0
1993,정민태,태,#224433,불펜,-0.19,6.75,2.24,9.1,7,0
1993,김종석,롯,#888888,불펜,-0.2,7.56,2.26,8.1,3,0
1993,임창식,쌍,#ffc81e,스윙,-0.22,5.29,4.38,17.0,9,1
1993,문병권,L,#fc1cad,스윙,-0.27,4.36,4.06,43.1,23,3
1993,노장진,빙,#ed1c24,선발,-0.29,4.41,2.76,100.0,93,14
1993,손영철,삼,#0061aa,불펜,-0.33,6.06,4.64,16.1,10,0
1993,김기덕,쌍,#ffc81e,불펜,-0.35,14.29,2.56,5.2,3,0
1993,구동우,O,#15326f,스윙,-0.36,5.23,3.3,32.2,14,3
1993,김민태,태,#224433,스윙,-0.36,6.87,3.48,18.1,11,1
1993,강길용,쌍,#ffc81e,선발,-0.37,5.02,4.49,136.1,61,20
1993,조영상,O,#15326f,불펜,-0.48,5.4,5.43,16.2,8,0
1993,박상범,태,#224433,스윙,-0.51,5.5,3.7,52.1,26,4
1993,양상문,태,#224433,선발,-0.51,4.46,4.12,101.0,46,19
1993,김진욱,쌍,#ffc81e,불펜,-0.57,7.27,5.59,17.1,6,0
1993,김정훈,롯,#888888,스윙,-0.64,6.84,5.52,25.0,8,1
1993,이진,O,#15326f,스윙,-0.7,10.13,6.57,18.2,10,5
1993,이재홍,쌍,#ffc81e,스윙,-0.7,12.64,6.33,15.2,9,1
1993,김인권,빙,#ed1c24,불펜,-0.83,6.89,6.15,31.1,5,0
1993,양승철,해,#ff0c00,불펜,-0.94,4.86,4.45,87.0,41,0
1993,차명석,L,#fc1cad,선발,-1.02,4.88,3.75,125.1,61,19
1994,정민철,한,#f37321,선발,7.64,2.15,2.08,218.0,196,27
1994,박충식,삼,#0061aa,선발,6.68,2.35,3.02,203.1,130,26
1994,조계현,해,#ff0c00,선발,6.67,2.61,3.17,210.0,135,27
1994,김태원,L,#fc1cad,선발,6.13,2.41,3.13,190.2,96,28
1994,이상훈,L,#0061aa,선발,5.93,2.47,2.76,189.2,148,27
1994,최상덕,태,#224433,선발,5.19,2.51,3.57,158.0,90,18
1994,김상진,O,#15326f,선발,5.05,2.37,2.24,194.0,148,23
1994,정명원,태,#224433,불펜,4.89,1.36,2.21,105.2,74,0
1994,김태한,삼,#0061aa,선발,4.52,2.76,3.56,176.1,121,23
1994,주형광,롯,#888888,선발,4.25,3.04,3.27,186.2,142,27
1994,정삼흠,L,#fc1cad,선발,4.03,2.95,4.11,186.1,76,27
1994,한용덕,한,#f37321,선발,3.55,3.25,3.64,177.1,105,26
1994,선동열,해,#ff0c00,스윙,3.52,2.73,2.28,102.1,94,8
1994,안병원,태,#224433,선발,3.28,3.4,3.83,145.2,66,23
1994,이강철,해,#ff0c00,선발,3.24,3.64,4.35,185.2,140,23
1994,구대성,한,#f37321,스윙,3.1,2.6,2.64,121.0,128,9
1994,성준,삼,#0061aa,선발,3.06,3.43,4.45,152.1,46,24
1994,조규제,쌍,#ffc81e,불펜,2.79,2.39,2.55,98.0,93,0
1994,김홍집,태,#224433,선발,2.72,3.2,3.17,126.2,89,17
1994,김정수,해,#ff0c00,선발,2.7,3.38,2.9,141.0,126,24
1994,이태일,삼,#0061aa,선발,2.52,3.38,3.5,128.0,60,20
1994,이광우,O,#15326f,스윙,2.42,2.29,3.51,82.2,32,9
1994,박철순,O,#15326f,선발,2.39,2.61,2.79,93.0,66,15
1994,송유석,해,#ff0c00,스윙,2.29,3.4,3.63,116.1,57,3
1994,정민태,태,#224433,선발,2.11,3.72,2.98,145.1,91,25
1994,가득염,롯,#888888,선발,2.09,4.28,3.98,162.0,83,27
1994,박동희,롯,#888888,불펜,1.98,3.01,2.34,74.2,61,0
1994,강태원,해,#ff0c00,선발,1.91,3.42,3.05,81.2,44,12
1994,최한경,삼,#0061aa,스윙,1.87,3.28,2.59,101.2,102,5
1994,염종석,롯,#888888,선발,1.83,3.69,3.25,102.1,42,13
1994,한태균,O,#15326f,스윙,1.79,2.21,3.06,57.0,26,3
1994,홍우태,O,#15326f,선발,1.7,3.52,3.99,148.1,85,18
1994,강상수,롯,#888888,선발,1.68,3.56,3.76,93.2,63,13
1994,이국성,한,#f37321,스윙,1.67,2.2,4.13,49.0,24,1
1994,이상목,한,#f37321,선발,1.59,4.01,3.69,128.0,77,10
1994,권명철,O,#15326f,선발,1.59,3.23,3.45,100.1,59,19
1994,최창호,태,#224433,선발,1.45,4.09,3.48,147.1,84,26
1994,인현배,L,#fc1cad,선발,1.2,4.19,4.34,124.2,44,20
1994,김용수,L,#fc1cad,불펜,1.2,2.56,2.06,63.1,44,0
1994,문창환,태,#224433,불펜,1.19,1.91,2.93,37.2,19,0
1994,이대진,해,#ff0c00,선발,1.12,4.2,4.55,137.0,90,18
1994,차동철,L,#fc1cad,불펜,0.93,2.59,3.79,59.0,29,0
1994,박은진,태,#224433,스윙,0.92,4.14,3.14,76.0,46,5
1994,이용호,O,#15326f,스윙,0.85,2.15,3.42,29.1,15,4
1994,김상현,롯,#888888,스윙,0.84,3.88,5.5,48.2,13,4
1994,박성기,쌍,#ffc81e,선발,0.83,4.68,4.27,182.2,108,27
1994,이상훈,삼,#0061aa,스윙,0.78,4.48,4.12,70.1,35,2
1994,진정필,한,#f37321,선발,0.73,3.79,4.67,76.0,23,12
1994,박진석,쌍,#ffc81e,선발,0.73,4.3,5.06,119.1,61,14
1994,김승남,삼,#0061aa,스윙,0.69,3.86,4.75,60.2,35,2
1994,전일수,L,#fc1cad,스윙,0.65,3.4,4.51,45.0,25,4
1994,박용준,삼,#0061aa,스윙,0.58,1.93,4.29,18.2,7,1
1994,곽채진,삼,#0061aa,스윙,0.57,3.57,5.22,45.1,28,8
1994,민원기,L,#fc1cad,불펜,0.57,3.27,4.31,33.0,12,0
1994,이상군,한,#f37321,선발,0.57,4.26,3.53,107.2,46,16
1994,고형욱,쌍,#ffc81e,불펜,0.53,0.9,2.48,10.0,10,0
1994,유명선,삼,#0061aa,스윙,0.52,4.26,3.85,38.0,19,1
1994,김기덕,쌍,#ffc81e,스윙,0.52,4.34,3.91,114.0,55,9
1994,박지철,롯,#888888,스윙,0.51,2.2,4.83,32.2,18,1
1994,이재만,해,#ff0c00,스윙,0.45,3.9,4.8,32.1,12,3
1994,나성열,태,#224433,불펜,0.42,2.75,3.62,19.2,6,0
1994,송진우,한,#f37321,선발,0.42,3.92,3.72,133.0,90,17
1994,강희석,쌍,#ffc81e,스윙,0.41,3.48,5.23,20.2,8,2
1994,차명석,L,#fc1cad,스윙,0.4,4.28,3.98,61.0,24,5
1994,류택현,O,#15326f,스윙,0.39,3.76,3.39,26.1,24,1
1994,성영재,쌍,#ffc81e,선발,0.39,4.95,4.31,147.1,85,25
1994,김성한,한,#f37321,스윙,0.33,4.09,3.72,44.0,27,6
1994,강봉수,L,#fc1cad,불펜,0.32,2.61,3.21,38.0,22,0
1994,최재영,해,#ff0c00,불펜,0.32,2.16,3.19,8.1,1,0
1994,유현승,쌍,#ffc81e,선발,0.31,4.7,4.64,99.2,38,10
1994,박철홍,L,#fc1cad,스윙,0.3,3.69,3.86,39.0,17,4
1994,장정순,한,#f37321,스윙,0.3,3.6,3.36,15.0,12,2
1994,박창현,L,#fc1cad,불펜,0.29,0.0,4.04,4.0,1,0
1994,김태석,롯,#888888,스윙,0.29,5.13,4.39,87.2,30,8
1994,김상엽,삼,#0061aa,스윙,0.27,4.74,4.57,24.2,21,4
1994,이우혁,해,#ff0c00,불펜,0.22,3.29,4.95,13.2,2,0
1994,나영철,O,#15326f,불펜,0.21,1.38,3.63,13.0,6,0
1994,고성범,롯,#888888,불펜,0.19,4.05,4.15,13.1,9,0
1994,김태형,롯,#888888,스윙,0.18,5.13,4.21,40.1,20,1
1994,김유진,L,#fc1cad,불펜,0.15,0.0,1.87,2.0,1,0
1994,박종철,삼,#0061aa,불펜,0.14,0.0,4.67,2.0,0,0
1994,김인철,삼,#0061aa,스윙,0.14,5.02,3.87,28.2,16,5
1994,윤민철,롯,#888888,불펜,0.14,3.18,4.97,5.2,2,0
1994,박상범,태,#224433,불펜,0.14,0.0,6.22,2.0,0,0
1994,김민태,태,#224433,스윙,0.13,99.99,0.0,0.0,0,1
1994,감병훈,삼,#0061aa,불펜,0.12,0.0,1.62,1.2,1,0
1994,김기범,L,#fc1cad,선발,0.08,4.86,3.61,63.0,33,11
1994,방극천,쌍,#ffc81e,불펜,0.07,3.0,6.22,3.0,0,0
1994,김정훈,롯,#888888,스윙,0.03,5.54,6.57,13.0,5,1
1994,노승욱,태,#224433,스윙,0.02,4.86,3.44,50.0,29,2
1994,강규성,O,#15326f,불펜,0.01,4.5,9.37,2.0,1,0
1994,최승민,L,#fc1cad,불펜,-0.01,5.4,6.84,1.2,0,0
1994,최호원,한,#f37321,불펜,-0.02,4.5,7.17,12.0,0,0
1994,김봉영,해,#ff0c00,불펜,-0.02,5.68,3.08,19.0,9,0
1994,임창식,쌍,#ffc81e,불펜,-0.02,5.4,4.87,6.2,4,0
1994,홍길남,O,#15326f,불펜,-0.03,5.19,3.24,8.2,7,0
1994,조문식,삼,#0061aa,불펜,-0.03,54.0,12.42,0.1,0,0
1994,김청수,롯,#888888,불펜,-0.03,99.99,3.12,0.1,0,0
1994,박태웅,롯,#888888,불펜,-0.04,3.0,3.81,9.0,0,0
1994,신동수,L,#fc1cad,불펜,-0.05,5.59,4.79,9.2,2,0
1994,강병규,O,#15326f,선발,-0.05,4.27,3.88,78.0,41,12
1994,신상윤,태,#224433,불펜,-0.06,13.5,3.12,1.1,0,0
1994,최용희,삼,#0061aa,스윙,-0.07,5.48,5.58,23.0,15,2
1994,이승환,쌍,#ffc81e,불펜,-0.07,4.97,3.11,12.2,5,0
1994,김종국,삼,#0061aa,불펜,-0.08,16.2,10.62,1.2,1,0
1994,양승철,해,#ff0c00,불펜,-0.08,9.0,9.07,2.0,0,0
1994,노춘섭,쌍,#ffc81e,불펜,-0.09,6.23,5.7,8.2,2,0
1994,손영철,삼,#0061aa,불펜,-0.09,9.0,5.29,4.0,5,0
1994,김경원,O,#15326f,스윙,-0.1,4.95,4.68,36.1,22,2
1994,이용철,삼,#0061aa,불펜,-0.11,10.8,3.48,3.1,2,0
1994,김민범,태,#224433,불펜,-0.12,13.5,2.63,2.2,3,0
1994,가내영,태,#224433,불펜,-0.12,5.03,3.89,34.0,15,0
1994,구동우,O,#15326f,불펜,-0.12,8.1,0.87,3.1,3,0
1994,박정현,태,#224433,스윙,-0.13,4.54,3.99,37.2,15,8
1994,하창우,O,#15326f,스윙,-0.14,7.27,4.76,8.2,3,2
1994,지연규,한,#f37321,불펜,-0.15,11.25,9.49,4.0,2,0
1994,오희주,L,#fc1cad,불펜,-0.17,7.2,5.87,10.0,7,0
1994,이은승,한,#f37321,불펜,-0.18,13.5,7.34,4.0,4,0
1994,강대성,해,#ff0c00,불펜,-0.21,16.62,8.17,4.1,2,0
1994,김재성,한,#f37321,불펜,-0.23,10.8,5.74,6.2,5,0
1994,마원성,O,#15326f,불펜,-0.24,5.84,2.91,12.1,6,0
1994,박상근,O,#15326f,불펜,-0.25,7.07,4.98,14.0,9,0
1994,조웅천,태,#224433,스윙,-0.25,6.6,4.86,15.0,10,1
1994,문희수,해,#ff0c00,스윙,-0.26,5.4,4.77,53.1,21,8
1994,윤학길,롯,#888888,선발,-0.26,5.35,4.36,112.2,49,18
1994,장호연,O,#15326f,선발,-0.26,4.52,4.38,71.2,26,11
1994,임규대,한,#f37321,불펜,-0.3,6.23,6.37,13.0,5,0
1994,곽병찬,태,#224433,불펜,-0.31,7.71,7.46,16.1,8,0
1994,이호준,해,#ff0c00,불펜,-0.36,10.22,11.32,12.1,4,0
1994,이상번,롯,#888888,스윙,-0.36,6.54,6.82,52.1,17,5
1994,오봉옥,삼,#0061aa,스윙,-0.37,6.82,5.17,33.0,13,3
1994,윤형배,롯,#888888,스윙,-0.38,6.49,3.89,26.1,9,3
1994,김익재,O,#15326f,스윙,-0.42,5.4,3.22,60.0,53,2
1994,김원형,쌍,#ffc81e,선발,-0.42,5.39,4.35,132.0,75,22
1994,강길용,쌍,#ffc81e,스윙,-0.49,4.59,4.63,68.2,38,5
1994,김민국,쌍,#ffc81e,스윙,-0.5,11.68,4.02,12.1,9,2
1994,윤동배,롯,#888888,스윙,-0.58,8.37,5.99,33.1,13,4
1994,김석기,쌍,#ffc81e,선발,-0.63,5.46,5.03,85.2,40,13
1994,서정민,롯,#888888,스윙,-0.65,12.23,5.85,17.2,14,1
1994,길배진,한,#f37321,불펜,-0.73,11.4,7.98,15.0,1,0
1994,최한림,쌍,#ffc81e,스윙,-0.9,6.71,5.31,63.0,41,2
1995,이상훈,L,#0061aa,선발,7.79,2.01,2.91,228.1,142,29
1995,김상엽,삼,#0061aa,선발,7.23,2.3,3.39,191.2,132,26
1995,김상진,O,#15326f,선발,7.15,2.11,2.33,209.0,159,27
1995,선동열,해,#ff0c00,불펜,6.3,0.49,0.47,109.1,140,0
1995,주형광,롯,#888888,선발,5.34,3.05,3.19,200.1,152,29
1995,조계현,해,#ff0c00,선발,5.3,1.71,3.17,126.0,59,19
1995,권명철,O,#15326f,선발,5.2,2.47,3.32,193.1,112,28
1995,이대진,해,#ff0c00,선발,4.87,2.57,2.62,168.1,163,21
1995,정명원,태,#224433,불펜,3.66,1.75,2.33,103.0,59,0
1995,김기범,L,#fc1cad,선발,3.5,2.86,3.65,160.2,87,26
1995,이용호,O,#15326f,불펜,3.44,1.95,3.02,101.2,68,0
1995,한용덕,한,#f37321,선발,3.4,3.29,3.19,180.1,121,25
1995,이강철,해,#ff0c00,선발,3.24,3.24,3.64,150.0,126,23
1995,염종석,롯,#888888,선발,3.2,2.98,3.55,127.0,56,18
1995,윤학길,롯,#888888,선발,3.19,3.28,3.48,159.1,71,24
1995,정민철,한,#f37321,선발,3.06,3.21,2.99,162.2,127,22
1995,김용수,L,#fc1cad,불펜,3.01,1.43,2.1,69.0,44,0
1995,김기덕,쌍,#fc1cad,스윙,2.96,2.71,3.03,116.1,90,1
1995,송유석,해,#ff0c00,스윙,2.94,2.98,4.35,120.2,51,3
1995,송진우,한,#f37321,선발,2.91,3.2,3.57,183.0,121,26
1995,오봉옥,삼,#0061aa,선발,2.9,2.9,2.9,133.1,99,10
1995,박충식,삼,#0061aa,선발,2.7,3.16,3.63,128.0,72,19
1995,박동희,롯,#888888,불펜,2.57,1.5,2.84,60.0,41,0
1995,위재영,태,#224433,선발,2.53,3.6,2.96,157.2,113,16
1995,김태한,삼,#0061aa,스윙,2.46,2.97,3.57,97.0,75,5
1995,김상현,롯,#888888,스윙,2.29,3.03,3.64,89.0,47,2
1995,조웅천,태,#224433,스윙,2.2,2.57,3.96,80.2,63,4
1995,정민태,태,#224433,선발,2.19,3.69,3.12,188.0,115,28
1995,진필중,O,#15326f,스윙,2.17,3.21,3.29,109.1,50,9
1995,강태원,해,#ff0c00,스윙,2.09,2.49,3.27,86.2,62,5
1995,강상수,롯,#888888,선발,1.99,3.35,3.09,102.0,64,16
1995,박철홍,L,#fc1cad,선발,1.94,3.09,3.85,116.2,46,13
1995,이상목,한,#f37321,선발,1.82,3.75,3.0,134.1,112,12
1995,김정수,해,#ff0c00,선발,1.78,3.89,3.47,108.2,94,22
1995,김홍집,태,#224433,선발,1.7,3.64,4.11,94.0,56,16
1995,오희주,L,#fc1cad,스윙,1.63,2.93,3.69,61.1,41,7
1995,김경원,O,#15326f,불펜,1.48,2.93,3.4,73.2,65,0
1995,정삼흠,L,#fc1cad,선발,1.46,3.81,4.48,163.0,82,26
1995,성준,삼,#0061aa,선발,1.42,4.36,4.52,126.0,58,22
1995,구대성,한,#f37321,선발,1.29,3.54,3.49,155.0,161,12
1995,김진철,쌍,#ffc81e,스윙,1.25,3.71,4.78,80.0,48,3
1995,전준호,태,#224433,스윙,1.13,3.15,3.88,60.0,29,6
1995,윤동배,롯,#888888,스윙,1.02,2.22,3.92,28.1,10,5
1995,장승익,롯,#888888,스윙,0.89,2.52,4.13,25.0,11,2
1995,노승욱,태,#224433,스윙,0.89,3.39,3.63,71.2,55,3
1995,가득염,롯,#888888,선발,0.86,4.1,3.78,96.2,74,11
1995,안병원,태,#224433,선발,0.85,4.45,3.65,117.1,77,18
1995,박진석,쌍,#ffc81e,선발,0.82,4.11,4.01,114.0,62,15
1995,신동수,L,#fc1cad,불펜,0.75,1.86,2.83,19.1,10,0
1995,최향남,해,#ff0c00,선발,0.67,3.86,4.49,67.2,54,10
1995,윤형배,롯,#888888,선발,0.65,4.79,3.98,67.2,24,10
1995,강길용,쌍,#ffc81e,스윙,0.65,3.97,3.88,45.1,27,4
1995,이원식,해,#ff0c00,선발,0.64,4.51,3.66,103.2,70,20
1995,차명석,L,#fc1cad,스윙,0.61,2.66,3.04,20.1,6,2
1995,차동철,L,#fc1cad,불펜,0.57,2.8,3.12,54.2,23,0
1995,신성필,삼,#0061aa,스윙,0.55,4.26,4.02,67.2,42,4
1995,최한림,삼,#0061aa,스윙,0.51,3.99,4.43,47.1,14,3
1995,강병규,O,#15326f,선발,0.51,4.6,4.65,103.2,50,16
1995,한태균,O,#15326f,불펜,0.4,3.14,4.64,28.2,11,0
1995,이우혁,해,#ff0c00,스윙,0.39,4.95,3.76,36.1,28,1
1995,김원형,쌍,#ffc81e,선발,0.38,3.95,4.63,143.2,69,25
1995,박석진,삼,#0061aa,선발,0.35,4.71,3.73,72.2,30,12
1995,신상윤,태,#224433,불펜,0.32,99.99,0.0,0.0,0,0
1995,공용우,한,#f37321,불펜,0.32,2.53,3.16,10.2,5,0
1995,박지철,롯,#888888,스윙,0.31,3.96,4.88,77.1,36,8
1995,이병석,L,#fc1cad,스윙,0.27,4.34,3.24,47.2,33,1
1995,권영진,롯,#888888,불펜,0.21,1.8,2.29,5.0,3,0
1995,박철순,O,#15326f,선발,0.21,4.47,4.04,94.2,67,15
1995,김억만,태,#224433,스윙,0.18,4.65,4.02,31.0,19,3
1995,박부성,롯,#888888,불펜,0.18,4.41,4.26,34.2,19,0
1995,곽채진,삼,#0061aa,스윙,0.15,5.19,3.96,59.0,40,3
1995,김성한,한,#f37321,불펜,0.14,0.0,3.17,2.0,0,0
1995,박보현,롯,#888888,불펜,0.14,3.18,2.28,5.2,2,0
1995,이상군,한,#f37321,선발,0.13,4.73,4.75,97.0,43,14
1995,가내영,태,#224433,선발,0.12,5.01,3.8,97.0,55,16
1995,홍우태,O,#15326f,불펜,0.09,2.57,4.05,7.0,0,0
1995,이상번,롯,#888888,불펜,0.08,4.91,6.43,14.2,4,0
1995,김유봉,O,#15326f,불펜,0.07,0.0,3.17,1.0,0,0
1995,강대성,해,#ff0c00,불펜,0.07,0.0,3.17,1.0,0,0
1995,성영재,쌍,#ffc81e,선발,0.07,5.08,4.39,154.0,92,25
1995,박은진,태,#224433,스윙,0.05,4.43,2.88,22.1,5,1
1995,안윤호,삼,#0061aa,불펜,0.05,0.0,3.17,0.2,0,0
1995,김인철,삼,#0061aa,스윙,0.05,4.91,5.04,62.1,23,8
1995,곽병찬,태,#224433,불펜,0.05,0.0,3.17,0.2,0,0
1995,방극천,쌍,#ffc81e,불펜,0.05,0.0,-0.58,0.2,1,0
1995,최용희,삼,#0061aa,스윙,0.03,5.4,7.19,6.2,5,1
1995,유현승,쌍,#ffc81e,선발,0.01,4.85,4.41,143.0,77,19
1995,조규제,쌍,#ffc81e,불펜,0.0,5.06,5.03,10.2,9,0
1995,고형욱,쌍,#ffc81e,불펜,0.0,5.09,6.88,17.2,6,0
1995,최승민,L,#fc1cad,불펜,-0.01,5.0,2.19,9.0,6,0
1995,조한철,쌍,#ffc81e,불펜,-0.01,4.83,4.38,31.2,10,0
1995,나성열,한,#f37321,불펜,-0.02,5.19,7.98,8.2,4,0
1995,김경환,롯,#888888,스윙,-0.02,5.89,3.13,18.1,16,1
1995,신윤호,L,#fc1cad,불펜,-0.02,1.8,3.03,5.0,4,0
1995,나영철,O,#15326f,불펜,-0.03,9.0,6.87,1.0,1,0
1995,박진철,해,#ff0c00,불펜,-0.03,99.99,0.0,0.0,0,0
1995,임창용,해,#ff0c00,스윙,-0.04,5.83,2.65,29.1,16,2
1995,신재웅,한,#f37321,스윙,-0.04,5.09,4.14,53.0,39,9
1995,고성범,롯,#888888,불펜,-0.05,40.5,21.02,0.2,0,0
1995,허삼영,삼,#0061aa,불펜,-0.05,13.5,12.09,1.1,0,0
1995,장용,쌍,#ffc81e,불펜,-0.06,18.0,15.67,1.0,1,0
1995,김재성,한,#f37321,불펜,-0.06,54.0,12.47,0.2,0,0
1995,김익재,O,#15326f,불펜,-0.06,4.5,3.32,4.0,1,0
1995,김기덕,L,#fc1cad,불펜,-0.06,13.5,1.74,1.1,2,0
1995,박종철,삼,#0061aa,불펜,-0.08,13.5,6.27,2.0,0,0
1995,박정현,태,#224433,불펜,-0.09,7.71,5.42,4.2,2,0
1995,박창현,L,#fc1cad,불펜,-0.09,10.13,4.33,2.2,0,0
1995,김승남,삼,#0061aa,스윙,-0.09,5.2,5.76,36.1,21,1
1995,김석기,쌍,#ffc81e,선발,-0.09,5.16,4.66,99.1,48,15
1995,감병훈,삼,#0061aa,불펜,-0.1,40.5,21.92,1.1,2,0
1995,진정필,한,#f37321,스윙,-0.1,47.25,21.92,1.1,2,1
1995,강희석,쌍,#ffc81e,스윙,-0.12,14.73,12.36,3.2,1,1
1995,류택현,O,#15326f,불펜,-0.12,10.8,4.46,3.1,2,0
1995,문창환,태,#224433,불펜,-0.13,5.63,4.64,16.0,4,0
1995,김태형,롯,#888888,불펜,-0.14,11.25,5.02,4.0,2,0
1995,최한경,삼,#0061aa,선발,-0.14,5.7,5.07,83.2,55,13
1995,노춘섭,쌍,#ffc81e,불펜,-0.14,31.5,1.92,2.0,1,0
1995,박성진,쌍,#ffc81e,불펜,-0.15,12.0,9.43,3.0,2,0
1995,박성기,쌍,#ffc81e,선발,-0.15,4.83,5.75,108.0,65,19
1995,이상훈,삼,#0061aa,불펜,-0.19,13.5,1.82,4.2,5,0
1995,김태원,L,#fc1cad,선발,-0.22,5.01,3.65,124.0,59,21
1995,김봉영,해,#ff0c00,불펜,-0.23,10.13,7.27,5.1,2,0
1995,김태석,롯,#888888,불펜,-0.27,7.06,3.95,21.2,10,0
1995,강봉수,L,#fc1cad,불펜,-0.27,5.87,3.46,23.0,12,0
1995,문희수,해,#ff0c00,불펜,-0.28,7.98,2.61,14.2,7,0
1995,송재용,O,#15326f,선발,-0.28,4.87,3.35,61.0,40,10
1995,지연규,한,#f37321,스윙,-0.32,5.14,5.42,28.0,8,5
1995,홍길남,O,#15326f,불펜,-0.34,6.64,3.7,20.1,13,0
1995,김민범,태,#224433,불펜,-0.36,7.94,4.2,11.1,10,0
1995,이은승,한,#f37321,불펜,-0.36,9.9,5.72,10.0,8,0
1995,이국성,한,#f37321,불펜,-0.36,13.5,8.55,8.0,2,0
1995,민원기,L,#fc1cad,스윙,-0.37,7.16,4.42,16.1,10,1
1995,최창호,태,#224433,스윙,-0.45,7.24,8.23,27.1,11,7
1995,김민태,한,#f37321,불펜,-0.45,5.6,4.88,53.0,27,0
1995,이광우,O,#15326f,스윙,-0.45,12.0,4.98,12.0,7,2
1995,김민국,쌍,#ffc81e,스윙,-0.48,10.34,5.5,15.2,5,1
1995,최상덕,태,#224433,스윙,-0.54,8.28,5.44,29.1,17,8
1995,유명선,쌍,#ffc81e,스윙,-0.6,6.36,5.01,58.0,34,1
1995,장호연,O,#15326f,선발,-0.65,5.33,5.07,79.1,28,15
1995,정의성,한,#f37321,불펜,-0.66,6.89,4.54,31.1,13,0
1996,조계현,해,#ff0c00,선발,7.05,2.07,3.23,191.2,116,26
1996,정민태,현,#007f55,선발,5.8,2.44,3.15,210.1,127,29
1996,주형광,롯,#888888,선발,5.43,3.36,2.35,216.2,221,29
1996,이강철,해,#ff0c00,선발,5.39,2.46,3.22,153.2,119,21
1996,구대성,한,#f37321,스윙,5.31,1.88,1.14,139.0,183,2
1996,이대진,해,#ff0c00,선발,5.2,2.37,2.68,159.2,146,16
1996,성영재,쌍,#ffc81e,선발,5.05,2.37,3.41,148.0,92,24
1996,정민철,한,#f37321,선발,4.92,3.03,2.46,219.2,203,29
1996,위재영,현,#007f55,선발,4.76,2.72,3.02,181.2,138,28
1996,송진우,한,#f37321,선발,4.61,3.25,3.55,213.0,160,30
1996,진필중,O,#15326f,선발,3.74,3.11,3.19,191.0,69,23
1996,김기덕,쌍,#fc1cad,선발,3.66,2.4,3.24,112.2,66,10
1996,김태석,롯,#888888,선발,3.59,2.95,3.53,128.0,52,11
1996,박충식,삼,#0061aa,스윙,3.39,2.01,2.51,89.2,56,2
1996,전병호,삼,#0061aa,선발,3.34,2.65,3.59,108.2,87,15
1996,정명원,현,#007f55,불펜,3.27,1.58,3.12,97.0,59,0
1996,김현욱,쌍,#ffc81e,스윙,2.96,2.63,2.51,99.1,74,1
1996,김정수,해,#ff0c00,스윙,2.95,2.01,2.22,76.0,97,1
1996,조웅천,현,#007f55,불펜,2.83,2.11,2.64,94.0,76,0
1996,오봉옥,쌍,#ffc81e,선발,2.81,3.06,3.58,135.1,86,18
1996,강상수,롯,#888888,선발,2.7,3.97,3.34,176.2,104,27
1996,이상훈,L,#0061aa,스윙,2.58,2.54,2.91,99.1,95,4
1996,조규제,쌍,#ffc81e,불펜,2.56,1.81,1.96,59.2,74,0
1996,임창용,해,#ff0c00,스윙,2.2,3.22,3.45,114.2,78,7
1996,전준호,현,#007f55,선발,2.1,3.33,3.72,138.0,78,17
1996,최정환,쌍,#ffc81e,불펜,2.0,1.57,2.93,46.0,24,0
1996,김용수,L,#fc1cad,스윙,1.96,2.82,2.7,130.2,92,9
1996,박명환,O,#15326f,선발,1.89,3.84,3.84,185.1,139,28
1996,가내영,현,#007f55,선발,1.81,3.38,3.14,133.1,93,16
1996,강태원,해,#ff0c00,선발,1.77,2.78,3.03,81.0,58,10
1996,김태원,L,#fc1cad,선발,1.77,3.79,4.15,156.2,86,26
1996,박부성,롯,#888888,스윙,1.77,3.91,4.01,89.2,39,8
1996,이상훈,삼,#0061aa,스윙,1.73,3.3,3.97,76.1,35,5
1996,박상근,O,#15326f,스윙,1.66,2.58,3.95,59.1,39,5
1996,최창호,현,#007f55,선발,1.63,3.85,4.05,140.1,97,25
1996,최창양,삼,#0061aa,선발,1.51,3.86,3.8,126.0,82,22
1996,김상진,해,#15326f,선발,1.41,4.29,4.56,123.2,64,21
1996,박성기,쌍,#ffc81e,선발,1.33,3.84,3.94,93.2,84,20
1996,박철순,O,#15326f,선발,1.33,2.62,3.18,68.2,44,11
1996,박진석,쌍,#ffc81e,선발,1.25,3.49,3.91,59.1,29,11
1996,강길용,쌍,#ffc81e,스윙,1.24,3.35,3.07,80.2,54,4
1996,장정순,삼,#0061aa,스윙,1.1,3.63,3.44,67.0,52,2
1996,이상목,한,#f37321,선발,1.02,3.97,2.35,174.2,156,27
1996,박철홍,L,#fc1cad,선발,1.0,3.91,3.76,131.1,61,13
1996,김민국,쌍,#ffc81e,불펜,0.95,3.11,3.31,37.2,32,0
1996,김인철,삼,#0061aa,선발,0.95,4.01,5.15,83.0,26,14
1996,정삼흠,L,#fc1cad,선발,0.92,4.29,4.25,136.1,76,25
1996,이용훈,해,#ff0c00,불펜,0.91,1.42,3.94,19.0,10,0
1996,박동희,롯,#888888,선발,0.9,3.88,4.65,69.2,34,11
1996,성준,삼,#0061aa,선발,0.9,3.96,4.42,50.0,36,13
1996,류택현,O,#15326f,스윙,0.9,2.57,3.27,35.0,28,2
1996,이재만,해,#ff0c00,스윙,0.82,3.0,4.4,33.0,19,2
1996,김경원,O,#15326f,스윙,0.73,3.42,2.74,47.1,42,1
1996,김원형,쌍,#ffc81e,선발,0.72,4.12,4.01,126.2,69,23
1996,박지철,롯,#888888,선발,0.7,4.7,4.53,99.2,53,12
1996,유현승,쌍,#ffc81e,선발,0.69,4.14,4.06,58.2,31,10
1996,한용덕,한,#f37321,선발,0.62,4.37,4.02,111.1,57,20
1996,최재호,삼,#0061aa,선발,0.62,4.84,4.74,126.1,66,15
1996,강병규,O,#15326f,선발,0.61,3.99,4.26,121.2,55,23
1996,김태한,삼,#0061aa,선발,0.59,4.48,3.86,86.1,65,15
1996,송유석,해,#ff0c00,스윙,0.58,4.29,4.86,71.1,32,5
1996,차명석,L,#fc1cad,스윙,0.56,4.04,4.0,71.1,34,7
1996,가득염,롯,#888888,스윙,0.55,3.93,5.55,50.1,27,6
1996,한태균,O,#15326f,불펜,0.54,3.38,3.45,50.2,21,0
1996,김상진,O,#15326f,선발,0.52,3.64,3.06,94.0,83,12
1996,최한림,삼,#0061aa,스윙,0.45,4.76,5.09,51.0,25,4
1996,김기범,L,#fc1cad,선발,0.43,4.28,4.21,103.0,62,19
1996,김상엽,삼,#0061aa,스윙,0.4,3.86,4.33,21.0,22,2
1996,신동수,L,#fc1cad,스윙,0.38,3.73,4.43,41.0,22,1
1996,박보현,롯,#888888,스윙,0.36,4.7,4.25,46.0,24,2
1996,박성진,쌍,#ffc81e,불펜,0.33,1.35,3.82,6.2,3,0
1996,김유봉,O,#15326f,스윙,0.3,3.72,7.42,19.1,7,2
1996,노종우,현,#007f55,불펜,0.28,0.0,2.53,4.0,1,0
1996,고형욱,쌍,#ffc81e,불펜,0.27,0.0,2.12,3.2,4,0
1996,마원성,O,#15326f,불펜,0.26,3.45,4.59,15.2,8,0
1996,최한경,삼,#0061aa,스윙,0.23,3.38,4.79,42.2,20,1
1996,윤형배,롯,#888888,스윙,0.23,5.0,3.06,27.0,12,1
1996,김억만,현,#007f55,불펜,0.21,0.0,-0.17,3.0,4,0
1996,최향남,해,#ff0c00,스윙,0.21,4.88,4.25,31.1,30,1
1996,지연규,한,#f37321,불펜,0.2,3.38,2.57,10.2,5,0
1996,장승익,롯,#888888,불펜,0.2,0.0,2.22,2.2,1,0
1996,김석기,쌍,#ffc81e,스윙,0.19,4.81,4.66,24.1,11,3
1996,박주언,쌍,#ffc81e,스윙,0.17,5.0,3.93,66.2,37,2
1996,이재섭,롯,#888888,불펜,0.15,0.0,0.66,2.0,2,0
1996,김상현,롯,#888888,불펜,0.07,4.98,3.06,34.1,27,0
1996,윤학길,롯,#888888,스윙,0.05,4.58,4.51,53.0,19,9
1996,김태형,롯,#888888,불펜,0.04,5.18,4.67,24.1,19,0
1996,최호원,한,#f37321,스윙,0.04,3.91,4.07,23.0,16,1
1996,최승민,L,#fc1cad,스윙,0.01,4.33,4.59,52.0,25,6
1996,장형석,삼,#0061aa,스윙,0.01,5.19,3.97,17.1,8,3
1996,김민태,한,#f37321,스윙,0.01,3.53,4.68,43.1,28,1
1996,나성열,한,#f37321,불펜,-0.01,5.4,9.16,1.2,2,0
1996,김홍집,현,#007f55,불펜,-0.01,5.14,6.44,7.0,3,0
1996,신상윤,현,#007f55,불펜,-0.01,5.4,1.84,3.1,3,0
1996,안병원,현,#007f55,스윙,-0.02,4.47,3.88,52.1,31,5
1996,홍길남,O,#15326f,불펜,-0.02,5.19,3.74,8.2,4,0
1996,박석진,삼,#0061aa,스윙,-0.04,4.68,4.51,57.2,26,3
1996,권영진,롯,#888888,불펜,-0.05,18.0,3.16,1.0,0,0
1996,김영복,롯,#888888,불펜,-0.06,7.2,6.16,5.0,0,0
1996,김재성,한,#f37321,불펜,-0.07,5.4,3.38,21.2,15,0
1996,양윤기,현,#007f55,불펜,-0.07,0.0,6.86,1.0,1,0
1996,손혁,L,#fc1cad,스윙,-0.08,6.1,5.14,10.1,4,2
1996,곽병찬,현,#007f55,불펜,-0.09,16.2,3.16,1.2,0,0
1996,김진철,쌍,#ffc81e,불펜,-0.09,8.31,5.88,4.1,5,0
1996,이용호,O,#15326f,스윙,-0.1,4.24,5.98,40.1,18,2
1996,최원호,현,#007f55,불펜,-0.1,3.45,5.06,15.2,4,0
1996,강봉수,한,#f37321,불펜,-0.1,5.74,6.46,15.2,6,0
1996,손영철,현,#007f55,불펜,-0.1,5.25,4.18,12.0,5,0
1996,이상번,롯,#888888,스윙,-0.11,6.34,5.8,44.0,20,4
1996,최용희,O,#15326f,불펜,-0.11,9.0,8.01,4.0,3,0
1996,유명선,쌍,#ffc81e,스윙,-0.12,8.1,3.52,6.2,4,2
1996,정영환,한,#f37321,불펜,-0.12,12.0,8.56,3.0,2,0
1996,민원기,L,#fc1cad,스윙,-0.12,5.4,5.02,20.0,12,2
1996,한명윤,O,#15326f,불펜,-0.13,5.28,3.18,15.1,11,0
1996,신재웅,한,#f37321,선발,-0.14,5.1,3.67,83.0,77,11
1996,김기진,L,#fc1cad,불펜,-0.15,7.71,5.54,7.0,2,0
1996,김성한,한,#f37321,불펜,-0.15,4.63,5.98,23.1,9,0
1996,박은진,한,#f37321,불펜,-0.15,12.27,2.64,3.2,2,0
1996,이원식,해,#ff0c00,선발,-0.17,5.46,5.21,59.1,27,12
1996,김익재,현,#007f55,스윙,-0.18,3.86,3.84,30.1,20,4
1996,신윤호,L,#fc1cad,불펜,-0.18,11.25,8.73,4.0,1,0
1996,윤동배,롯,#888888,불펜,-0.19,0.0,6.61,4.2,1,0
1996,이광우,O,#15326f,선발,-0.19,5.06,4.48,53.1,19,10
1996,여준홍,O,#15326f,불펜,-0.19,18.9,15.31,3.1,2,0
1996,박태순,삼,#0061aa,불펜,-0.19,10.38,2.86,4.1,3,0
1996,박철웅,해,#ff0c00,스윙,-0.21,12.71,6.67,5.2,3,1
1996,이병석,L,#fc1cad,스윙,-0.22,4.29,4.11,21.0,9,1
1996,김봉영,해,#ff0c00,불펜,-0.23,15.75,7.98,4.0,2,0
1996,박정현,현,#007f55,스윙,-0.26,6.89,6.21,15.2,9,2
1996,이은승,한,#f37321,불펜,-0.28,8.68,6.81,9.1,6,0
1996,감병훈,삼,#0061aa,스윙,-0.29,25.07,14.62,4.2,3,2
1996,이상열,한,#f37321,불펜,-0.3,7.27,4.6,17.1,13,0
1996,최상덕,해,#ff0c00,스윙,-0.3,9.31,4.64,9.2,4,3
1996,김정훈,L,#fc1cad,불펜,-0.32,9.9,4.64,10.0,4,0
1996,이태일,삼,#0061aa,스윙,-0.34,6.5,5.74,45.2,17,7
1996,곽채진,삼,#0061aa,불펜,-0.45,7.09,6.41,26.2,9,0
1996,김기덕,L,#fc1cad,불펜,-0.49,12.34,5.13,11.2,9,0
1996,차동철,L,#fc1cad,스윙,-0.58,5.33,3.95,77.2,33,1
1996,신성필,삼,#0061aa,스윙,-0.59,8.18,6.08,33.0,16,1
1996,신영균,쌍R,#ffc81e,스윙,-0.62,7.5,4.84,36.0,19,2
1996,김도완,L,#fc1cad,선발,-0.63,4.61,5.06,41.0,24,10
1996,홍우태,O,#15326f,스윙,-0.64,6.92,6.21,26.0,20,3
1996,이상군,한,#f37321,스윙,-0.69,8.75,6.34,23.2,11,5
1996,차명주,롯,#888888,스윙,-0.75,7.43,4.71,46.0,29,6
1997,김현욱,쌍,#ffc81e,불펜,6.27,1.88,2.28,157.2,135,0
1997,정민철,한,#f37321,선발,6.19,2.46,2.67,208.2,160,30
1997,박지철,롯,#888888,선발,5.9,2.45,3.58,157.2,96,12
1997,이대진,해,#ff0c00,선발,4.97,3.14,3.48,180.2,140,26
1997,이강철,해,#ff0c00,선발,4.29,2.99,3.52,162.2,128,25
1997,김상엽,삼,#0061aa,선발,4.25,3.35,4.35,150.2,82,24
1997,임창용,해,#ff0c00,불펜,4.25,2.33,2.37,135.0,120,0
1997,김원형,쌍,#ffc81e,선발,3.96,2.75,3.92,157.0,80,28
1997,정민태,현,#007f55,선발,3.88,3.33,3.05,219.0,159,31
1997,성영재,쌍,#ffc81e,선발,3.86,2.43,3.78,107.1,80,22
1997,차명석,L,#fc1cad,불펜,3.67,2.79,3.43,119.1,66,0
1997,김상진,해,#15326f,선발,3.6,3.6,4.03,147.2,91,24
1997,전승남,L,#fc1cad,선발,3.05,3.29,3.87,123.0,74,19
1997,이상훈,L,#0061aa,불펜,3.04,2.11,1.88,85.1,103,0
1997,김경원,O,#15326f,불펜,2.9,1.96,2.07,73.1,73,0
1997,임선동,L,#fc1cad,선발,2.9,3.52,3.75,135.2,77,22
1997,김태한,삼,#0061aa,스윙,2.85,2.61,3.78,96.2,84,2
1997,최향남,L,#fc1cad,선발,2.76,2.99,3.55,120.1,74,19
1997,김용수,L,#fc1cad,선발,2.73,3.7,3.45,177.2,121,28
1997,김상진,O,#15326f,선발,2.61,3.3,3.07,136.1,108,24
1997,정명원,현,#007f55,스윙,2.56,3.5,3.55,115.2,71,6
1997,위재영,현,#007f55,선발,2.51,3.24,3.95,111.0,74,18
1997,조규제,쌍,#ffc81e,불펜,2.46,2.9,2.41,77.2,74,0
1997,조웅천,현,#007f55,불펜,2.43,2.84,3.24,92.0,64,0
1997,구대성,한,#f37321,불펜,2.43,3.16,2.08,102.2,134,0
1997,박충식,삼,#0061aa,선발,2.42,4.32,3.89,170.2,92,24
1997,이경필,O,#15326f,선발,2.4,3.62,3.98,126.2,75,17
1997,박명환,O,#15326f,선발,2.22,3.96,3.48,154.2,126,26
1997,염종석,롯,#888888,선발,2.19,3.84,4.45,133.2,71,23
1997,신재웅,한,#f37321,선발,2.0,3.67,4.84,135.0,93,22
1997,최정환,쌍,#ffc81e,스윙,1.9,3.92,3.77,108.0,63,3
1997,강태원,해,#ff0c00,스윙,1.75,3.2,4.3,70.1,40,6
1997,김태석,롯,#888888,선발,1.72,4.19,4.89,109.2,51,13
1997,이원식,해,#ff0c00,스윙,1.64,3.48,4.39,75.0,39,3
1997,성준,삼,#0061aa,선발,1.63,3.31,4.29,89.2,45,16
1997,강병규,O,#15326f,스윙,1.57,3.58,3.53,103.0,54,5
1997,최재호,삼,#0061aa,스윙,1.52,3.76,4.09,76.2,51,3
1997,임창식,쌍,#ffc81e,선발,1.35,3.77,4.34,59.2,24,11
1997,김정수,해,#ff0c00,스윙,1.31,4.02,3.9,80.2,79,5
1997,진필중,O,#15326f,선발,1.24,3.72,3.88,130.2,72,26
1997,한용덕,한,#f37321,선발,1.21,4.16,3.7,93.0,61,11
1997,손혁,L,#fc1cad,선발,1.09,4.18,4.27,112.0,66,20
1997,조계현,해,#ff0c00,선발,1.07,3.71,3.83,114.0,71,23
1997,최창양,삼,#0061aa,선발,1.04,4.75,4.6,83.1,45,16
1997,김해님,한,#f37321,스윙,0.96,3.73,4.94,60.1,36,1
1997,이상목,한,#f37321,선발,0.93,4.3,3.79,138.0,101,18
1997,이광우,O,#15326f,선발,0.92,4.54,3.19,119.0,86,18
1997,전병호,삼,#0061aa,선발,0.91,4.93,4.73,131.1,76,24
1997,이상열,한,#f37321,스윙,0.73,4.18,4.98,51.2,31,1
1997,곽채진,삼,#0061aa,스윙,0.73,3.16,2.21,57.0,50,3
1997,김상현,롯,#888888,불펜,0.7,3.6,4.61,30.0,13,0
1997,정수찬,쌍,#ffc81e,스윙,0.67,3.83,3.83,44.2,18,4
1997,송유석,L,#fc1cad,스윙,0.66,4.37,4.21,78.1,41,2
1997,박보현,롯,#888888,불펜,0.63,4.23,4.33,44.2,21,0
1997,김인철,삼,#0061aa,불펜,0.63,3.44,5.42,34.0,11,0
1997,차명주,롯,#888888,선발,0.63,4.68,4.24,107.2,64,21
1997,류택현,O,#15326f,불펜,0.63,3.38,2.86,40.0,36,0
1997,송진우,한,#f37321,선발,0.62,4.6,4.64,146.2,73,20
1997,권명철,O,#15326f,스윙,0.62,2.76,2.19,29.1,25,1
1997,오상민,쌍,#ffc81e,스윙,0.58,4.91,4.57,77.0,39,7
1997,정성훈,삼,#0061aa,선발,0.57,4.79,4.67,77.0,39,10
1997,김기덕,쌍,#ffc81e,선발,0.5,5.23,4.97,105.0,49,20
1997,박성진,쌍,#ffc81e,불펜,0.49,1.74,2.83,10.1,8,0
1997,최승민,L,#fc1cad,불펜,0.46,3.12,3.91,26.0,9,0
1997,민원기,L,#fc1cad,불펜,0.45,1.98,5.68,13.2,5,0
1997,박진석,쌍,#ffc81e,스윙,0.39,4.6,5.08,29.1,14,9
1997,문동환,롯,#888888,불펜,0.39,4.85,3.59,39.0,23,0
1997,신상윤,현,#007f55,스윙,0.38,2.53,5.01,10.2,7,1
1997,신동수,L,#fc1cad,불펜,0.36,2.19,7.14,12.1,3,0
1997,최원호,현,#007f55,선발,0.33,4.46,5.43,78.2,40,11
1997,임봉춘,롯,#888888,스윙,0.31,4.81,5.06,33.2,21,5
1997,강상수,롯,#888888,선발,0.3,5.13,3.88,101.2,70,15
1997,안병원,현,#007f55,선발,0.28,4.76,4.3,123.0,97,18
1997,손민한,롯,#888888,스윙,0.27,4.8,4.81,30.0,17,4
1997,변대수,삼,#0061aa,불펜,0.26,5.06,4.58,42.2,28,0
1997,이상훈,삼,#0061aa,스윙,0.25,5.59,4.7,58.0,33,1
1997,윤형배,쌍,#ffc81e,스윙,0.25,4.66,4.31,19.1,13,5
1997,이상번,롯,#888888,불펜,0.22,4.15,3.25,13.0,11,0
1997,한명윤,O,#15326f,불펜,0.19,3.72,5.31,9.2,2,0
1997,설종진,현,#007f55,불펜,0.15,0.0,3.56,2.0,1,0
1997,장정순,삼,#0061aa,불펜,0.14,4.97,6.22,12.2,9,0
1997,최영필,현,#007f55,선발,0.13,4.88,5.13,101.1,79,13
1997,김영수,O,#15326f,스윙,0.12,5.1,4.89,65.1,47,6
1997,김건우,L,#fc1cad,불펜,0.1,4.63,5.03,11.2,11,0
1997,김동호,해,#ff0c00,스윙,0.09,5.73,5.82,33.0,14,2
1997,김환조,O,#15326f,불펜,0.08,3.86,3.28,21.0,12,0
1997,인현배,L,#fc1cad,불펜,0.08,3.0,6.79,3.0,3,0
1997,강길용,쌍,#ffc81e,스윙,0.08,4.46,4.15,66.2,42,2
1997,박동희,삼,#0061aa,불펜,0.08,0.0,0.76,1.0,1,0
1997,오봉옥,쌍,#ffc81e,스윙,0.08,5.2,3.75,55.1,43,8
1997,이재만,해,#ff0c00,스윙,0.06,5.84,5.94,37.0,12,1
1997,김태원,L,#fc1cad,스윙,0.05,5.46,5.24,28.0,13,7
1997,김봉영,해,#ff0c00,스윙,0.05,5.4,4.66,33.1,15,7
1997,가득염,롯,#888888,스윙,0.04,5.71,4.1,41.0,24,3
1997,신창수,L,#fc1cad,불펜,0.02,0.0,3.26,0.1,0,0
1997,박철웅,해,#ff0c00,스윙,0.02,5.84,5.04,12.1,8,1
1997,이경호,현,#007f55,불펜,0.02,0.0,3.26,0.1,0,0
1997,노장진,한,#f37321,선발,0.02,5.47,5.71,133.1,81,22
1997,최창호,현,#007f55,선발,0.01,5.24,4.51,110.0,67,16
1997,한태균,O,#15326f,스윙,0.0,4.59,4.3,33.1,18,1
1997,김민기,L,#fc1cad,스윙,0.0,5.63,3.56,8.0,4,1
1997,최한림,삼,#0061aa,불펜,0.0,5.06,5.13,16.0,5,0
1997,정인석,롯,#888888,불펜,-0.01,6.75,5.59,1.1,0,0
1997,장승익,롯,#888888,불펜,-0.01,6.75,3.26,1.1,0,0
1997,김진철,쌍,#ffc81e,불펜,-0.01,4.15,5.71,4.1,3,0
1997,김형주,쌍,#ffc81e,불펜,-0.02,9.0,9.46,1.0,0,0
1997,최용호,O,#15326f,불펜,-0.02,9.0,3.86,1.0,1,0
1997,박주언,쌍,#ffc81e,스윙,-0.02,5.14,8.4,7.0,4,1
1997,이은승,한,#f37321,불펜,-0.02,4.5,3.46,6.0,2,0
1997,박진철,해,#ff0c00,스윙,-0.03,6.23,4.52,21.2,16,1
1997,노종우,현,#007f55,불펜,-0.04,6.75,7.31,4.0,2,0
1997,정영환,한,#f37321,불펜,-0.05,9.0,3.26,2.0,0,0
1997,장형석,삼,#0061aa,불펜,-0.05,40.5,12.56,0.2,0,0
1997,김석기,쌍,#ffc81e,불펜,-0.05,13.5,12.64,1.1,1,0
1997,홍길남,O,#15326f,불펜,-0.05,18.0,9.46,1.0,0,0
1997,감병훈,삼,#0061aa,불펜,-0.06,6.1,4.15,10.1,5,0
1997,박성기,쌍,#ffc81e,스윙,-0.08,27.0,23.89,1.1,1,1
1997,김익재,현,#007f55,불펜,-0.09,6.1,5.94,20.2,18,0
1997,나성열,쌍,#ffc81e,불펜,-0.1,8.1,4.55,3.1,2,0
1997,김상현,롯,#888888,스윙,-0.1,5.75,4.87,40.2,22,3
1997,최호원,한,#f37321,불펜,-0.1,6.32,5.21,15.2,6,0
1997,박부성,롯,#888888,불펜,-0.11,5.32,4.68,22.0,9,0
1997,주형광,롯,#888888,선발,-0.11,5.88,5.36,131.2,84,20
1997,오철민,해,#ff0c00,스윙,-0.12,6.75,5.08,24.0,20,2
1997,홍우태,한,#f37321,스윙,-0.14,7.45,5.38,9.2,4,1
1997,공용우,한,#f37321,불펜,-0.14,7.5,5.76,6.0,6,0
1997,윤학길,롯,#888888,불펜,-0.15,12.0,11.79,3.0,3,0
1997,김민태,한,#f37321,불펜,-0.16,16.2,10.58,3.1,1,0
1997,김승남,쌍,#ffc81e,불펜,-0.18,24.0,9.69,3.0,2,0
1997,신영균,L,#fc1cad,불펜,-0.19,12.6,9.5,5.0,2,0
1997,유현승,쌍,#ffc81e,스윙,-0.21,9.64,3.85,9.1,4,6
1997,박정현,현,#007f55,불펜,-0.24,6.39,5.22,25.1,19,0
1997,이정훈,롯,#888888,불펜,-0.25,6.51,5.6,27.2,14,0
1997,이용호,O,#15326f,불펜,-0.28,9.0,7.36,12.0,7,0
1997,박태순,삼,#0061aa,스윙,-0.28,7.97,4.9,20.1,22,3
1997,가내영,현,#007f55,스윙,-0.33,5.92,5.0,65.1,38,6
1997,김홍집,현,#007f55,스윙,-0.35,6.14,4.87,29.1,19,6
1997,김기범,L,#fc1cad,스윙,-0.37,5.92,4.3,38.0,28,5
1997,김성한,쌍,#ffc81e,불펜,-0.48,10.19,6.83,17.2,11,0
1997,차동철,L,#fc1cad,불펜,-0.52,14.73,9.28,11.0,0,0
1997,장문석,L,#fc1cad,스윙,-0.53,13.5,7.89,12.2,8,3
1997,김민국,쌍,#ffc81e,스윙,-0.58,6.49,5.6,59.2,27,1
1997,박석진,롯,#888888,스윙,-0.71,7.02,3.71,42.1,24,7
1997,김재성,한,#f37321,불펜,0.0,0.0,0.0,0.0,0,0
1998,정명원,현,#007f55,선발,6.13,1.86,3.17,184.0,123,26
1998,진필중,O,#15326f,스윙,5.57,2.33,3.08,158.1,100,5
1998,정민태,현,#007f55,선발,5.26,2.83,3.17,200.2,159,28
1998,임창용,해,#ff0c00,불펜,5.14,1.89,1.82,133.2,141,0
1998,김수경,현,#007f55,선발,4.78,2.76,2.5,160.0,168,20
1998,이강철,해,#ff0c00,선발,4.64,3.11,3.29,179.1,160,28
1998,이대진,해,#ff0c00,선발,4.54,3.26,2.94,179.1,183,28
1998,최원호,현,#007f55,선발,4.49,3.04,4.36,151.0,112,18
1998,한용덕,한,#f37321,스윙,4.46,2.26,3.0,131.2,96,2
1998,김원형,쌍,#ffc81e,선발,4.25,2.52,3.17,150.0,109,11
1998,박명환,O,#15326f,선발,4.0,3.22,3.35,187.0,181,28
1998,문동환,롯,#888888,선발,3.96,3.16,3.12,136.2,86,13
1998,정민철,한,#f37321,선발,3.76,3.16,3.33,148.1,97,23
1998,박충식,삼,#0061aa,선발,3.71,3.45,3.52,159.1,100,24
1998,김용수,L,#fc1cad,선발,3.5,3.45,3.27,175.0,116,25
1998,위재영,현,#007f55,선발,3.45,3.23,4.2,164.1,122,26
1998,베이커,삼,#0061aa,선발,3.15,4.13,4.49,172.0,87,26
1998,구대성,한,#f37321,스윙,3.12,2.55,2.46,123.2,129,2
1998,김현욱,쌍,#ffc81e,불펜,3.1,3.34,3.71,129.1,93,0
1998,주형광,롯,#888888,선발,2.96,3.63,3.19,183.1,148,25
1998,염종석,롯,#888888,선발,2.88,3.9,3.3,163.2,108,27
1998,최향남,L,#fc1cad,선발,2.76,3.63,3.71,173.1,111,28
1998,이경필,O,#15326f,선발,2.68,3.12,3.35,150.0,94,24
1998,김기덕,쌍,#ffc81e,선발,2.52,3.52,3.47,138.0,89,21
1998,강병규,O,#15326f,선발,2.51,3.63,3.83,134.0,74,20
1998,송유석,L,#fc1cad,불펜,2.39,2.97,4.04,91.0,44,0
1998,김진웅,삼,#0061aa,스윙,2.36,3.17,4.42,76.2,55,6
1998,성영재,쌍,#ffc81e,선발,2.32,3.51,4.26,141.0,76,23
1998,손혁,L,#fc1cad,선발,2.3,3.7,4.27,143.1,88,26
1998,곽채진,삼,#0061aa,스윙,2.2,3.64,4.42,111.1,98,5
1998,파라,삼,#0061aa,스윙,2.05,3.67,4.1,95.2,55,4
1998,스트롱,현,#007f55,불펜,1.67,2.95,3.3,58.0,54,0
1998,김상진,해,#15326f,선발,1.57,3.87,4.04,121.0,69,20
1998,김상진,O,#15326f,선발,1.55,3.81,3.78,141.2,97,27
1998,최상덕,해,#ff0c00,선발,1.42,4.25,4.66,97.1,56,18
1998,최재호,삼,#0061aa,스윙,1.4,3.43,4.06,63.0,38,1
1998,강상수,롯,#888888,스윙,1.33,4.46,4.56,111.0,85,7
1998,전승남,L,#fc1cad,선발,1.28,4.15,3.92,112.2,70,19
1998,김경원,O,#15326f,스윙,1.28,3.02,3.62,53.2,37,2
1998,최창호,L,#fc1cad,불펜,1.12,3.13,4.47,46.0,26,0
1998,김유진,쌍,#ffc81e,스윙,1.02,3.17,3.77,54.0,29,2
1998,김정수,해,#ff0c00,스윙,1.02,3.43,3.95,39.1,36,1
1998,김태석,롯,#888888,선발,0.93,4.63,4.62,138.0,62,22
1998,이병석,해,#ff0c00,스윙,0.93,4.58,4.47,94.1,64,5
1998,조웅천,현,#007f55,불펜,0.91,3.51,4.36,51.1,41,0
1998,박정현,쌍,#ffc81e,스윙,0.9,2.22,4.84,24.1,13,3
1998,최용호,O,#15326f,스윙,0.9,3.29,2.87,54.2,55,1
1998,이광우,O,#15326f,선발,0.89,4.33,4.65,99.2,43,11
1998,임창식,쌍,#ffc81e,선발,0.85,3.56,5.01,83.1,35,16
1998,최창양,삼,#0061aa,스윙,0.83,3.25,3.7,27.2,19,3
1998,조규제,현,#007f55,스윙,0.81,4.18,4.11,56.0,40,3
1998,오철민,해,#ff0c00,선발,0.79,4.7,4.73,103.1,72,20
1998,가득염,롯,#888888,스윙,0.79,4.13,4.26,52.1,30,2
1998,고형욱,쌍,#ffc81e,스윙,0.77,3.44,4.79,34.0,8,4
1998,차명석,L,#fc1cad,불펜,0.77,3.96,3.79,77.1,43,0
1998,윤형배,쌍,#ffc81e,스윙,0.75,4.08,4.27,46.1,14,4
1998,앤더슨,L,#fc1cad,불펜,0.66,3.56,4.04,55.2,30,0
1998,가내영,쌍,#ffc81e,스윙,0.6,4.24,4.29,40.1,18,3
1998,이상목,한,#f37321,선발,0.6,4.84,3.49,174.2,145,26
1998,송진우,한,#f37321,선발,0.59,4.79,4.93,114.2,72,19
1998,한태균,O,#15326f,불펜,0.53,2.79,3.71,29.0,16,0
1998,신윤호,L,#fc1cad,스윙,0.52,4.64,4.68,64.0,43,1
1998,성준,삼,#0061aa,스윙,0.5,4.87,5.17,40.2,16,8
1998,박성기,롯,#888888,스윙,0.49,4.6,5.19,43.0,20,9
1998,이혜천,O,#15326f,불펜,0.46,1.74,3.23,10.1,9,0
1998,곽현희,해,#ff0c00,스윙,0.41,5.09,4.98,58.1,41,3
1998,조계현,삼,#0061aa,선발,0.39,5.21,4.77,150.1,94,27
1998,정영환,한,#f37321,불펜,0.37,0.0,4.05,5.0,1,0
1998,노장진,한,#f37321,선발,0.35,5.24,4.82,149.1,104,26
1998,홍우태,한,#f37321,스윙,0.35,4.66,3.28,36.2,26,1
1998,김태원,L,#fc1cad,스윙,0.33,1.8,4.09,15.0,10,1
1998,김해님,한,#f37321,스윙,0.33,5.07,3.84,60.1,34,2
1998,안병원,현,#007f55,스윙,0.32,4.21,4.57,36.1,23,2
1998,박태순,삼,#0061aa,불펜,0.29,3.38,5.94,10.2,8,0
1998,홍의현,롯,#888888,불펜,0.27,3.6,4.89,20.0,7,0
1998,이상훈,삼,#0061aa,불펜,0.26,4.29,5.89,21.0,12,0
1998,전병호,삼,#0061aa,스윙,0.23,5.34,5.24,87.2,64,3
1998,한명윤,O,#15326f,불펜,0.17,0.0,4.89,2.1,1,0
1998,공용우,한,#f37321,불펜,0.13,2.45,7.56,3.2,1,0
1998,차명주,롯,#888888,선발,0.12,4.99,5.12,92.0,41,14
1998,이정훈,롯,#888888,스윙,0.11,4.44,4.59,71.0,26,1
1998,김상엽,삼,#0061aa,스윙,0.11,5.4,5.72,36.2,17,8
1998,정현욱,삼,#0061aa,불펜,0.09,4.7,9.74,7.2,2,0
1998,인현배,L,#fc1cad,불펜,0.09,3.0,5.61,3.0,2,0
1998,홍민구,현,#007f55,불펜,0.08,0.0,3.31,1.0,0,0
1998,김재현,한,#f37321,불펜,0.06,3.38,4.7,2.2,1,0
1998,나성열,쌍,#ffc81e,불펜,0.05,0.0,-4.19,0.2,2,0
1998,최영필,현,#007f55,스윙,0.03,5.19,5.83,17.1,9,1
1998,김익재,현,#007f55,불펜,0.0,5.79,5.71,4.2,4,0
1998,김경진,쌍,#ffc81e,불펜,-0.01,6.0,5.97,3.0,3,0
1998,박주언,쌍,#ffc81e,스윙,-0.01,54.0,21.91,0.1,0,1
1998,김정열,롯,#888888,불펜,-0.02,0.0,3.91,1.0,1,0
1998,김홍집,현,#007f55,불펜,-0.02,5.48,2.82,21.1,19,0
1998,이재만,해,#ff0c00,스윙,-0.03,6.48,3.82,8.1,8,1
1998,이경원,O,#15326f,불펜,-0.03,81.0,31.21,0.1,0,0
1998,고호봉,현,#007f55,스윙,-0.04,9.0,5.16,2.0,1,1
1998,박창현,쌍,#ffc81e,불펜,-0.04,4.5,2.06,2.0,1,0
1998,소소경,해,#ff0c00,불펜,-0.05,6.32,4.09,15.2,10,0
1998,김영수,O,#15326f,불펜,-0.05,18.0,9.51,1.0,0,0
1998,신동수,O,#15326f,불펜,-0.07,36.0,30.21,1.0,0,0
1998,고승환,쌍,#ffc81e,불펜,-0.07,13.5,7.96,1.1,0,0
1998,감병훈,삼,#0061aa,불펜,-0.08,13.5,6.71,2.0,1,0
1998,김경태,L,#fc1cad,불펜,-0.08,7.71,4.89,4.2,2,0
1998,정인석,롯,#888888,불펜,-0.08,13.5,3.91,2.0,2,0
1998,오봉옥,쌍,#ffc81e,선발,-0.08,5.68,5.25,88.2,44,22
1998,엄병열,해,#ff0c00,불펜,-0.08,20.25,5.63,1.1,0,0
1998,박진석,쌍,#ffc81e,스윙,-0.09,7.71,4.91,7.0,4,1
1998,류기중,해,#ff0c00,불펜,-0.1,13.5,4.92,2.2,2,0
1998,임봉춘,롯,#888888,불펜,-0.13,13.5,11.52,2.2,2,0
1998,오상민,쌍,#ffc81e,스윙,-0.15,6.16,4.91,68.2,36,4
1998,노승욱,현,#007f55,불펜,-0.15,9.0,8.69,5.0,0,0
1998,강길용,쌍,#ffc81e,불펜,-0.16,16.2,15.31,3.1,2,0
1998,김상현,롯,#888888,불펜,-0.16,8.38,5.7,9.2,4,0
1998,박진철,해,#ff0c00,스윙,-0.18,6.12,4.83,50.0,16,2
1998,김동호,L,#fc1cad,스윙,-0.18,6.66,3.83,24.1,17,3
1998,유현승,쌍,#ffc81e,스윙,-0.2,13.5,7.06,4.0,0,1
1998,김기범,L,#fc1cad,불펜,-0.2,5.2,3.73,36.1,28,0
1998,박상근,쌍,#ffc81e,스윙,-0.21,5.31,4.92,42.1,35,2
1998,박석진,롯,#888888,스윙,-0.22,6.46,6.46,30.2,18,3
1998,민원기,L,#fc1cad,불펜,-0.22,8.44,9.05,5.1,1,0
1998,정성훈,삼,#0061aa,스윙,-0.25,7.52,3.46,26.1,28,4
1998,박동희,삼,#0061aa,스윙,-0.25,6.86,5.38,39.1,29,7
1998,신영균,L,#fc1cad,스윙,-0.26,6.35,5.92,5.2,4,2
1998,정수찬,쌍,#ffc81e,스윙,-0.26,9.82,4.61,11.0,4,2
1998,강태원,해,#ff0c00,불펜,-0.33,7.4,5.67,24.1,12,0
1998,김민태,한,#f37321,불펜,-0.35,5.58,3.16,30.2,19,0
1998,이상열,한,#f37321,스윙,-0.37,6.92,6.63,26.0,18,2
1998,권명철,O,#15326f,스윙,-0.38,6.92,5.53,26.0,18,7
1998,최정환,쌍,#ffc81e,불펜,-0.44,7.43,4.83,26.2,14,0
1998,신재웅,한,#f37321,선발,-0.5,5.9,4.23,111.1,97,23
1998,임경완,롯,#888888,불펜,-0.51,18.62,8.98,9.2,6,0
1998,류택현,O,#15326f,불펜,-0.55,7.26,6.2,31.0,20,0
1998,김민기,L,#fc1cad,스윙,-0.81,7.67,5.13,56.1,39,9
1998,임선동,L,#fc1cad,선발,-0.97,6.94,5.69,59.2,29,12
1998,박지철,롯,#888888,선발,-1.25,7.73,5.13,80.1,63,11
1999,정민태,현,#007f55,선발,9.74,2.54,3.9,230.2,178,29
1999,임창용,삼,#0061aa,불펜,7.48,2.14,2.78,138.2,141,0
1999,문동환,롯,#888888,선발,6.57,3.28,3.83,189.1,141,28
1999,정민철,한,#f37321,선발,5.6,3.75,4.17,201.2,151,29
1999,진필중,두,#042071,불펜,5.35,2.37,3.2,114.0,114,0
1999,주형광,롯,#888888,선발,5.34,3.98,3.72,190.0,177,28
1999,이경필,두,#042071,선발,5.16,3.19,4.39,166.2,91,27
1999,박석진,롯,#888888,선발,4.55,3.58,4.34,148.1,101,16
1999,구대성,한,#f37321,스윙,4.45,3.09,3.38,119.1,138,5
1999,노장진,삼,#0061aa,선발,4.2,4.35,4.38,188.1,173,30
1999,이상목,한,#f37321,선발,4.06,4.29,4.16,172.0,140,26
1999,송진우,한,#f37321,선발,3.89,4.0,4.52,186.2,132,26
1999,오봉옥,해,#ff0c00,스윙,3.75,3.4,4.92,116.1,80,3
1999,김수경,현,#007f55,선발,3.52,4.14,4.33,184.2,184,27
1999,강상수,롯,#888888,스윙,3.34,2.78,3.99,77.2,66,1
1999,김상진,삼,#0061aa,선발,3.24,4.67,4.4,179.1,136,30
1999,유동훈,해,#ff0c00,선발,3.12,4.75,5.84,155.1,87,22
1999,최용호,두,#042071,선발,3.1,4.26,5.36,154.1,108,25
1999,손혁,L,#fc1cad,선발,3.1,4.29,5.26,142.2,75,25
1999,염종석,롯,#888888,선발,2.97,3.31,4.28,87.0,49,16
1999,김기덕,쌍,#ffc81e,선발,2.91,4.5,4.48,150.0,84,26
1999,박정현,쌍,#ffc81e,선발,2.9,3.92,5.23,124.0,56,14
1999,장성진,두,#042071,불펜,2.8,2.62,4.33,68.2,37,0
1999,김용수,L,#fc1cad,스윙,2.71,2.88,3.53,68.2,48,3
1999,기론,롯,#888888,스윙,2.6,3.3,4.57,73.2,57,5
1999,김현욱,삼,#0061aa,불펜,2.53,3.97,4.75,93.0,55,0
1999,곽채진,해,#ff0c00,스윙,2.48,4.77,4.08,109.1,101,4
1999,차명석,L,#fc1cad,불펜,2.32,3.46,4.31,67.2,45,0
1999,위재영,현,#007f55,선발,2.19,4.1,4.95,116.1,100,18
1999,최향남,L,#fc1cad,선발,2.15,4.26,3.91,93.0,87,15
1999,정명원,현,#007f55,선발,2.06,4.06,4.88,84.1,52,11
1999,김진웅,삼,#0061aa,선발,1.84,5.4,4.83,171.2,144,31
1999,이혜천,두,#042071,스윙,1.73,4.76,4.78,119.0,98,8
1999,차명주,두,#042071,스윙,1.71,4.01,3.85,76.1,60,5
1999,김해님,한,#f37321,스윙,1.64,4.87,5.04,92.1,70,3
1999,박진철,해,#ff0c00,선발,1.54,5.2,4.61,114.1,68,19
1999,정원욱,롯,#888888,불펜,1.5,4.62,5.19,64.1,60,0
1999,박장희,현,#007f55,스윙,1.45,4.91,4.54,117.1,70,6
1999,장문석,L,#fc1cad,스윙,1.44,4.21,4.54,62.0,51,8
1999,오철민,해,#ff0c00,선발,1.44,5.19,4.9,138.2,86,19
1999,박보현,롯,#888888,선발,1.36,4.89,5.52,103.0,59,14
1999,최상덕,해,#ff0c00,선발,1.29,5.33,6.02,121.2,73,21
1999,송유석,L,#fc1cad,불펜,1.25,4.72,5.27,82.0,51,0
1999,가득염,롯,#888888,불펜,1.23,4.38,4.15,49.1,34,0
1999,강병규,두,#042071,선발,1.22,5.21,4.93,143.1,92,26
1999,이광우,두,#042071,선발,1.16,5.43,5.5,112.2,66,19
1999,소소경,해,#ff0c00,선발,1.05,5.04,5.53,69.2,35,15
1999,조웅천,현,#007f55,불펜,1.03,3.43,2.66,44.2,48,0
1999,곽현희,해,#ff0c00,선발,1.01,6.15,5.64,146.1,104,21
1999,김민범,현,#007f55,불펜,0.98,3.38,4.1,29.1,20,0
1999,가내영,쌍,#ffc81e,스윙,0.97,5.66,5.46,116.0,82,6
1999,김태석,롯,#888888,선발,0.96,5.42,6.37,78.0,42,14
1999,이상군,한,#f37321,스윙,0.89,4.42,4.13,57.0,38,3
1999,김정수,해,#ff0c00,스윙,0.84,4.58,3.69,35.1,43,1
1999,김홍집,현,#007f55,불펜,0.83,5.02,4.19,52.0,45,0
1999,김민기,L,#fc1cad,스윙,0.81,4.54,4.72,37.2,37,3
1999,정현욱,삼,#0061aa,선발,0.75,5.03,4.99,78.2,56,15
1999,전병호,삼,#0061aa,스윙,0.73,5.68,5.33,71.1,39,4
1999,신영균,L,#fc1cad,스윙,0.67,3.74,4.76,21.2,14,1
1999,최영필,현,#007f55,스윙,0.62,5.58,5.55,88.2,53,9
1999,이준호,삼,#0061aa,스윙,0.57,5.09,4.77,40.2,28,2
1999,김경원,한,#f37321,선발,0.57,5.62,5.25,81.2,38,10
1999,박진석,쌍,#ffc81e,스윙,0.56,4.62,5.6,25.1,21,1
1999,이병석,해,#ff0c00,불펜,0.55,5.6,4.76,62.2,54,0
1999,김원형,쌍,#ffc81e,스윙,0.53,4.86,3.47,37.0,38,3
1999,홍민구,현,#007f55,스윙,0.52,4.56,4.8,23.2,13,1
1999,성영재,쌍,#ffc81e,선발,0.52,6.1,6.2,131.1,74,20
1999,임창식,한,#f37321,스윙,0.5,5.66,6.29,49.1,14,2
1999,류택현,L,#fc1cad,스윙,0.49,5.19,5.09,43.1,38,2
1999,이상열,한,#f37321,스윙,0.45,6.0,6.22,54.0,42,6
1999,조규제,현,#007f55,선발,0.45,5.95,4.54,56.0,52,10
1999,이상훈,두,#042071,선발,0.44,6.2,6.49,101.2,59,13
1999,김혁섭,L,#fc1cad,스윙,0.37,5.23,4.66,31.0,19,2
1999,박충식,삼,#0061aa,불펜,0.33,0.0,2.63,4.0,3,0
1999,김기범,L,#fc1cad,불펜,0.3,5.06,5.19,21.1,19,0
1999,오상민,쌍,#ffc81e,스윙,0.3,5.94,6.39,80.1,59,8
1999,최창호,L,#fc1cad,불펜,0.3,5.81,5.83,26.1,24,0
1999,김경진,쌍,#ffc81e,불펜,0.29,6.19,6.24,32.0,14,0
1999,고형욱,쌍,#ffc81e,스윙,0.29,5.95,7.61,39.1,20,4
1999,박명환,두,#042071,스윙,0.27,4.96,3.14,16.1,20,4
1999,유현승,쌍,#ffc81e,선발,0.27,6.23,5.74,121.1,62,15
1999,김정열,롯,#888888,불펜,0.26,3.68,5.83,7.1,5,0
1999,황두성,해,#ff0c00,불펜,0.25,3.24,5.81,8.1,3,0
1999,정성훈,삼,#0061aa,스윙,0.23,5.95,3.82,19.2,9,2
1999,성준,롯,#888888,스윙,0.21,5.79,5.76,23.1,15,2
1999,강태원,해,#ff0c00,스윙,0.2,6.39,6.83,31.0,23,3
1999,손민한,롯,#888888,스윙,0.2,5.59,4.92,19.1,9,2
1999,구자운,두,#042071,스윙,0.19,5.96,5.62,25.2,23,2
1999,이대진,해,#ff0c00,스윙,0.18,2.45,7.11,3.2,0,1
1999,정인석,롯,#888888,불펜,0.17,0.0,7.13,2.0,1,0
1999,최창양,삼,#0061aa,불펜,0.16,2.7,1.66,3.1,4,0
1999,강희석,쌍,#ffc81e,스윙,0.16,5.14,5.48,49.0,19,7
1999,신윤호,L,#fc1cad,스윙,0.14,5.79,4.22,32.2,23,3
1999,문남열,삼,#0061aa,스윙,0.1,6.86,6.23,59.0,38,2
1999,박노식,L,#fc1cad,불펜,0.08,0.0,6.83,1.0,0,0
1999,오창선,한,#f37321,불펜,0.08,0.0,3.73,1.0,0,0
1999,서성민,현,#007f55,불펜,0.08,5.68,4.12,6.1,5,0
1999,이동은,삼,#0061aa,불펜,0.08,7.07,4.97,28.0,26,0
1999,한태균,두,#042071,불펜,0.06,4.5,3.51,6.0,3,0
1999,박창현,쌍,#ffc81e,스윙,0.04,6.88,5.85,17.0,10,1
1999,방동민,L,#fc1cad,불펜,0.03,6.23,5.46,4.1,3,0
1999,조문식,삼,#0061aa,불펜,0.03,6.75,8.43,4.0,2,0
1999,최호원,한,#f37321,불펜,0.03,5.4,11.23,1.2,1,0
1999,박철홍,L,#fc1cad,스윙,0.03,6.27,4.9,18.2,13,1
1999,임경완,롯,#888888,불펜,0.03,4.5,8.4,4.0,1,0
1999,윤근주,한,#f37321,불펜,0.02,6.75,9.35,2.2,0,0
1999,이우혁,해,#ff0c00,스윙,-0.01,7.71,6.51,35.0,18,1
1999,인현배,L,#fc1cad,불펜,-0.01,6.75,5.48,16.0,7,0
1999,심재학,L,#fc1cad,선발,-0.02,6.33,5.61,48.1,32,10
1999,이재만,두,#042071,불펜,-0.02,54.0,13.03,0.1,0,0
1999,박주언,쌍,#ffc81e,불펜,-0.03,6.75,5.02,6.2,4,0
1999,김유진,쌍,#ffc81e,불펜,-0.04,7.11,4.46,12.2,6,0
1999,이정훈,롯,#888888,스윙,-0.04,7.13,6.9,17.2,8,2
1999,전승남,L,#fc1cad,스윙,-0.04,6.57,5.55,12.1,9,2
1999,설종진,현,#007f55,불펜,-0.04,40.5,13.03,0.2,0,0
1999,정명수,쌍,#ffc81e,불펜,-0.06,36.0,18.73,1.0,0,0
1999,박정진,한,#f37321,불펜,-0.1,8.03,5.69,12.1,11,0
1999,김사율,롯,#888888,스윙,-0.12,7.89,7.68,29.2,16,4
1999,류기중,해,#ff0c00,스윙,-0.12,8.16,10.43,14.1,5,2
1999,김익재,현,#007f55,불펜,-0.12,13.5,8.38,4.0,0,0
1999,김영수,두,#042071,스윙,-0.14,7.2,8.03,10.0,7,2
1999,이경수,두,#042071,스윙,-0.16,10.13,7.85,8.0,5,1
1999,박성기,한,#f37321,불펜,-0.16,19.64,13.25,3.2,3,0
1999,엄병열,해,#ff0c00,불펜,-0.16,10.8,9.6,10.0,3,0
1999,홍우태,한,#f37321,스윙,-0.16,6.18,5.24,43.2,39,2
1999,길포일,롯,#888888,불펜,-0.17,13.5,6.53,6.0,3,0
1999,최승민,쌍,#ffc81e,불펜,-0.17,10.24,6.76,9.2,4,0
1999,최원호,현,#007f55,선발,-0.17,6.62,5.81,123.2,80,19
1999,감병훈,삼,#0061aa,불펜,-0.18,20.25,13.85,4.0,2,0
1999,이승호,L,#fc1cad,불펜,-0.18,10.13,8.59,10.2,7,0
1999,앤더슨,쌍,#ffc81e,선발,-0.18,6.75,6.73,69.1,31,13
1999,임봉춘,롯,#888888,불펜,-0.19,12.38,6.53,8.0,8,0
1999,비아노,쌍,#ffc81e,스윙,-0.19,7.06,6.61,72.2,37,8
1999,최정환,쌍,#ffc81e,불펜,-0.21,11.74,7.08,7.2,4,0
1999,윤형배,쌍,#ffc81e,불펜,-0.23,8.64,5.59,16.2,6,0
1999,임선동,현,#007f55,스윙,-0.25,8.05,5.43,19.0,10,2
1999,박동희,삼,#0061aa,스윙,-0.25,11.25,5.18,12.0,16,3
1999,김경태,L,#fc1cad,스윙,-0.27,6.31,7.15,41.1,29,4
1999,신재웅,한,#f37321,스윙,-0.29,10.05,8.76,14.1,9,3
1999,이정길,L,#fc1cad,스윙,-0.32,12.66,6.12,10.2,2,2
1999,박태순,한,#f37321,불펜,-0.32,19.64,11.23,7.1,2,0
1999,조계현,삼,#0061aa,스윙,-0.48,11.51,6.97,20.1,16,3
1999,라형진,삼,#0061aa,스윙,-0.51,12.19,6.95,20.2,16,3
1999,강길용,두,#042071,스윙,-0.56,14.44,6.6,14.1,10,1
1999,김상태,L,#fc1cad,선발,-0.59,6.17,4.87,147.1,110,28
1999,한용덕,한,#f37321,선발,-0.68,7.47,6.39,90.1,51,17
1999,김동호,L,#fc1cad,스윙,-0.69,7.67,6.51,61.0,35,9
1999,김유봉,두,#042071,스윙,-0.7,7.51,5.61,88.2,56,6
1999,김광삼,L,#fc1cad,스윙,-0.8,10.23,6.54,31.2,18,7
1999,박상근,쌍,#ffc81e,스윙,-0.83,8.56,6.48,41.0,29,6
1999,안병원,L,#fc1cad,스윙,-0.93,12.54,7.48,28.0,17,7
2000,해리거,L,#fc1cad,선발,6.88,3.12,3.22,225.0,162,31
2000,임선동,현,#007f55,선발,5.77,3.36,3.27,195.1,174,29
2000,정민태,현,#007f55,선발,5.53,3.48,3.96,207.0,153,29
2000,손민한,롯,#888888,선발,5.31,3.2,4.13,174.1,117,28
2000,구대성,한,#f37321,스윙,4.94,2.77,3.47,133.1,136,7
2000,임창용,삼,#0061aa,불펜,4.67,1.52,2.23,88.2,95,0
2000,김수경,현,#007f55,선발,4.49,3.74,3.89,195.0,172,29
2000,주형광,롯,#888888,선발,4.4,3.49,3.97,149.2,127,22
2000,구자운,두,#042071,스윙,4.15,2.01,3.01,98.1,99,6
2000,박석진,롯,#888888,스윙,4.08,2.48,3.52,94.1,65,3
2000,장문석,L,#fc1cad,선발,3.85,3.42,3.36,137.0,134,15
2000,송진우,한,#f37321,선발,3.7,3.4,4.73,135.0,105,19
2000,김현욱,삼,#0061aa,불펜,3.6,3.14,2.92,109.0,105,0
2000,오봉옥,해,#ff0c00,불펜,3.55,2.86,3.54,113.1,110,0
2000,위재영,현,#007f55,불펜,3.42,2.09,2.71,73.1,71,0
2000,이대진,해,#ff0c00,스윙,3.35,3.17,3.5,105.0,117,7
2000,강상수,롯,#888888,불펜,3.19,1.77,3.06,71.0,66,0
2000,이광우,두,#042071,선발,3.18,3.7,4.51,150.2,76,24
2000,조웅천,현,#007f55,불펜,3.14,3.05,2.93,94.1,99,0
2000,최상덕,해,#ff0c00,선발,3.09,4.56,4.79,185.2,136,30
2000,진필중,두,#042071,불펜,2.89,2.34,2.92,73.0,61,0
2000,노장진,삼,#0061aa,선발,2.74,4.29,5.05,138.1,103,25
2000,김진웅,삼,#0061aa,선발,2.65,4.93,4.53,173.1,136,29
2000,김영수,롯,#888888,선발,2.5,3.79,4.41,102.0,75,13
2000,마일영,현,#007f55,선발,2.43,3.38,4.72,93.1,62,12
2000,이승호,S,#fc1cad,선발,2.18,4.51,3.9,139.2,132,16
2000,조계현,두,#042071,선발,2.13,3.74,4.15,89.0,53,16
2000,김상진,삼,#0061aa,선발,2.07,3.84,4.22,89.0,63,14
2000,이승호,L,#fc1cad,스윙,2.06,3.2,4.77,64.2,52,2
2000,조규수,한,#f37321,선발,1.98,5.05,5.11,169.1,105,28
2000,최향남,L,#fc1cad,선발,1.91,3.46,3.29,78.0,80,11
2000,박장희,현,#007f55,선발,1.83,3.9,4.18,99.1,57,14
2000,문동환,롯,#888888,선발,1.7,3.88,3.64,72.0,58,10
2000,기론,롯,#888888,선발,1.67,5.01,4.79,169.0,134,29
2000,김유봉,두,#042071,불펜,1.63,2.77,4.01,48.2,38,0
2000,파머,두,#042071,선발,1.62,4.54,4.8,152.2,92,26
2000,한태균,두,#042071,선발,1.58,4.49,4.22,102.1,66,14
2000,전승남,L,#fc1cad,스윙,1.5,2.68,3.42,40.1,29,1
2000,박지철,롯,#888888,선발,1.5,4.6,3.86,109.2,87,18
2000,성영재,해,#ff0c00,선발,1.48,4.84,5.28,111.2,74,16
2000,한용덕,한,#f37321,선발,1.48,4.68,4.69,130.2,85,15
2000,오상민,S,#ff0000,스윙,1.46,4.74,6.03,100.2,71,6
2000,이용훈,삼,#0061aa,선발,1.41,5.63,5.35,139.0,112,23
2000,최용호,두,#042071,선발,1.4,5.06,4.84,121.0,96,24
2000,가르시아,삼,#0061aa,스윙,1.38,2.91,3.81,55.2,34,8
2000,경헌호,L,#fc1cad,선발,1.32,4.32,4.23,85.1,56,15
2000,이병석,해,#ff0c00,불펜,1.3,3.93,4.35,52.2,37,0
2000,김기덕,S,#ff0000,선발,1.29,5.22,5.5,138.0,72,24
2000,곽현희,해,#ff0c00,선발,1.29,4.89,5.11,105.0,84,19
2000,박영진,삼,#0061aa,불펜,1.25,3.43,4.67,39.1,19,0
2000,장성진,두,#042071,스윙,1.25,2.97,3.79,33.1,21,1
2000,신철인,현,#007f55,스윙,1.23,4.28,3.18,75.2,92,9
2000,전준호,현,#007f55,불펜,1.23,3.54,4.05,48.1,38,0
2000,차명석,L,#fc1cad,불펜,1.18,4.82,4.78,74.2,50,0
2000,정성훈,삼,#0061aa,스윙,1.0,4.34,5.58,45.2,23,1
2000,곽채진,해,#ff0c00,스윙,1.0,3.55,4.91,38.0,24,4
2000,김민기,L,#fc1cad,스윙,0.91,4.27,4.39,71.2,50,7
2000,박상근,S,#ff0000,스윙,0.9,4.3,5.64,44.0,21,5
2000,이혜천,두,#042071,스윙,0.84,5.02,4.52,84.1,76,2
2000,임경완,롯,#888888,스윙,0.81,3.86,5.25,30.1,19,2
2000,정원욱,롯,#888888,불펜,0.69,4.81,3.67,39.1,31,0
2000,정명원,현,#007f55,선발,0.66,3.98,3.89,61.0,34,11
2000,강태원,해,#ff0c00,스윙,0.58,4.36,4.41,33.0,38,2
2000,김용수,L,#fc1cad,선발,0.58,5.24,4.09,127.0,85,19
2000,안병원,L,#fc1cad,선발,0.51,5.29,4.95,68.0,40,12
2000,박명환,두,#042071,스윙,0.41,3.09,4.21,11.2,19,2
2000,김태한,삼,#0061aa,불펜,0.39,4.57,3.47,21.2,16,0
2000,윤형진,해,#ff0c00,선발,0.35,5.95,5.02,98.1,70,19
2000,이원식,해,#ff0c00,선발,0.34,5.98,5.84,58.2,22,11
2000,박주언,S,#ff0000,불펜,0.34,4.34,5.09,18.2,11,0
2000,이상군,한,#f37321,스윙,0.33,4.75,5.56,30.1,15,5
2000,최원호,L,#fc1cad,선발,0.32,5.47,5.19,77.1,47,13
2000,박동희,삼,#0061aa,스윙,0.3,5.49,5.26,57.1,37,8
2000,전영삼,롯,#888888,불펜,0.29,0.0,3.11,3.2,2,0
2000,김사율,롯,#888888,스윙,0.28,5.25,4.92,48.0,31,1
2000,이상열,한,#f37321,선발,0.28,5.71,5.71,88.1,75,12
2000,방동민,L,#fc1cad,불펜,0.27,99.99,0.0,0.0,0,0
2000,장준관,L,#fc1cad,불펜,0.26,5.14,6.04,28.0,24,0
2000,최재호,삼,#0061aa,스윙,0.26,6.16,5.71,38.0,18,1
2000,박정현,S,#ff0000,스윙,0.24,5.75,5.86,56.1,24,4
2000,신영균,L,#fc1cad,불펜,0.24,1.93,4.29,4.2,0,0
2000,가득염,롯,#888888,스윙,0.23,5.18,5.15,48.2,37,4
2000,박진석,S,#ff0000,불펜,0.22,5.68,4.84,38.0,20,0
2000,최영필,현,#007f55,불펜,0.21,4.35,4.65,10.1,9,0
2000,조규제,현,#007f55,불펜,0.21,2.08,2.75,4.1,4,0
2000,임봉춘,롯,#888888,불펜,0.2,4.5,4.5,14.0,11,0
2000,박찬협,두,#042071,불펜,0.19,2.25,4.7,4.0,2,0
2000,염종석,롯,#888888,불펜,0.19,4.66,4.98,9.2,8,0
2000,라형진,삼,#0061aa,불펜,0.18,5.57,5.6,21.0,13,0
2000,소소경,해,#ff0c00,스윙,0.17,6.28,5.88,53.0,35,7
2000,김경원,한,#f37321,선발,0.17,6.34,6.5,82.1,39,14
2000,송유석,한,#f37321,불펜,0.16,5.34,6.96,64.0,21,0
2000,콜,S,#ff0000,선발,0.12,6.14,5.49,114.1,71,12
2000,김장백,한,#f37321,선발,0.11,6.08,4.8,100.2,71,13
2000,이상훈,두,#042071,스윙,0.1,5.99,4.43,88.2,63,6
2000,정수찬,S,#ff0000,불펜,0.09,5.25,3.99,12.0,9,0
2000,전하진,한,#f37321,불펜,0.08,6.17,5.55,11.2,8,0
2000,이상목,한,#f37321,불펜,0.08,0.0,1.13,1.0,1,0
2000,박정진,한,#f37321,스윙,0.08,5.65,6.54,14.1,10,1
2000,엄병열,해,#ff0c00,불펜,0.07,5.87,6.47,7.2,7,0
2000,설종진,현,#007f55,불펜,0.05,0.0,3.63,0.2,0,0
2000,박보현,두,#042071,선발,0.04,6.17,5.46,70.0,24,12
2000,인현배,L,#fc1cad,불펜,0.04,4.35,5.79,10.1,8,0
2000,홍민구,현,#007f55,불펜,0.03,5.4,0.63,3.1,4,0
2000,김재현,한,#f37321,불펜,0.0,6.75,11.05,1.1,1,0
2000,박진철,해,#ff0c00,스윙,0.0,5.91,6.17,64.0,33,5
2000,최영완,해,#ff0c00,불펜,0.0,5.14,4.41,14.0,14,0
2000,류택현,L,#fc1cad,스윙,-0.01,6.49,3.78,43.0,42,3
2000,황두성,해,#ff0c00,불펜,-0.01,7.36,8.34,3.2,3,0
2000,김원형,S,#ff0000,선발,-0.02,5.81,5.7,93.0,52,13
2000,차명주,두,#042071,불펜,-0.03,4.5,5.53,40.0,33,0
2000,배홍철,S,#ff0000,스윙,-0.03,5.68,6.07,12.2,6,1
2000,김성준,L,#fc1cad,불펜,-0.04,8.1,10.38,3.1,3,0
2000,엄정욱,S,#ff0000,불펜,-0.04,6.35,5.81,5.2,6,0
2000,김태석,S,#ff0000,스윙,-0.05,5.87,5.76,53.2,23,8
2000,윤근주,한,#f37321,불펜,-0.05,10.13,9.48,2.2,1,0
2000,홍우태,한,#f37321,스윙,-0.05,6.9,4.6,44.1,29,3
2000,배영수,삼,#0061aa,스윙,-0.05,6.75,5.8,45.1,32,2
2000,이용호,두,#042071,불펜,-0.05,7.45,7.51,9.2,9,0
2000,조문식,삼,#0061aa,불펜,-0.06,13.5,11.43,2.0,1,0
2000,김병준,한,#f37321,스윙,-0.08,5.67,6.78,39.2,25,2
2000,이정훈,롯,#888888,불펜,-0.09,6.43,4.05,14.0,10,0
2000,가내영,S,#ff0000,불펜,-0.09,7.48,6.34,21.2,16,0
2000,김영완,S,#ff0000,불펜,-0.09,9.0,4.87,7.0,5,0
2000,이경수,S,#ff0000,불펜,-0.1,27.0,7.35,1.2,0,0
2000,정현욱,삼,#0061aa,불펜,-0.1,3.6,6.87,5.0,2,0
2000,박준수,현,#007f55,불펜,-0.11,9.53,7.24,5.2,4,0
2000,박철홍,L,#fc1cad,스윙,-0.12,7.71,7.11,7.0,1,1
2000,유현승,S,#ff0000,선발,-0.12,5.96,5.93,93.2,49,15
2000,김광삼,L,#fc1cad,불펜,-0.12,7.5,6.92,18.0,10,0
2000,김광수,L,#fc1cad,불펜,-0.12,48.6,11.07,1.2,0,0
2000,정진용,두,#042071,스윙,-0.14,12.46,8.36,4.1,4,1
2000,김정수,S,#ff0000,불펜,-0.14,7.55,5.39,31.0,23,0
2000,신윤호,L,#fc1cad,스윙,-0.17,13.5,6.03,4.2,4,1
2000,허진석,한,#f37321,불펜,-0.17,8.0,10.59,18.0,8,0
2000,장재혁,한,#f37321,스윙,-0.17,12.71,8.25,5.2,4,1
2000,김상엽,L,#fc1cad,스윙,-0.17,10.8,6.99,6.2,2,2
2000,신재웅,한,#f37321,선발,-0.18,7.2,6.37,60.0,33,13
2000,권준헌,현,#007f55,불펜,-0.19,10.13,7.38,5.1,4,0
2000,오창선,한,#f37321,불펜,-0.19,9.45,7.75,13.1,8,0
2000,김홍집,현,#007f55,불펜,-0.21,9.0,3.29,6.0,7,0
2000,이동은,삼,#0061aa,불펜,-0.21,20.77,16.18,4.1,1,0
2000,최창양,삼,#0061aa,선발,-0.22,6.27,4.94,74.2,50,15
2000,최창호,L,#fc1cad,불펜,-0.22,10.61,6.02,9.1,7,0
2000,강영식,해,#ff0c00,스윙,-0.22,6.99,5.44,46.1,38,5
2000,이강철,삼,#0061aa,스윙,-0.27,7.3,6.69,37.0,20,7
2000,강병규,S,#ff0000,스윙,-0.3,8.44,7.61,26.2,7,5
2000,김민범,현,#007f55,불펜,-0.33,9.53,3.45,11.1,13,0
2000,강민영,롯,#888888,스윙,-0.36,7.88,6.61,37.2,36,2
2000,유동훈,해,#ff0c00,스윙,-0.42,6.71,6.8,56.1,21,4
2000,김해님,한,#f37321,불펜,-0.56,7.85,7.01,36.2,25,0
2000,강희석,S,#ff0000,선발,-0.85,7.56,5.67,97.2,62,13
2000,권명철,S,#ff0000,스윙,-0.88,9.0,6.37,45.0,27,8
2000,오철민,해,#ff0c00,스윙,-1.02,8.82,7.76,66.1,29,7
2001,에르난데스,S,#ff0000,선발,5.4,3.89,4.08,233.2,215,34
2001,이승호,S,#fc1cad,선발,5.37,3.55,4.78,220.2,165,33
2001,임창용,삼,#0061aa,선발,4.68,3.9,4.52,184.2,136,29
2001,박석진,롯,#888888,선발,4.57,2.98,3.72,133.0,81,11
2001,신윤호,L,#fc1cad,스윙,4.37,3.12,4.03,144.1,99,4
2001,갈베스,삼,#0061aa,선발,4.28,2.47,3.55,116.2,85,15
2001,배영수,삼,#0061aa,선발,4.2,3.77,4.63,169.2,96,25
2001,박지철,롯,#888888,선발,4.02,4.03,4.14,156.1,104,26
2001,한용덕,한,#f37321,선발,3.92,3.56,3.44,144.0,112,23
2001,오상민,S,#ff0000,스윙,3.83,3.57,3.63,133.2,121,2
2001,김진웅,삼,#0061aa,선발,3.79,3.96,3.78,141.0,129,14
2001,최상덕,KIA,#ed1c24,선발,3.68,4.32,4.62,185.1,106,29
2001,송진우,한,#f37321,선발,3.6,3.84,4.44,185.1,139,24
2001,손민한,롯,#888888,선발,3.58,4.21,4.49,173.1,110,29
2001,신철인,현,#007f55,불펜,3.58,2.8,3.05,96.1,91,0
2001,레스,KIA,#ed1c24,선발,3.06,4.34,5.25,153.1,104,24
2001,임선동,현,#007f55,선발,3.05,4.4,3.97,159.2,77,24
2001,조규제,S,#ff0000,선발,2.96,3.55,4.05,106.1,75,10
2001,마일영,현,#007f55,선발,2.93,3.96,4.29,152.1,110,22
2001,이병석,KIA,#ed1c24,불펜,2.91,2.63,4.22,68.1,58,0
2001,리스,한,#f37321,선발,2.81,3.16,4.38,99.2,62,17
2001,조규수,한,#f37321,선발,2.8,4.24,5.03,136.0,85,21
2001,이혜천,두,#042071,선발,2.68,3.62,4.68,141.2,107,10
2001,해리거,L,#fc1cad,선발,2.67,4.62,4.48,161.2,104,28
2001,차명주,두,#042071,불펜,2.64,3.42,3.8,97.1,73,0
2001,리베라,삼,#0061aa,불펜,2.5,2.62,3.92,58.1,63,0
2001,송신영,현,#007f55,스윙,2.39,4.21,4.08,115.1,80,5
2001,김원형,S,#ff0000,선발,2.34,4.37,4.65,154.1,100,25
2001,위재영,현,#007f55,불펜,2.32,1.82,2.86,49.1,44,0
2001,발데스,L,#fc1cad,선발,2.31,4.65,5.31,164.2,80,29
2001,김현욱,삼,#0061aa,불펜,2.19,4.42,3.26,95.2,97,0
2001,염종석,롯,#888888,선발,2.19,3.94,4.26,89.0,52,16
2001,린튼,L,#fc1cad,선발,2.17,3.17,3.98,76.2,53,12
2001,테일러,현,#007f55,선발,2.14,4.75,5.24,155.1,94,27
2001,진필중,두,#042071,스윙,2.13,3.22,3.33,89.1,88,5
2001,오봉옥,KIA,#ed1c24,스윙,1.88,4.74,3.89,106.1,80,7
2001,전준호,현,#007f55,선발,1.79,5.09,4.6,143.1,85,25
2001,노장진,삼,#0061aa,선발,1.62,4.62,5.69,85.2,57,15
2001,경헌호,L,#fc1cad,불펜,1.51,4.37,3.9,80.1,76,0
2001,권준헌,현,#007f55,불펜,1.43,3.43,4.02,44.2,29,0
2001,강상수,롯,#888888,불펜,1.34,4.75,4.97,89.0,62,0
2001,박명환,두,#042071,스윙,1.33,4.29,3.3,77.2,77,5
2001,임경완,롯,#888888,스윙,1.3,4.35,4.68,62.0,35,1
2001,김사율,롯,#888888,스윙,1.28,4.33,4.31,68.2,54,2
2001,박진철,KIA,#ed1c24,선발,1.2,4.94,5.32,85.2,42,12
2001,유현승,L,#fc1cad,불펜,1.17,3.5,4.98,36.0,18,0
2001,박충식,KIA,#ed1c24,불펜,1.16,3.19,4.51,31.0,18,0
2001,김수경,현,#007f55,선발,1.06,5.2,5.49,97.0,59,18
2001,고상천,한,#f37321,불펜,1.02,99.99,0.0,0.0,0,0
2001,김민기,L,#fc1cad,스윙,0.91,5.18,4.53,107.2,77,8
2001,김홍집,한,#f37321,불펜,0.88,2.45,3.15,18.1,14,0
2001,오철민,KIA,#ed1c24,선발,0.85,4.78,5.02,52.2,32,11
2001,라형진,삼,#0061aa,스윙,0.84,5.43,5.49,69.2,37,3
2001,조계현,두,#042071,선발,0.84,5.28,4.72,87.0,38,18
2001,루이스,KIA,#ed1c24,스윙,0.83,3.0,4.24,24.0,14,4
2001,김정수,한,#f37321,불펜,0.82,3.71,4.09,43.2,45,0
2001,콜,두,#042071,선발,0.82,5.04,3.98,119.2,95,20
2001,최영필,한,#f37321,선발,0.82,5.48,4.84,67.1,43,14
2001,최용호,두,#042071,선발,0.8,4.98,4.74,85.0,58,18
2001,정진용,두,#042071,선발,0.8,5.13,5.03,100.0,56,13
2001,박정진,한,#f37321,스윙,0.8,4.74,4.45,57.0,44,6
2001,김병준,한,#f37321,불펜,0.75,2.93,6.11,30.2,21,0
2001,이원식,KIA,#ed1c24,선발,0.7,5.49,5.88,80.1,43,14
2001,이상목,한,#f37321,선발,0.69,4.9,4.11,101.0,69,12
2001,박정근,한,#f37321,불펜,0.64,3.86,6.68,21.0,9,0
2001,가득염,롯,#888888,스윙,0.62,4.26,3.51,50.2,42,2
2001,조웅천,S,#ff0000,불펜,0.62,5.63,3.44,76.2,77,0
2001,이광우,두,#042071,스윙,0.61,5.4,6.13,58.1,22,8
2001,손혁,KIA,#ed1c24,불펜,0.6,1.69,5.35,10.2,2,0
2001,전병호,삼,#0061aa,스윙,0.6,4.95,5.64,40.0,15,1
2001,박장희,현,#007f55,선발,0.59,5.53,5.57,94.1,41,12
2001,이동현,L,#fc1cad,선발,0.54,5.37,5.69,105.2,51,19
2001,이상열,현,#007f55,불펜,0.54,3.18,4.77,17.0,10,0
2001,구자운,두,#042071,선발,0.53,4.8,5.16,54.1,46,12
2001,권명철,S,#ff0000,스윙,0.45,3.81,4.11,26.0,16,1
2001,성영재,KIA,#ed1c24,스윙,0.44,5.72,4.79,61.1,36,3
2001,김기덕,S,#ff0000,선발,0.42,5.19,6.02,67.2,41,14
2001,레이,롯,#888888,스윙,0.41,5.36,5.83,50.1,32,9
2001,엄병열,KIA,#ed1c24,불펜,0.37,3.75,5.51,12.0,4,0
2001,이경필,두,#042071,불펜,0.37,1.42,3.62,6.1,6,0
2001,김상태,L,#fc1cad,스윙,0.35,4.91,6.1,22.0,13,3
2001,김민범,현,#007f55,불펜,0.33,4.24,4.49,17.0,13,0
2001,기론,롯,#888888,스윙,0.33,5.48,5.48,47.2,42,9
2001,김혁섭,L,#fc1cad,스윙,0.32,3.86,5.18,11.2,6,1
2001,김장현,롯,#888888,스윙,0.31,5.44,4.23,49.2,28,3
2001,이근용,현,#007f55,불펜,0.3,0.0,3.02,3.2,2,0
2001,김덕윤,삼,#0061aa,불펜,0.3,0.0,5.39,3.2,1,0
2001,차베스,한,#f37321,불펜,0.29,3.38,4.38,8.0,6,0
2001,박보현,두,#042071,스윙,0.28,5.22,5.42,50.0,18,5
2001,김상현,두,#042071,불펜,0.28,3.72,5.14,9.2,6,0
2001,이용훈,삼,#0061aa,선발,0.27,5.53,4.94,71.2,45,16
2001,홍민구,현,#007f55,불펜,0.24,0.0,5.61,3.0,0,0
2001,이정호,삼,#0061aa,불펜,0.22,4.66,6.55,9.2,2,0
2001,정대현,S,#ff0000,불펜,0.2,5.4,4.01,16.2,20,0
2001,윤형진,KIA,#ed1c24,스윙,0.2,5.58,4.71,88.2,62,1
2001,워렌,한,#f37321,불펜,0.19,4.3,4.21,14.2,6,0
2001,정원,KIA,#ed1c24,불펜,0.18,4.76,5.15,17.0,12,0
2001,이대일,롯,#888888,불펜,0.16,0.0,3.54,2.0,0,0
2001,장기영,현R,#007f55,불펜,0.16,0.0,2.59,2.0,2,0
2001,정성훈,삼,#0061aa,불펜,0.15,5.4,8.22,10.0,3,0
2001,강희석,S,#ff0000,불펜,0.15,4.43,5.04,22.1,18,0
2001,강영식,삼,#0061aa,불펜,0.14,0.0,5.0,4.2,1,0
2001,최경훈,두,#042071,스윙,0.14,5.46,6.28,29.2,20,3
2001,박찬협,두,#042071,불펜,0.11,0.0,-0.21,1.1,2,0
2001,김백만,한,#f37321,스윙,0.1,6.07,5.81,43.0,31,5
2001,장성진,두,#042071,불펜,0.1,5.21,4.82,38.0,17,0
2001,소소경,KIA,#ed1c24,스윙,0.09,1.69,6.22,5.1,4,1
2001,강민영,롯,#888888,스윙,0.08,6.32,5.01,47.0,44,4
2001,황두성,현,#007f55,불펜,0.08,0.0,3.54,1.0,0,0
2001,문창환,현,#007f55,불펜,0.08,6.28,4.75,14.1,9,0
2001,이강철,KIA,#ed1c24,스윙,0.07,6.91,4.94,56.0,50,6
2001,누네스,한,#f37321,스윙,0.06,5.52,3.47,29.1,19,3
2001,최영완,KIA,#ed1c24,불펜,0.03,5.91,7.33,10.2,7,0
2001,박용진,L,#fc1cad,불펜,0.03,0.0,3.54,0.1,0,0
2001,곽현희,KIA,#ed1c24,불펜,0.02,5.06,5.26,5.1,5,0
2001,가내영,KIA,#ed1c24,스윙,0.0,5.93,5.91,41.0,24,3
2001,방동민,L,#fc1cad,스윙,0.0,6.0,3.63,12.0,13,1
2001,최향남,L,#fc1cad,스윙,0.0,6.75,7.66,8.0,5,1
2001,리치,KIA,#ed1c24,불펜,-0.01,6.14,3.87,7.1,4,0
2001,장인규,두,#042071,불펜,-0.02,27.0,31.44,0.1,0,0
2001,이동은,삼,#0061aa,스윙,-0.02,7.56,6.23,8.1,2,1
2001,노승욱,현,#007f55,불펜,-0.03,9.0,1.04,2.0,2,0
2001,최창호,L,#fc1cad,불펜,-0.03,5.86,4.84,35.1,25,0
2001,오승준,S,#ff0000,불펜,-0.03,9.0,21.94,2.0,1,0
2001,임봉춘,롯,#888888,불펜,-0.03,7.45,6.76,9.2,7,0
2001,최원호,L,#fc1cad,불펜,-0.03,99.99,0.0,0.0,0,0
2001,이상군,한,#f37321,스윙,-0.03,7.71,8.53,7.0,3,1
2001,박효순,롯,#888888,불펜,-0.03,99.99,0.0,0.0,0,0
2001,지연규,한,#f37321,불펜,-0.04,9.0,4.77,3.0,1,0
2001,문동환,롯,#888888,스윙,-0.04,6.57,5.08,37.0,21,5
2001,이성수,삼,#0061aa,불펜,-0.04,13.5,26.79,0.2,0,0
2001,홍우태,한,#f37321,불펜,-0.05,7.06,4.02,29.1,14,0
2001,김태한,삼,#0061aa,불펜,-0.05,11.57,1.4,2.1,2,0
2001,박동희,삼,#0061aa,스윙,-0.06,6.15,6.46,45.1,22,5
2001,이정훈,롯,#888888,불펜,-0.06,9.0,8.02,5.0,2,0
2001,김경태,L,#fc1cad,불펜,-0.07,10.8,14.76,1.2,1,0
2001,김영수,롯,#888888,선발,-0.08,6.27,5.76,94.2,70,14
2001,박재형,L,#fc1cad,불펜,-0.08,7.71,8.36,4.2,3,0
2001,박상근,S,#ff0000,스윙,-0.09,7.22,6.27,28.2,15,2
2001,김덕용,두,#042071,불펜,-0.09,6.75,2.56,1.1,3,0
2001,김상진,삼,#0061aa,스윙,-0.1,7.04,6.38,30.2,15,3
2001,박철홍,L,#fc1cad,불펜,-0.1,11.25,8.21,4.0,1,0
2001,정원욱,롯,#888888,불펜,-0.1,12.27,7.11,3.2,2,0
2001,베넷,두,#042071,스윙,-0.1,7.32,5.34,19.2,16,5
2001,송유석,한,#f37321,불펜,-0.11,12.0,10.81,3.0,1,0
2001,강태원,KIA,#ed1c24,스윙,-0.11,8.71,7.46,10.1,8,1
2001,엔리케스,현,#007f55,불펜,-0.12,9.0,6.22,9.0,4,0
2001,주형광,롯,#888888,스윙,-0.13,15.0,17.91,3.0,2,2
2001,차명석,L,#fc1cad,불펜,-0.15,8.64,5.77,8.1,6,0
2001,윈스턴,한,#f37321,불펜,-0.15,9.39,2.72,7.2,5,0
2001,이재우,두,#042071,불펜,-0.16,10.8,8.22,6.2,2,0
2001,류택현,L,#fc1cad,불펜,-0.17,7.46,6.05,35.0,34,0
2001,에반스,한,#f37321,스윙,-0.17,13.5,9.86,5.1,7,1
2001,젠슨,KIA,#ed1c24,스윙,-0.17,8.53,4.01,12.2,10,4
2001,김태구,두,#042071,불펜,-0.18,14.4,8.42,5.0,1,0
2001,김경원,한,#f37321,불펜,-0.2,6.45,5.68,22.1,16,0
2001,김장백,한,#f37321,불펜,-0.2,8.71,4.5,10.1,7,0
2001,김영완,S,#ff0000,불펜,-0.21,8.53,7.29,19.0,11,0
2001,파머,두,#042071,스윙,-0.22,9.0,6.99,11.0,9,3
2001,이준호,삼,#0061aa,불펜,-0.23,27.0,15.74,4.0,2,0
2001,전승남,L,#fc1cad,불펜,-0.23,7.31,4.41,28.1,22,0
2001,윤근주,한,#f37321,스윙,-0.23,8.42,5.55,25.2,10,1
2001,신재웅,한,#f37321,스윙,-0.24,9.17,7.21,17.2,9,2
2001,토레스,삼,#0061aa,스윙,-0.25,20.25,9.24,5.1,5,2
2001,곽채진,KIA,#ed1c24,불펜,-0.29,13.0,7.35,9.0,8,0
2001,장문석,L,#fc1cad,선발,-0.33,7.74,6.53,43.0,23,10
2001,정수찬,S,#ff0000,스윙,-0.35,8.59,6.0,14.2,5,4
2001,김희걸,S,#ff0000,스윙,-0.36,7.17,6.68,42.2,24,8
2001,김주철,KIA,#ed1c24,스윙,-0.46,8.73,8.4,33.0,18,8
2001,이상훈,두,#042071,불펜,-0.5,8.21,6.09,34.0,15,0
2001,이승호,L,#fc1cad,스윙,-0.55,12.74,8.57,17.2,18,1
2001,유동훈,KIA,#ed1c24,스윙,-0.55,7.38,4.92,42.2,24,9
2001,지승민,한,#f37321,스윙,-0.65,8.51,7.08,61.1,40,3
2001,안병원,L,#fc1cad,선발,-0.72,7.39,5.74,80.1,38,16
2001,한태균,두,#042071,스윙,-0.73,8.21,5.26,57.0,24,8
2002,송진우,한,#f37321,선발,6.31,2.99,3.36,220.0,165,30
2002,임창용,삼,#0061aa,선발,5.7,3.08,3.74,204.1,160,29
2002,키퍼,KIA,#ed1c24,선발,5.35,3.34,4.24,202.1,135,32
2002,엘비라,삼,#0061aa,선발,4.99,2.5,3.31,137.0,111,21
2002,노장진,삼,#0061aa,스윙,4.93,2.54,3.23,127.1,146,1
2002,리오스,KIA,#ed1c24,선발,4.84,3.14,4.22,157.2,102,13
2002,장문석,KIA,#ed1c24,불펜,4.7,1.6,2.94,101.1,86,0
2002,이동현,L,#fc1cad,스윙,4.33,2.67,3.69,124.2,106,2
2002,채병용,S,#ff0000,선발,4.22,3.19,4.03,141.0,126,15
2002,조용준,현,#007f55,불펜,4.07,1.9,2.64,109.0,116,0
2002,이상훈,L,#042071,불펜,4.05,1.68,2.78,85.2,92,0
2002,박명환,두,#042071,선발,3.98,3.44,3.19,185.2,169,29
2002,이승호,S,#fc1cad,선발,3.91,3.15,3.35,142.2,144,19
2002,김진우,KIA,#ed1c24,선발,3.37,4.07,3.66,188.0,177,29
2002,김현욱,삼,#0061aa,불펜,3.29,2.11,2.51,76.2,71,0
2002,레스,두,#042071,선발,3.1,3.87,3.86,202.1,154,31
2002,이강철,KIA,#ed1c24,불펜,3.01,3.17,3.77,105.0,97,0
2002,콜,두,#042071,선발,2.84,4.01,4.08,157.0,114,27
2002,이재영,두,#042071,스윙,2.6,2.96,3.2,97.1,112,3
2002,이상훈,두,#042071,스윙,2.56,3.91,3.59,133.2,93,8
2002,김민기,L,#fc1cad,선발,2.55,3.18,4.07,99.0,66,19
2002,피코타,한,#f37321,스윙,2.54,3.51,2.95,102.2,104,8
2002,손민한,롯,#888888,선발,2.48,3.67,4.35,142.1,82,22
2002,조웅천,S,#ff0000,불펜,2.33,3.27,3.18,82.2,63,0
2002,토레스,현,#007f55,선발,2.27,4.19,4.97,180.1,97,28
2002,강영식,삼,#0061aa,선발,2.06,3.79,4.14,95.0,88,14
2002,만자니오,L,#fc1cad,선발,2.03,4.32,4.71,162.1,122,29
2002,구자운,두,#042071,선발,2.02,3.79,3.72,133.0,95,23
2002,최원호,L,#fc1cad,선발,1.99,4.41,5.86,138.2,53,27
2002,권준헌,현,#007f55,불펜,1.89,3.05,3.27,62.0,44,0
2002,송신영,현,#007f55,스윙,1.71,4.39,4.57,104.2,67,9
2002,김수경,현,#007f55,선발,1.67,4.88,4.51,151.1,130,27
2002,김상진,S,#ff0000,선발,1.5,4.71,4.52,116.2,95,16
2002,오봉옥,KIA,#ed1c24,불펜,1.47,3.31,5.58,54.1,33,0
2002,정대현,S,#ff0000,불펜,1.27,3.21,3.21,42.0,30,0
2002,전병호,삼,#0061aa,스윙,1.26,3.88,4.92,62.2,35,3
2002,최상덕,KIA,#ed1c24,선발,1.24,4.47,4.89,133.0,79,23
2002,노병오,삼,#0061aa,스윙,1.24,3.78,4.04,47.2,29,4
2002,임선동,현,#007f55,선발,1.22,4.51,4.3,105.2,61,20
2002,염종석,롯,#888888,선발,1.18,4.36,3.88,159.0,108,30
2002,조규제,S,#ff0000,스윙,1.18,4.23,4.71,78.2,64,8
2002,이상열,현,#007f55,스윙,1.14,3.93,2.68,73.1,71,3
2002,진필중,두,#042071,불펜,1.13,3.47,3.38,62.1,58,0
2002,위재영,현,#007f55,선발,1.12,4.59,5.25,104.0,74,23
2002,마일영,현,#007f55,선발,1.12,4.56,4.92,130.1,98,22
2002,박충식,KIA,#ed1c24,불펜,1.12,3.97,3.39,47.2,33,0
2002,김풍철,롯,#888888,스윙,1.11,3.67,3.86,54.0,44,1
2002,에르난데스,롯,#888888,스윙,1.0,2.82,3.94,44.2,45,7
2002,신용운,KIA,#ed1c24,불펜,0.97,3.55,3.59,38.0,30,0
2002,한용덕,한,#f37321,선발,0.94,4.94,4.12,116.2,86,20
2002,차명주,두,#042071,불펜,0.93,3.86,3.57,51.1,37,0
2002,최향남,L,#fc1cad,선발,0.91,4.46,5.33,109.0,75,23
2002,정민철,한,#f37321,선발,0.9,5.35,4.07,138.0,116,24
2002,라형진,삼,#0061aa,선발,0.84,4.93,4.88,98.2,73,10
2002,매기,S,#ff0000,선발,0.8,4.69,4.05,132.1,124,23
2002,제춘모,S,#ff0000,선발,0.8,4.68,4.63,146.0,93,27
2002,이승호,L,#fc1cad,스윙,0.78,4.11,3.94,46.0,44,4
2002,신철인,현,#007f55,불펜,0.77,4.53,3.08,55.2,54,0
2002,김민범,현,#007f55,불펜,0.76,0.0,2.54,10.0,5,0
2002,김기덕,S,#ff0000,불펜,0.72,3.13,3.64,23.0,12,0
2002,러핀,S,#ff0000,불펜,0.66,2.6,2.82,17.1,18,0
2002,김정수,한,#f37321,불펜,0.64,3.24,3.25,25.0,29,0
2002,곽현희,KIA,#ed1c24,불펜,0.61,4.13,5.21,32.2,27,0
2002,가내영,KIA,#ed1c24,스윙,0.6,2.52,3.87,25.0,18,3
2002,이대환,현,#007f55,불펜,0.58,2.08,4.01,13.0,8,0
2002,조규수,한,#f37321,선발,0.53,5.46,5.23,113.2,88,19
2002,김영수,롯,#888888,선발,0.48,4.79,4.78,118.1,76,20
2002,류택현,L,#fc1cad,스윙,0.48,4.11,4.25,46.0,46,1
2002,김백만,한,#f37321,스윙,0.48,4.55,3.97,31.2,31,1
2002,정현욱,삼,#0061aa,스윙,0.47,4.0,3.33,36.0,34,2
2002,김장백,한,#f37321,불펜,0.44,1.17,3.39,7.2,4,0
2002,이혜천,두,#042071,스윙,0.44,4.67,4.2,79.0,75,3
2002,경헌호,L,#fc1cad,불펜,0.4,4.64,3.39,52.1,46,0
2002,김장현,롯,#888888,선발,0.39,5.26,4.8,119.2,70,13
2002,오철민,KIA,#ed1c24,불펜,0.38,4.26,6.23,19.0,13,0
2002,이준호,삼,#0061aa,불펜,0.35,2.25,3.79,8.0,5,0
2002,장재혁,한,#f37321,불펜,0.34,3.86,3.59,32.2,29,0
2002,박진철,KIA,#ed1c24,스윙,0.34,4.0,5.32,27.0,7,6
2002,김주철,KIA,#ed1c24,불펜,0.34,4.42,2.96,18.1,16,0
2002,강철민,KIA,#ed1c24,선발,0.33,5.68,4.34,77.2,46,16
2002,엄정욱,S,#ff0000,불펜,0.32,1.5,4.38,6.0,9,0
2002,허진석,한,#f37321,불펜,0.31,0.0,3.48,4.0,0,0
2002,지연규,한,#f37321,선발,0.3,5.35,4.14,77.1,48,16
2002,김영완,S,#ff0000,불펜,0.29,0.0,1.72,5.2,4,0
2002,배영수,삼,#0061aa,선발,0.26,5.53,5.24,81.1,63,18
2002,이명우,롯,#888888,불펜,0.26,3.86,4.43,16.1,12,0
2002,패트릭,삼,#0061aa,선발,0.25,5.96,4.73,77.0,45,20
2002,이명호,롯,#888888,불펜,0.25,4.3,5.13,14.2,11,0
2002,강상수,롯,#888888,스윙,0.25,4.58,5.31,55.0,33,2
2002,김홍집,한,#f37321,불펜,0.23,4.44,5.44,26.1,17,0
2002,노승욱,롯,#888888,스윙,0.23,5.35,5.03,35.1,23,2
2002,손혁,KIA,#ed1c24,스윙,0.22,3.72,5.8,19.1,11,5
2002,박지철,롯,#888888,스윙,0.22,5.11,4.64,24.2,20,4
2002,마정길,한,#f37321,불펜,0.22,5.4,4.32,60.0,54,0
2002,최경훈,두,#042071,스윙,0.21,2.25,5.41,8.0,5,1
2002,황두성,현,#007f55,불펜,0.2,3.0,5.35,6.0,4,0
2002,곽채진,KIA,#ed1c24,불펜,0.19,4.3,6.21,14.2,8,0
2002,이윤학,KIA,#ed1c24,불펜,0.18,0.0,7.72,2.1,1,0
2002,케펜,L,#fc1cad,선발,0.18,5.05,4.7,66.0,47,15
2002,김희걸,S,#ff0000,불펜,0.15,3.38,4.74,5.1,6,0
2002,최용호,두,#042071,스윙,0.13,4.91,3.82,14.2,10,1
2002,이정민,롯,#888888,스윙,0.12,3.27,6.31,11.0,1,1
2002,이재우,두,#042071,스윙,0.11,4.5,4.97,8.0,6,1
2002,지승민,한,#f37321,불펜,0.11,5.67,6.38,27.0,22,0
2002,강민영,롯,#888888,불펜,0.1,0.0,3.59,4.2,6,0
2002,김성태,현,#007f55,불펜,0.1,0.0,-2.14,1.1,3,0
2002,고효준,롯,#888888,불펜,0.1,0.0,2.01,3.0,3,0
2002,이용호,L,#fc1cad,불펜,0.08,0.0,3.48,1.0,0,0
2002,이병석,KIA,#ed1c24,불펜,0.08,3.86,6.42,7.0,5,0
2002,박준수,현,#007f55,불펜,0.08,3.38,5.36,2.2,4,0
2002,김태석,L,#fc1cad,불펜,0.06,4.5,8.96,4.0,2,0
2002,김동호,L,#fc1cad,불펜,0.05,0.0,3.48,0.2,0,0
2002,유현승,L,#fc1cad,불펜,0.05,0.0,-0.27,0.2,1,0
2002,장인규,두,#042071,불펜,0.05,0.0,4.38,0.2,1,0
2002,박보현,두,#042071,불펜,0.05,3.86,2.67,2.1,2,0
2002,임봉춘,롯,#888888,불펜,0.04,2.45,3.81,3.2,2,0
2002,신재웅,한,#f37321,불펜,0.03,0.0,5.28,0.1,1,0
2002,방동민,KIA,#ed1c24,불펜,0.03,5.4,6.45,3.1,1,0
2002,장기영,현R,#007f55,불펜,0.03,0.0,12.78,0.1,0,0
2002,김태한,S,#ff0000,불펜,0.01,5.23,3.94,31.0,21,0
2002,최환인,현,#007f55,불펜,0.01,5.4,10.62,1.2,0,0
2002,박장희,현,#007f55,불펜,0.01,6.14,4.16,22.0,17,0
2002,김원형,S,#ff0000,선발,0.01,5.25,5.76,58.1,37,12
2002,장성진,두,#042071,불펜,0.01,5.79,5.18,14.0,6,0
2002,변인재,롯,#888888,불펜,0.01,6.0,4.25,12.0,5,0
2002,오상민,삼,#0061aa,스윙,0.0,5.48,4.95,64.0,43,3
2002,성영재,KIA,#ed1c24,불펜,-0.02,9.0,15.38,1.0,0,0
2002,김광수,L,#fc1cad,불펜,-0.03,13.5,21.33,0.2,0,0
2002,권오원,삼,#0061aa,불펜,-0.03,0.0,5.48,5.0,2,0
2002,이대일,롯,#888888,불펜,-0.03,7.71,5.07,2.1,1,0
2002,배힘찬,현,#007f55,불펜,-0.03,81.0,3.48,0.1,0,0
2002,전승남,L,#fc1cad,불펜,-0.03,6.35,4.13,11.1,8,0
2002,이정호,삼,#0061aa,스윙,-0.04,6.1,3.83,10.1,12,1
2002,신원주,롯,#888888,불펜,-0.04,4.5,2.23,2.0,1,0
2002,이상목,한,#f37321,스윙,-0.04,6.1,4.83,62.0,47,6
2002,문동환,롯,#888888,선발,-0.04,5.1,4.23,67.0,49,10
2002,정원욱,롯,#888888,불펜,-0.04,7.2,3.22,5.0,3,0
2002,권명철,S,#ff0000,불펜,-0.05,5.93,5.42,54.2,36,0
2002,서승화,L,#fc1cad,스윙,-0.05,5.94,5.38,36.1,28,2
2002,박정근,한,#f37321,불펜,-0.05,18.0,10.28,1.0,1,0
2002,고상천,한,#f37321,불펜,-0.06,27.0,6.58,1.0,0,0
2002,김유봉,두,#042071,불펜,-0.06,27.0,6.58,1.0,0,0
2002,이경필,두,#042071,스윙,-0.06,5.47,6.25,24.2,13,5
2002,이정훈,롯,#888888,불펜,-0.07,6.32,3.43,31.1,19,0
2002,김병준,한,#f37321,스윙,-0.07,6.15,3.83,26.1,17,2
2002,최창호,L,#fc1cad,불펜,-0.07,6.75,4.76,12.0,11,0
2002,주형광,롯,#888888,불펜,-0.08,16.2,1.98,1.2,1,0
2002,문남열,삼,#0061aa,불펜,-0.08,6.57,5.85,12.1,9,0
2002,조형식,S,#ff0000,불펜,-0.1,12.0,10.98,3.0,3,0
2002,가득염,롯,#888888,스윙,-0.12,5.61,5.3,25.2,15,1
2002,윤형진,KIA,#ed1c24,불펜,-0.12,27.0,8.78,2.0,3,0
2002,권혁,삼,#0061aa,스윙,-0.14,13.5,8.81,4.0,1,1
2002,유혜정,한,#f37321,불펜,-0.15,18.0,11.18,3.0,4,0
2002,이원식,KIA,#ed1c24,스윙,-0.17,6.75,5.67,17.1,15,6
2002,파라,한,#f37321,불펜,-0.17,6.0,3.78,39.0,32,0
2002,이광우,L,#fc1cad,불펜,-0.17,11.81,9.93,5.1,3,0
2002,전준호,현,#007f55,스윙,-0.18,6.75,4.54,29.1,18,1
2002,김사율,롯,#888888,선발,-0.19,5.48,5.15,108.1,64,11
2002,최영완,KIA,#ed1c24,불펜,-0.19,15.43,4.25,4.2,6,0
2002,안병원,L,#fc1cad,스윙,-0.2,4.62,5.72,25.1,15,7
2002,김제빈,롯,#888888,불펜,-0.21,6.55,5.68,22.0,10,0
2002,김진웅,삼,#0061aa,스윙,-0.25,6.97,4.11,50.1,60,6
2002,베라스,현,#007f55,불펜,-0.25,7.33,5.19,23.1,19,0
2002,최영필,한,#f37321,스윙,-0.31,7.77,4.83,22.0,21,3
2002,김경태,두,#042071,스윙,-0.38,15.75,10.12,8.0,4,1
2002,오승준,S,#ff0000,스윙,-0.39,6.91,5.91,28.2,16,3
2002,신윤호,L,#fc1cad,스윙,-0.46,6.45,4.93,60.0,44,4
2002,윤길현,S,#ff0000,선발,-0.47,7.29,6.3,58.0,42,11
2002,박정진,한,#f37321,스윙,-0.5,6.65,5.86,47.1,37,4
2002,임경완,롯,#888888,스윙,-0.53,6.29,5.48,48.2,30,3
2002,이용훈,S,#ff0000,스윙,-0.73,8.64,5.57,41.2,46,5
2002,박주언,S,#ff0000,불펜,0.0,0.0,0.0,0.0,0,0
2003,이상목,한,#f37321,선발,4.76,3.54,3.26,185.1,118,29
2003,이승호,L,#ff0000,선발,4.65,3.19,3.95,191.2,157,30
2003,정민태,현,#007f55,선발,4.6,3.31,3.4,177.0,122,29
2003,김진우,KIA,#ed1c24,선발,4.45,3.45,3.01,169.1,146,24
2003,바워스,현,#007f55,선발,4.11,3.01,3.88,143.2,85,22
2003,송진우,한,#f37321,선발,4.0,3.12,3.28,129.2,93,14
2003,이리키,두,#042071,선발,3.68,3.74,4.23,159.0,87,20
2003,김현욱,삼,#0061aa,불펜,3.56,2.0,2.85,85.2,73,0
2003,임창용,삼,#0061aa,선발,3.55,3.55,4.17,147.0,85,26
2003,전승남,L,#fc1cad,불펜,3.53,2.45,3.23,106.2,56,0
2003,조웅천,S,#ff0000,불펜,3.49,1.97,2.47,77.2,75,0
2003,키퍼,두,#042071,선발,3.47,3.79,4.21,168.2,77,29
2003,리오스,KIA,#ed1c24,선발,3.23,3.82,4.23,188.2,121,30
2003,최상덕,KIA,#ed1c24,선발,3.09,3.56,4.49,126.1,63,22
2003,정민철,한,#f37321,선발,2.98,4.0,4.6,139.2,73,26
2003,신용운,KIA,#ed1c24,불펜,2.81,3.63,3.75,119.0,96,0
2003,김진웅,삼,#0061aa,선발,2.79,4.05,4.51,153.1,99,25
2003,권준헌,현,#007f55,불펜,2.73,3.19,3.36,93.0,67,0
2003,이강철,KIA,#ed1c24,불펜,2.51,1.98,3.62,68.1,57,0
2003,배영수,삼,#0061aa,선발,2.51,4.51,4.05,163.2,99,30
2003,신철인,현,#007f55,불펜,2.49,3.07,3.64,76.1,88,0
2003,정성훈,두,#042071,불펜,2.25,2.62,4.63,58.1,17,0
2003,존슨,KIA,#ed1c24,선발,2.21,3.0,4.12,69.0,53,10
2003,이재영,두,#042071,선발,2.13,3.65,4.73,116.0,83,10
2003,이상열,현,#007f55,불펜,2.08,2.91,3.05,58.2,48,0
2003,박지철,롯,#888888,선발,2.05,3.89,4.72,129.2,78,24
2003,김수경,현,#007f55,선발,2.03,4.63,3.74,167.0,121,29
2003,오상민,삼,#0061aa,불펜,2.02,2.79,3.32,58.0,45,0
2003,진필중,KIA,#ed1c24,스윙,1.89,3.08,3.51,64.1,71,2
2003,이승호,S,#ff0000,선발,1.82,4.08,4.94,97.0,81,15
2003,정대현,S,#ff0000,불펜,1.79,2.29,3.48,51.0,34,0
2003,윤길현,S,#ff0000,불펜,1.78,2.06,3.74,39.1,24,0
2003,김원형,S,#ff0000,스윙,1.77,3.74,4.68,79.1,44,9
2003,박정진,한,#f37321,스윙,1.64,4.31,3.91,100.1,73,3
2003,전준호,현,#007f55,선발,1.63,3.93,3.84,68.2,51,11
2003,노장진,삼,#0061aa,불펜,1.57,4.12,3.61,83.0,87,0
2003,스미스,S,#ff0000,선발,1.55,4.2,3.94,152.0,82,27
2003,장문석,KIA,#ed1c24,선발,1.48,4.4,4.61,100.1,53,13
2003,구자운,두,#042071,선발,1.45,4.17,3.35,95.0,64,10
2003,이상훈,L,#042071,불펜,1.43,3.34,2.52,56.2,55,0
2003,이동현,L,#fc1cad,선발,1.39,4.05,4.85,95.2,57,14
2003,마정길,한,#f37321,불펜,1.28,4.06,3.99,68.2,57,0
2003,노승욱,롯,#888888,스윙,1.26,4.48,4.48,94.1,45,1
2003,고우석,KIA,#ed1c24,불펜,1.25,3.88,3.95,58.0,38,0
2003,권명철,두,#042071,스윙,1.22,4.2,3.97,79.1,45,8
2003,피코타,한,#f37321,스윙,1.2,3.86,3.2,56.0,43,1
2003,김광삼,L,#fc1cad,선발,1.18,4.46,4.1,111.0,69,22
2003,손혁,두,#042071,선발,1.15,3.65,4.52,61.2,27,12
2003,오철민,KIA,#ed1c24,불펜,1.14,1.78,3.22,25.1,19,0
2003,정현욱,삼,#0061aa,스윙,1.13,4.59,2.99,86.1,77,3
2003,조용준,현,#007f55,불펜,1.11,3.52,3.23,53.2,39,0
2003,안영명,한,#f37321,불펜,1.09,3.89,4.52,44.0,26,0
2003,이원식,KIA,#ed1c24,스윙,1.03,3.08,3.9,38.0,24,7
2003,전병호,삼,#0061aa,선발,1.02,5.03,4.4,102.0,54,15
2003,류택현,L,#fc1cad,스윙,1.02,3.11,3.8,37.2,44,1
2003,송신영,현,#007f55,스윙,1.02,4.63,4.51,68.0,39,9
2003,김희걸,S,#ff0000,스윙,1.01,3.45,4.34,60.0,44,1
2003,조규수,한,#f37321,선발,0.99,5.28,4.91,121.0,80,21
2003,임경완,롯,#888888,스윙,0.93,4.71,4.47,93.2,45,6
2003,기론,한,#f37321,선발,0.92,4.59,4.38,64.2,49,10
2003,이혜천,두,#042071,불펜,0.92,3.93,4.66,55.0,36,0
2003,채병용,S,#ff0000,선발,0.9,4.82,4.01,114.0,84,16
2003,제춘모,S,#ff0000,선발,0.87,4.89,4.72,127.0,82,19
2003,강영식,삼,#0061aa,스윙,0.86,4.22,3.41,42.2,40,4
2003,성영재,L,#fc1cad,불펜,0.81,3.24,3.47,33.1,17,0
2003,이정훈,롯,#888888,선발,0.79,5.2,4.57,110.2,67,12
2003,김상진,S,#ff0000,선발,0.77,4.53,4.62,89.1,30,15
2003,염종석,롯,#888888,선발,0.76,5.17,4.93,123.2,85,24
2003,주형광,롯,#888888,선발,0.69,4.58,4.81,74.2,49,10
2003,강철민,KIA,#ed1c24,선발,0.69,4.88,5.88,90.1,44,19
2003,김승회,두,#042071,불펜,0.68,4.38,3.37,51.1,40,0
2003,최원호,L,#fc1cad,선발,0.68,4.48,4.21,76.1,40,17
2003,한용덕,한,#f37321,스윙,0.68,4.91,3.14,55.0,42,1
2003,권오준,삼,#0061aa,스윙,0.64,3.13,3.93,23.0,10,1
2003,박만채,L,#fc1cad,불펜,0.64,2.42,3.64,22.1,13,0
2003,경헌호,L,#fc1cad,불펜,0.63,4.2,3.48,70.2,73,0
2003,라이언,삼,#0061aa,선발,0.59,5.02,4.02,57.1,28,10
2003,문용민,한,#f37321,불펜,0.55,2.19,5.08,12.1,3,0
2003,손민한,롯,#888888,선발,0.54,4.86,4.98,109.1,54,18
2003,이재우,두,#042071,스윙,0.53,4.3,4.63,46.0,29,3
2003,유동훈,KIA,#ed1c24,불펜,0.52,3.8,4.31,21.1,11,0
2003,유혜정,한,#f37321,불펜,0.4,3.68,5.81,14.2,10,0
2003,노경은,두,#042071,스윙,0.39,4.12,5.58,19.2,8,4
2003,조태수,KIA,#ed1c24,불펜,0.39,3.91,5.11,25.1,12,0
2003,김광우,L,#fc1cad,불펜,0.39,3.47,4.41,23.1,18,0
2003,김백만,한,#f37321,스윙,0.35,5.23,4.7,32.2,21,4
2003,김태구,두,#042071,불펜,0.33,4.74,3.95,24.2,6,0
2003,에스트라다,한,#f37321,스윙,0.32,4.71,5.96,36.1,26,6
2003,이대환,현,#007f55,불펜,0.31,2.66,5.04,20.1,8,0
2003,조진호,S,#ff0000,선발,0.31,5.2,4.76,79.2,22,17
2003,박명환,두,#042071,선발,0.28,5.19,4.33,100.2,76,18
2003,이병석,L,#fc1cad,선발,0.27,5.18,5.34,66.0,29,13
2003,차명주,두,#042071,불펜,0.26,4.35,3.55,31.0,14,0
2003,김정수,S,#ff0000,불펜,0.24,4.15,4.27,13.0,3,0
2003,조규제,현,#007f55,스윙,0.24,5.63,5.11,40.0,41,2
2003,김광수,L,#fc1cad,선발,0.2,5.1,4.82,83.0,56,12
2003,권오원,삼,#0061aa,불펜,0.19,3.68,3.6,7.1,6,0
2003,이경원,KIA,#ed1c24,불펜,0.17,2.25,5.83,4.0,3,0
2003,양성제,롯,#888888,선발,0.16,4.89,4.96,99.1,42,12
2003,전병두,두,#042071,불펜,0.16,0.0,4.73,2.0,0,0
2003,권혁,삼,#0061aa,스윙,0.13,5.26,4.69,39.1,26,4
2003,이명호,롯,#888888,불펜,0.13,3.6,5.78,5.0,1,0
2003,정재복,L,#fc1cad,스윙,0.13,0.0,5.4,1.2,1,1
2003,라형진,삼,#0061aa,스윙,0.13,5.98,7.08,64.2,30,7
2003,김유봉,두,#042071,불펜,0.13,2.7,5.22,3.1,1,0
2003,김사율,롯,#888888,스윙,0.12,5.45,5.15,36.1,15,2
2003,정원,KIA,#ed1c24,불펜,0.12,4.26,9.98,6.1,2,0
2003,강상수,롯,#888888,스윙,0.12,5.5,6.08,54.0,47,3
2003,이동학,현,#007f55,선발,0.11,5.35,4.56,77.1,41,11
2003,황두성,현,#007f55,불펜,0.11,3.0,3.78,3.0,3,0
2003,이경필,두,#042071,선발,0.1,4.5,4.04,106.0,47,24
2003,이석만,롯,#888888,불펜,0.1,3.0,4.41,3.0,1,0
2003,가득염,롯,#888888,불펜,0.09,5.8,3.19,35.2,29,0
2003,이경민,L,#fc1cad,불펜,0.08,0.0,3.18,1.0,0,0
2003,박석진,롯,#888888,불펜,0.08,3.38,1.3,2.2,2,0
2003,엄정욱,S,#ff0000,스윙,0.07,5.4,3.71,25.0,29,4
2003,고상천,한,#f37321,불펜,0.06,5.4,7.44,6.2,6,0
2003,이명우,롯,#888888,불펜,0.06,3.6,5.36,10.0,7,0
2003,김경태,두,#042071,불펜,0.05,0.0,12.48,0.2,0,0
2003,장기영,현R,#007f55,불펜,0.05,0.0,3.18,0.2,0,0
2003,안병원,L,#fc1cad,불펜,0.05,0.0,3.18,0.2,0,0
2003,마일영,현,#007f55,선발,0.05,5.97,4.85,69.1,32,14
2003,지연규,한,#f37321,선발,0.03,5.2,5.56,45.0,8,11
2003,김휘곤,롯,#888888,불펜,0.03,0.0,3.18,0.1,0,0
2003,곽현희,KIA,#ed1c24,불펜,0.03,0.0,12.48,0.1,0,0
2003,오봉옥,KIA,#ed1c24,불펜,0.02,5.79,4.76,4.2,2,0
2003,이준,삼,#0061aa,불펜,0.01,5.4,1.68,1.2,1,0
2003,윤규진,한,#f37321,스윙,0.01,6.43,4.65,14.0,5,1
2003,이정민,롯,#888888,스윙,0.01,6.0,7.9,9.0,1,1
2003,지승민,삼,#0061aa,불펜,0.01,6.23,6.11,13.0,10,0
2003,이정호,삼,#0061aa,불펜,0.01,6.23,9.08,4.1,3,0
2003,변인재,롯,#888888,불펜,0.0,4.62,5.05,37.0,17,0
2003,노병오,삼,#0061aa,불펜,-0.01,6.52,7.49,9.2,4,0
2003,김장준,S,#ff0000,불펜,-0.01,6.23,4.99,13.0,10,0
2003,김주철,KIA,#ed1c24,불펜,-0.01,6.75,4.28,4.0,3,0
2003,김장백,한,#f37321,불펜,-0.02,9.0,12.58,1.0,1,0
2003,문남열,삼,#0061aa,불펜,-0.02,9.0,12.58,1.0,1,0
2003,한태균,두,#042071,불펜,-0.03,7.71,6.65,2.1,4,0
2003,신주영,한,#f37321,불펜,-0.05,18.0,21.28,1.0,0,0
2003,가내영,KIA,#ed1c24,불펜,-0.05,7.71,2.23,4.2,3,0
2003,김주용,롯,#888888,불펜,-0.05,7.11,4.34,6.1,2,0
2003,위재영,현,#007f55,스윙,-0.05,6.23,6.18,4.1,1,2
2003,곽채진,두,#042071,스윙,-0.06,5.86,4.53,35.1,11,7
2003,허진석,한,#f37321,불펜,-0.07,36.0,18.18,1.0,0,0
2003,임동규,삼,#0061aa,불펜,-0.07,13.5,14.13,2.0,2,0
2003,신윤호,L,#fc1cad,스윙,-0.08,13.5,15.38,2.0,1,1
2003,장준관,L,#fc1cad,불펜,-0.09,9.82,9.12,3.2,1,0
2003,정재훈,두,#042071,불펜,-0.09,10.8,8.22,3.1,3,0
2003,김진유,L,#fc1cad,불펜,-0.09,3.38,6.89,5.1,2,0
2003,엘비라,삼,#0061aa,스윙,-0.11,7.06,4.69,21.2,21,6
2003,정병희,한,#f37321,불펜,-0.13,9.64,7.31,4.2,2,0
2003,배힘찬,현,#007f55,불펜,-0.14,36.0,14.13,2.0,2,0
2003,김문수,삼,#0061aa,스윙,-0.17,15.43,3.43,2.1,1,1
2003,신동민,현,#007f55,불펜,-0.17,7.3,6.52,12.1,10,0
2003,최영필,한,#f37321,스윙,-0.18,6.86,5.1,42.0,26,6
2003,박용진,L,#fc1cad,불펜,-0.18,7.71,3.56,4.2,3,0
2003,김홍집,한,#f37321,불펜,-0.18,10.57,8.63,7.2,5,0
2003,안지만,삼,#0061aa,스윙,-0.23,7.89,6.49,21.2,11,1
2003,김영수,S,#ff0000,스윙,-0.24,5.34,5.3,64.0,47,8
2003,임선동,현,#007f55,스윙,-0.24,9.45,5.14,13.1,4,4
2003,김영완,S,#ff0000,불펜,-0.24,6.0,5.48,42.0,30,0
2003,최용호,KIA,#ed1c24,스윙,-0.25,10.13,5.27,10.2,7,3
2003,김태한,S,#ff0000,불펜,-0.27,8.25,7.49,12.0,7,0
2003,서승화,L,#fc1cad,스윙,-0.28,5.57,4.99,82.1,51,9
2003,이대진,KIA,#ed1c24,스윙,-0.31,9.45,5.28,13.1,13,4
2003,이용훈,롯,#888888,스윙,-0.4,11.08,9.84,13.0,9,1
2003,김성태,현,#007f55,불펜,-0.41,6.1,4.54,41.1,38,0
2003,이상훈,두,#042071,불펜,-0.53,9.72,4.9,16.2,9,0
2003,김장현,롯,#888888,선발,-0.55,6.75,5.26,92.0,32,15
2003,송은범,S,#ff0000,스윙,-0.69,6.78,5.17,71.2,50,6
2003,김상현,두,#042071,불펜,0.0,0.0,0.0,0.0,0,0
2004,리오스,KIA,#ed1c24,선발,7.23,2.87,3.59,222.2,145,32
2004,레스,두,#042071,선발,6.65,2.6,3.71,200.2,116,29
2004,배영수,삼,#0061aa,선발,6.18,2.61,3.23,189.2,144,27
2004,박명환,두,#042071,선발,5.69,2.5,2.26,158.2,162,26
2004,피어리,현,#007f55,선발,5.12,3.32,4.35,181.2,130,28
2004,송진우,한,#f37321,선발,4.7,3.61,4.14,172.0,100,26
2004,권오준,삼,#0061aa,선발,4.62,3.23,3.13,153.1,142,17
2004,유동훈,KIA,#ed1c24,불펜,3.76,2.98,4.04,120.2,65,0
2004,손민한,롯,#888888,선발,3.53,2.73,3.03,108.2,88,11
2004,조용준,현,#007f55,불펜,3.35,2.28,2.54,75.0,56,0
2004,이재영,두,#042071,불펜,3.32,2.59,3.41,94.0,79,0
2004,이승호,L,#ff0000,선발,3.3,2.71,3.75,129.2,115,21
2004,오재영,현,#007f55,선발,3.08,3.99,3.96,149.0,113,25
2004,김수경,현,#007f55,선발,3.04,4.01,4.15,152.2,100,26
2004,임경완,롯,#888888,불펜,2.96,3.16,3.38,105.1,72,0
2004,박지철,롯,#888888,선발,2.84,3.87,3.9,139.2,94,26
2004,장문석,KIA,#ed1c24,선발,2.76,4.03,4.54,152.0,75,27
2004,이강철,KIA,#ed1c24,불펜,2.74,2.95,4.37,85.1,56,0
2004,임창용,삼,#0061aa,불펜,2.63,2.01,2.74,67.0,67,0
2004,마뇽,KIA,#ed1c24,선발,2.6,4.17,4.63,155.1,83,26
2004,정대현,S,#ff0000,불펜,2.43,2.34,2.63,69.1,50,0
2004,이승호,S,#ff0000,선발,2.42,3.99,4.51,169.0,145,30
2004,신용운,KIA,#ed1c24,불펜,2.4,2.08,3.31,56.1,43,0
2004,김희걸,S,#ff0000,스윙,2.31,3.55,4.81,99.0,53,5
2004,이상열,현,#007f55,불펜,2.24,2.55,3.43,60.0,46,0
2004,정성훈,두,#042071,불펜,2.15,3.12,3.65,83.2,42,0
2004,정재훈,두,#042071,스윙,2.14,3.14,3.38,77.1,66,3
2004,엄정욱,S,#ff0000,선발,2.12,3.76,2.88,105.1,119,19
2004,권준헌,한,#f37321,불펜,2.05,2.11,3.33,42.2,24,0
2004,박석진,삼,#0061aa,불펜,1.96,2.3,3.61,62.2,33,0
2004,김원형,S,#ff0000,선발,1.89,4.2,4.78,135.0,78,20
2004,송신영,현,#007f55,스윙,1.87,3.53,3.94,81.2,64,1
2004,김진우,KIA,#ed1c24,스윙,1.85,2.86,3.16,63.0,57,7
2004,호지스,삼,#0061aa,선발,1.83,4.24,4.5,163.1,123,27
2004,전준호,현,#007f55,스윙,1.8,4.41,4.52,112.1,74,6
2004,조웅천,S,#ff0000,불펜,1.79,3.08,2.42,79.0,85,0
2004,이동현,L,#ed1c24,불펜,1.77,2.87,2.74,53.1,48,0
2004,김진웅,삼,#0061aa,선발,1.73,4.32,4.46,135.1,99,24
2004,송창식,한,#f37321,선발,1.64,5.13,4.77,140.1,80,24
2004,김경태,S,#ff0000,스윙,1.62,2.33,2.98,38.2,21,2
2004,정현욱,삼,#0061aa,선발,1.59,3.36,4.05,85.2,67,10
2004,김광삼,L,#fc1cad,선발,1.55,4.47,4.03,151.0,109,26
2004,이재우,두,#042071,스윙,1.51,4.43,4.12,89.1,56,4
2004,주형광,롯,#888888,선발,1.51,3.41,4.23,63.1,45,11
2004,이명우,롯,#888888,스윙,1.42,1.38,3.23,26.0,9,1
2004,구자운,두,#042071,불펜,1.26,3.59,3.86,47.2,39,0
2004,신철인,현,#007f55,불펜,1.22,2.48,3.41,29.0,30,0
2004,류택현,L,#fc1cad,불펜,1.15,3.38,2.52,50.2,53,0
2004,카브레라,S,#ff0000,선발,1.08,4.65,4.08,102.2,85,15
2004,오상민,삼,#0061aa,스윙,1.08,2.32,3.31,31.0,24,1
2004,신승현,S,#ff0000,스윙,1.08,4.88,4.72,107.0,64,9
2004,권혁,삼,#0061aa,스윙,1.01,4.78,4.34,81.0,78,9
2004,윤규진,한,#f37321,스윙,1.0,4.57,4.25,84.2,63,9
2004,최향남,KIA,#ed1c24,스윙,0.97,3.57,3.44,45.1,37,7
2004,마일영,현,#007f55,선발,0.94,4.71,4.49,80.1,46,13
2004,최원호,L,#fc1cad,선발,0.94,4.75,4.27,96.2,64,19
2004,조규제,KIA,#ed1c24,불펜,0.92,2.14,2.54,21.0,18,0
2004,전병호,삼,#0061aa,선발,0.89,4.2,4.98,60.0,34,12
2004,이정훈,롯,#888888,스윙,0.85,4.19,4.62,58.0,33,1
2004,염종석,롯,#888888,선발,0.85,4.59,4.2,102.0,55,21
2004,지승민,삼,#0061aa,불펜,0.81,3.45,4.31,28.2,34,0
2004,최영필,한,#f37321,스윙,0.79,4.14,4.16,37.0,27,4
2004,정민태,현,#007f55,선발,0.78,5.0,3.96,165.2,123,28
2004,이경필,두,#042071,선발,0.78,4.7,4.24,99.2,49,20
2004,노장진,롯,#888888,스윙,0.75,4.11,4.22,46.0,55,4
2004,키퍼,두,#042071,선발,0.75,4.69,4.8,103.2,50,19
2004,정재복,L,#fc1cad,선발,0.74,5.13,5.02,86.0,56,11
2004,정병희,한,#f37321,스윙,0.67,5.48,4.84,65.2,52,3
2004,강상수,롯,#888888,불펜,0.66,4.11,5.46,35.0,17,0
2004,김민범,현,#007f55,불펜,0.6,0.0,3.69,7.2,4,0
2004,김해님,한,#f37321,선발,0.6,5.58,5.31,90.1,43,15
2004,마정길,한,#f37321,스윙,0.59,4.83,5.12,41.0,37,1
2004,쿠퍼,L,#fc1cad,선발,0.55,4.75,5.1,60.2,31,12
2004,차명주,한,#f37321,불펜,0.55,2.45,2.77,14.2,11,0
2004,조영민,한,#f37321,불펜,0.54,4.05,5.39,33.1,19,0
2004,이용훈,롯,#888888,스윙,0.48,4.01,2.25,33.2,36,4
2004,강철민,KIA,#ed1c24,선발,0.44,5.33,4.6,145.1,86,26
2004,윤성환,삼,#0061aa,불펜,0.43,4.84,3.73,67.0,71,0
2004,우규민,L,#fc1cad,불펜,0.41,3.93,6.44,18.1,4,0
2004,경헌호,L,#fc1cad,불펜,0.4,1.04,3.66,8.2,5,0
2004,성영재,L,#fc1cad,불펜,0.36,3.46,4.77,13.0,6,0
2004,오봉옥,한,#f37321,불펜,0.35,5.97,4.65,60.1,31,0
2004,가득염,롯,#888888,불펜,0.33,4.91,3.88,40.1,25,0
2004,박정진,한,#f37321,불펜,0.32,5.51,5.98,32.2,23,0
2004,권명철,두,#042071,스윙,0.32,3.65,4.17,12.1,6,1
2004,이대환,현,#007f55,불펜,0.29,4.98,4.83,21.2,13,0
2004,신윤호,L,#fc1cad,스윙,0.23,5.43,5.78,69.2,36,1
2004,오승준,L,#fc1cad,스윙,0.22,1.93,6.42,4.2,3,1
2004,문용민,한,#f37321,불펜,0.22,4.67,5.5,17.1,13,0
2004,허준혁,롯,#888888,불펜,0.22,1.93,4.17,4.2,1,0
2004,최대성,롯,#888888,불펜,0.22,2.84,5.93,6.1,2,0
2004,서승화,L,#fc1cad,스윙,0.21,5.58,4.16,69.1,64,2
2004,이원희,두,#042071,불펜,0.21,0.0,1.5,2.2,2,0
2004,이경민,두,#042071,불펜,0.21,0.0,1.5,2.2,2,0
2004,위재영,현,#007f55,스윙,0.2,4.71,5.13,28.2,14,4
2004,송은범,S,#ff0000,스윙,0.18,5.19,6.13,59.0,32,6
2004,김덕윤,삼,#0061aa,스윙,0.18,3.27,4.73,22.0,16,1
2004,장준관,L,#fc1cad,불펜,0.16,3.46,5.77,13.0,7,0
2004,손용수,롯,#888888,불펜,0.15,0.0,8.03,2.0,0,0
2004,정원,KIA,#ed1c24,불펜,0.15,0.0,2.13,2.0,1,0
2004,임준혁,KIA,#ed1c24,불펜,0.15,2.45,8.48,3.2,1,0
2004,장원준,롯,#888888,선발,0.14,5.63,5.71,84.2,36,16
2004,문동환,한,#f37321,선발,0.13,5.37,5.45,120.2,56,22
2004,신동민,현,#007f55,불펜,0.13,0.0,2.24,1.2,2,0
2004,이상훈,S,#888888,불펜,0.13,5.14,4.17,14.0,15,0
2004,최용호,KIA,#ed1c24,스윙,0.12,5.83,6.26,41.2,19,6
2004,신주영,한,#f37321,불펜,0.11,5.19,9.43,8.2,3,0
2004,박준수,현,#007f55,불펜,0.11,0.0,5.7,1.1,0,0
2004,전승남,L,#fc1cad,불펜,0.09,5.09,4.47,17.2,8,0
2004,김광우,L,#fc1cad,불펜,0.09,4.15,6.51,4.1,2,0
2004,김장현,롯,#888888,선발,0.08,5.43,4.85,117.2,61,23
2004,조태수,KIA,#ed1c24,불펜,0.08,0.0,3.38,1.0,0,0
2004,지연규,한,#f37321,스윙,0.08,5.57,5.36,32.1,17,2
2004,박만채,L,#fc1cad,스윙,0.07,4.85,5.34,13.0,9,2
2004,이상목,롯,#888888,선발,0.07,5.03,4.91,87.2,51,18
2004,이혜천,두,#042071,스윙,0.07,5.88,4.86,52.0,35,2
2004,민경수,L,#fc1cad,불펜,0.07,5.3,3.94,18.2,14,0
2004,박권수,S,#ff0000,불펜,0.05,0.0,3.38,0.2,0,0
2004,김문수,삼,#0061aa,불펜,0.05,0.0,17.33,0.2,0,0
2004,이정민,롯,#888888,불펜,0.04,5.51,3.85,78.1,60,0
2004,진필중,L,#fc1cad,스윙,0.04,5.23,3.66,32.2,23,1
2004,장진용,L,#fc1cad,스윙,0.04,5.4,4.34,16.2,12,2
2004,송현우,L,#fc1cad,불펜,0.03,3.6,7.72,5.0,0,0
2004,심수창,L,#fc1cad,스윙,0.03,4.55,6.11,29.2,18,2
2004,전병두,두,#042071,선발,0.03,5.51,5.69,81.2,50,17
2004,안영명,한,#f37321,스윙,0.03,6.46,5.64,15.1,7,1
2004,강영식,삼,#0061aa,불펜,0.02,6.08,3.5,13.1,14,0
2004,김현욱,삼,#0061aa,불펜,0.01,5.88,3.13,26.0,28,0
2004,정우람,S,#ff0000,불펜,-0.01,6.75,5.7,2.2,0,0
2004,윤형진,KIA,#ed1c24,불펜,-0.02,9.0,6.48,1.0,0,0
2004,박강우,KIA,#ed1c24,불펜,-0.02,9.0,9.58,1.0,0,0
2004,김진유,L,#fc1cad,불펜,-0.02,9.0,21.48,1.0,0,0
2004,노승욱,롯,#888888,불펜,-0.02,5.83,5.63,29.1,11,0
2004,고상천,한,#f37321,불펜,-0.03,27.0,12.68,0.1,0,0
2004,오철민,KIA,#ed1c24,불펜,-0.03,6.0,4.89,30.0,23,0
2004,유영민,한,#f37321,불펜,-0.03,9.0,2.13,2.0,1,0
2004,김무학,두,#042071,불펜,-0.04,9.0,6.48,2.0,0,0
2004,김태구,두,#042071,불펜,-0.06,9.0,4.41,3.0,0,0
2004,이상훈,롯,#888888,불펜,-0.06,9.0,5.68,3.0,2,0
2004,김수훈,두,#042071,불펜,-0.06,27.0,15.28,1.0,0,0
2004,김종민,S,#ff0000,불펜,-0.06,18.0,6.48,1.0,0,0
2004,김사율,롯,#888888,불펜,-0.06,27.0,1.48,1.0,2,0
2004,박창근,S,#ff0000,불펜,-0.09,6.29,4.74,24.1,12,0
2004,양성제,롯,#888888,스윙,-0.13,6.75,2.19,5.1,5,1
2004,유혜정,한,#f37321,불펜,-0.13,11.25,6.03,4.0,3,0
2004,이동학,현,#007f55,불펜,-0.15,11.12,11.07,5.2,2,0
2004,김주철,KIA,#ed1c24,스윙,-0.15,6.3,7.77,20.0,11,3
2004,윤경영,한,#f37321,스윙,-0.16,9.31,6.4,9.2,3,1
2004,임선동,현,#007f55,스윙,-0.16,17.18,7.77,3.2,1,2
2004,이원식,KIA,#ed1c24,스윙,-0.19,7.88,8.75,8.0,1,1
2004,손혁,두,#042071,스윙,-0.19,10.13,6.58,8.0,3,1
2004,이경원,KIA,#ed1c24,불펜,-0.2,15.43,10.98,4.2,4,0
2004,문현정,KIA,#ed1c24,불펜,-0.2,7.11,6.22,12.2,10,0
2004,제춘모,S,#ff0000,선발,-0.2,5.88,5.58,67.1,35,15
2004,황두성,현,#007f55,불펜,-0.21,13.5,5.72,5.1,7,0
2004,이동현,KIA,#ed1c24,선발,-0.23,6.23,4.75,56.1,42,13
2004,윤길현,S,#ff0000,불펜,-0.23,7.01,3.9,25.2,24,0
2004,안지만,삼,#0061aa,스윙,-0.23,7.77,7.23,22.0,13,1
2004,김성배,두,#042071,스윙,-0.24,16.88,8.42,5.1,6,1
2004,이상화,KIA,#ed1c24,불펜,-0.26,12.38,10.18,8.0,7,0
2004,이대진,KIA,#ed1c24,스윙,-0.27,10.57,10.94,7.2,7,2
2004,김창훈,한,#f37321,스윙,-0.27,7.17,6.34,42.2,22,8
2004,곽현희,KIA,#ed1c24,불펜,-0.27,16.5,8.78,6.0,4,0
2004,고효준,S,#ff0000,스윙,-0.27,5.96,5.79,45.1,37,5
2004,한용덕,한,#f37321,불펜,-0.27,9.0,5.0,10.0,8,0
2004,김광수,L,#fc1cad,불펜,-0.28,6.86,4.59,21.0,8,0
2004,김성태,현,#007f55,불펜,-0.29,8.25,5.89,24.0,17,0
2004,방동민,KIA,#ed1c24,불펜,-0.29,18.0,4.39,6.0,5,0
2004,후타도,L,#fc1cad,스윙,-0.3,5.79,4.97,28.0,13,6
2004,윤희상,S,#ff0000,스윙,-0.32,9.45,5.33,13.1,9,4
2004,김영수,S,#ff0000,스윙,-0.37,7.07,5.15,28.0,27,3
2004,조규수,한,#f37321,스윙,-0.38,7.68,5.61,38.2,26,4
2004,소소경,KIA,#ed1c24,스윙,-0.39,10.54,4.5,13.2,11,1
2004,노경은,두,#042071,선발,-0.44,6.89,6.31,49.2,35,10
2004,정재원,한,#f37321,불펜,-0.45,9.69,9.28,13.0,9,0
2004,최상덕,KIA,#ed1c24,스윙,-0.54,12.89,7.66,14.2,10,5
2004,정민철,한,#f37321,선발,-0.59,7.67,5.99,54.0,22,13
2004,고우석,KIA,#ed1c24,스윙,-0.84,9.9,6.68,30.0,27,4
2005,오승환,삼,#0061aa,불펜,5.77,1.18,1.74,99.0,115,0
2005,손민한,롯,#888888,선발,5.7,2.46,3.22,168.1,105,26
2005,배영수,삼,#0061aa,선발,5.34,2.86,3.03,173.0,147,26
2005,리오스,두,#042071,선발,4.77,3.51,3.93,205.1,147,32
2005,이재우,두,#042071,불펜,4.67,1.72,3.05,99.2,79,0
2005,문동환,한,#f37321,선발,4.48,3.47,3.82,173.2,103,26
2005,위재영,S,#ff0000,불펜,4.06,1.89,3.21,95.1,80,0
2005,랜들,두,#042071,선발,3.96,3.25,4.28,149.2,111,26
2005,김원형,S,#ff0000,선발,3.65,3.41,4.07,171.2,94,30
2005,최영필,한,#f37321,선발,3.59,2.89,3.76,112.0,72,13
2005,박명환,두,#042071,선발,3.44,2.96,3.12,112.1,113,20
2005,이상목,롯,#888888,선발,3.14,3.02,3.32,101.1,69,17
2005,황두성,현,#007f55,스윙,3.11,3.29,3.28,128.2,137,5
2005,캘러웨이,현,#007f55,선발,2.99,3.97,4.2,197.1,103,31
2005,최원호,L,#fc1cad,선발,2.86,4.07,4.37,163.2,106,27
2005,신승현,S,#ff0000,선발,2.85,3.38,4.04,154.2,91,22
2005,송진우,한,#f37321,선발,2.64,3.81,4.1,127.2,88,22
2005,김진우,KIA,#ed1c24,선발,2.58,3.91,3.68,145.0,123,23
2005,권오준,삼,#0061aa,스윙,2.55,2.29,2.25,63.0,69,3
2005,김성배,두,#042071,스윙,2.45,3.17,3.29,82.1,60,3
2005,이영욱,S,#ff0000,스윙,2.33,2.51,4.03,64.2,41,4
2005,정재훈,두,#042071,불펜,2.3,2.09,2.35,56.0,60,0
2005,김해님,한,#f37321,선발,2.21,4.28,4.33,128.1,61,21
2005,임동규,삼,#0061aa,스윙,2.03,2.74,3.83,62.1,39,8
2005,이정민,롯,#888888,불펜,2.03,3.82,3.71,94.1,63,0
2005,염종석,롯,#888888,선발,1.94,3.77,3.63,107.1,58,20
2005,안지만,삼,#0061aa,불펜,1.94,3.48,3.99,82.2,72,0
2005,크루즈,S,#ff0000,선발,1.88,3.0,4.12,81.0,50,15
2005,전병두,KIA,#ed1c24,스윙,1.79,3.0,4.2,57.0,55,2
2005,정우람,S,#ff0000,불펜,1.73,1.69,3.57,42.2,32,0
2005,정대현,S,#ff0000,불펜,1.72,0.37,2.36,24.1,18,0
2005,윤규진,한,#f37321,불펜,1.72,3.34,4.03,67.1,55,0
2005,조웅천,S,#ff0000,불펜,1.69,3.28,2.68,60.1,56,0
2005,송신영,현,#007f55,스윙,1.68,3.74,3.65,74.2,53,5
2005,장문석,KIA,#ed1c24,선발,1.52,3.75,3.23,84.0,60,12
2005,블랭크,KIA,#ed1c24,선발,1.51,4.26,5.81,93.0,45,18
2005,신용운,KIA,#ed1c24,스윙,1.49,3.08,5.01,61.1,31,1
2005,채병용,S,#ff0000,선발,1.41,4.24,4.82,121.0,96,23
2005,신주영,한,#f37321,불펜,1.39,2.36,3.84,34.1,20,0
2005,이혜천,두,#042071,선발,1.38,3.95,4.88,109.1,59,21
2005,김명제,두,#042071,선발,1.33,4.63,4.86,107.0,67,19
2005,조용준,현,#007f55,불펜,1.33,3.27,3.2,52.1,61,0
2005,지연규,한,#f37321,불펜,1.32,2.84,3.91,38.0,32,0
2005,노장진,롯,#888888,불펜,1.31,2.45,1.34,33.0,52,0
2005,정재복,L,#fc1cad,불펜,1.31,4.1,3.54,79.0,63,0
2005,그레이싱어,KIA,#ed1c24,선발,1.25,3.93,3.45,75.2,58,13
2005,이왕기,롯,#888888,불펜,1.22,4.02,3.18,65.0,63,0
2005,박석진,삼,#0061aa,불펜,1.2,3.47,3.89,62.1,24,0
2005,윤길현,S,#ff0000,스윙,1.19,3.69,3.83,61.0,61,2
2005,이원희,두,#042071,스윙,1.18,3.86,5.02,56.0,33,1
2005,하리칼라,삼,#0061aa,선발,1.15,3.71,3.65,51.0,31,10
2005,경헌호,L,#fc1cad,스윙,1.08,3.98,3.54,54.1,37,2
2005,정민철,한,#f37321,선발,1.06,4.82,4.53,115.2,56,25
2005,강철민,KIA,#ed1c24,선발,1.01,4.68,5.52,92.1,68,18
2005,조영민,S,#ff0000,불펜,0.99,3.44,5.42,36.2,27,0
2005,엄정욱,S,#ff0000,스윙,0.97,0.61,2.49,14.2,18,2
2005,고효준,S,#ff0000,선발,0.97,3.59,4.34,57.2,67,11
2005,윤석민,KIA,#ed1c24,불펜,0.96,4.29,4.45,84.0,49,0
2005,전병호,삼,#0061aa,선발,0.93,4.39,5.02,104.2,51,20
2005,류택현,L,#fc1cad,스윙,0.92,3.63,3.41,52.0,41,3
2005,스미스,두,#042071,선발,0.88,4.55,4.19,95.0,45,16
2005,이정훈,롯,#888888,스윙,0.87,4.44,4.02,75.0,46,1
2005,손승락,현,#007f55,선발,0.82,5.43,4.89,134.1,80,23
2005,최향남,KIA,#ed1c24,스윙,0.78,4.1,4.8,41.2,31,9
2005,조현근,두,#042071,스윙,0.76,4.0,4.53,36.0,11,1
2005,박준수,현,#007f55,스윙,0.74,3.86,3.05,42.0,43,1
2005,바르가스,삼,#0061aa,선발,0.74,5.06,4.97,128.0,66,26
2005,차정민,KIA,#ed1c24,불펜,0.71,3.5,4.51,36.0,19,0
2005,노환수,현,#007f55,스윙,0.66,3.92,4.32,43.2,38,1
2005,이용훈,롯,#888888,선발,0.65,5.01,3.72,106.0,106,19
2005,라형진,삼,#0061aa,스윙,0.64,2.35,3.2,15.1,16,1
2005,이강철,KIA,#ed1c24,불펜,0.62,3.2,4.03,19.2,15,0
2005,김광삼,L,#fc1cad,선발,0.61,4.96,4.93,103.1,76,21
2005,가득염,롯,#888888,불펜,0.6,3.52,1.84,23.0,21,0
2005,금민철,두,#042071,스윙,0.58,4.73,4.03,51.1,44,2
2005,장원준,롯,#888888,선발,0.55,5.11,4.22,107.1,79,20
2005,조형식,S,#ff0000,불펜,0.54,2.55,4.11,17.2,16,0
2005,차바치,S,#ff0000,불펜,0.54,1.0,3.78,9.0,5,0
2005,민경수,L,#fc1cad,불펜,0.53,3.74,3.74,21.2,16,0
2005,이상우,현,#007f55,불펜,0.51,99.99,0.0,0.0,0,0
2005,이재영,두,#042071,스윙,0.47,4.03,4.86,22.1,20,1
2005,왈론드,L,#fc1cad,선발,0.4,5.04,4.87,89.1,68,15
2005,이보근,현,#007f55,스윙,0.38,2.45,4.48,25.2,16,1
2005,송은범,S,#ff0000,불펜,0.36,0.0,2.5,4.2,3,0
2005,카브레라,S,#ff0000,불펜,0.34,1.42,2.95,6.1,6,0
2005,우규민,L,#fc1cad,불펜,0.32,1.17,3.35,7.2,4,0
2005,해크먼,삼,#0061aa,선발,0.32,4.8,4.62,80.2,57,15
2005,심수창,L,#fc1cad,스윙,0.32,4.22,3.73,32.0,21,1
2005,이동학,현,#007f55,스윙,0.31,4.04,5.47,42.1,23,1
2005,강영식,삼,#0061aa,불펜,0.3,4.83,4.96,31.2,37,0
2005,김진웅,삼,#0061aa,스윙,0.29,4.58,6.9,19.2,15,2
2005,이승호,S,#fc1cad,불펜,0.28,0.0,1.89,3.2,6,0
2005,노승욱,롯,#888888,불펜,0.27,3.12,2.86,8.2,7,0
2005,이원식,L,#fc1cad,불펜,0.25,3.38,4.45,16.0,13,0
2005,오봉옥,한,#f37321,불펜,0.24,5.65,5.85,43.0,24,0
2005,이대환,현,#007f55,스윙,0.23,5.31,4.98,76.1,50,8
2005,이승호,L,#fc1cad,선발,0.23,5.51,4.42,111.0,94,20
2005,손상정,L,#fc1cad,불펜,0.23,2.84,3.63,6.1,2,0
2005,김민범,현,#007f55,불펜,0.22,5.09,2.49,23.0,21,0
2005,송현우,L,#fc1cad,불펜,0.21,4.82,5.32,37.1,23,0
2005,김승회,두,#042071,불펜,0.19,4.0,5.52,9.0,7,0
2005,이상현,현,#007f55,불펜,0.18,4.41,4.85,16.1,14,0
2005,장찬,S,#ff0000,불펜,0.17,2.25,6.42,4.0,0,0
2005,이상화,KIA,#ed1c24,불펜,0.16,4.32,3.43,8.1,5,0
2005,김덕윤,삼,#0061aa,스윙,0.15,5.72,3.75,39.1,40,1
2005,오상민,삼,#0061aa,불펜,0.15,4.32,5.39,8.1,8,0
2005,김수경,현,#007f55,선발,0.14,5.76,5.18,90.2,70,17
2005,이석만,롯,#888888,불펜,0.13,4.05,2.21,6.2,7,0
2005,지승민,삼,#0061aa,불펜,0.12,2.7,6.05,3.1,5,0
2005,이명우,롯,#888888,스윙,0.12,5.34,4.79,57.1,29,6
2005,양훈,한,#f37321,선발,0.11,5.83,5.33,71.0,21,11
2005,차명주,한,#f37321,불펜,0.11,5.88,4.44,33.2,17,0
2005,신철인,현,#007f55,불펜,0.1,0.0,1.57,1.1,1,0
2005,김종민,S,#ff0000,불펜,0.1,99.99,0.0,0.0,0,0
2005,김성태,현,#007f55,불펜,0.1,3.0,6.94,3.0,2,0
2005,윤근영,한,#f37321,불펜,0.08,5.4,5.4,40.0,19,0
2005,존슨,KIA,#ed1c24,스윙,0.07,5.96,6.04,25.2,23,5
2005,박만채,L,#fc1cad,스윙,0.06,5.34,4.22,30.1,21,4
2005,서민욱,한,#f37321,불펜,0.05,0.0,-0.31,0.2,1,0
2005,최혁권,롯,#888888,불펜,0.05,3.86,5.03,2.1,1,0
2005,정원,KIA,#ed1c24,불펜,0.05,5.83,5.29,29.1,22,0
2005,서승화,L,#fc1cad,불펜,0.03,5.4,4.3,5.0,2,0
2005,이경민,두,#042071,불펜,0.03,5.4,6.8,5.0,3,0
2005,홍성수,S,#ff0000,불펜,0.03,0.0,-4.06,0.1,1,0
2005,손기현,L,#fc1cad,불펜,0.0,6.0,8.01,3.0,3,0
2005,방동민,KIA,#ed1c24,불펜,-0.02,9.0,7.14,1.0,1,0
2005,이경원,KIA,#ed1c24,불펜,-0.03,7.36,5.13,3.2,0,0
2005,전승윤,현,#007f55,불펜,-0.03,54.0,31.34,0.1,0,0
2005,김수화,롯,#888888,스윙,-0.03,6.48,5.6,8.1,5,1
2005,김광우,L,#fc1cad,불펜,-0.04,7.2,10.56,5.0,5,0
2005,오철민,KIA,#ed1c24,불펜,-0.05,6.17,6.11,11.2,7,0
2005,김장준,L,#fc1cad,불펜,-0.06,7.0,5.17,9.0,6,0
2005,정민태,현,#007f55,스윙,-0.06,4.73,3.93,26.2,13,5
2005,조성민,한,#f37321,불펜,-0.06,6.52,5.43,19.1,8,0
2005,소소경,L,#fc1cad,불펜,-0.06,8.31,4.71,4.1,4,0
2005,최상덕,KIA,#ed1c24,선발,-0.06,6.02,4.61,61.1,48,11
2005,조규제,KIA,#ed1c24,불펜,-0.07,36.0,36.54,1.0,0,0
2005,주형광,롯,#888888,스윙,-0.07,6.03,5.46,34.1,23,6
2005,김선규,S,#ff0000,불펜,-0.07,36.0,3.44,1.0,0,0
2005,김재현,L,#fc1cad,불펜,-0.1,9.0,4.04,2.0,2,0
2005,김경태,S,#ff0000,불펜,-0.11,5.03,4.1,34.0,24,0
2005,제춘모,S,#ff0000,스윙,-0.11,8.53,5.51,6.1,2,1
2005,조태수,KIA,#ed1c24,스윙,-0.11,5.75,6.01,36.0,27,1
2005,신재웅,L,#fc1cad,불펜,-0.12,7.43,4.74,13.1,9,0
2005,안영명,한,#f37321,스윙,-0.13,6.1,5.58,20.2,14,4
2005,김창훈,한,#f37321,불펜,-0.13,13.5,10.72,2.2,3,0
2005,김주철,KIA,#ed1c24,스윙,-0.16,10.13,9.52,5.1,4,1
2005,최혁길,S,#ff0000,불펜,-0.16,21.0,2.38,3.0,5,0
2005,박성훈,삼,#0061aa,불펜,-0.17,4.61,4.43,13.2,13,0
2005,임선동,현,#007f55,스윙,-0.17,17.18,3.93,3.2,3,2
2005,장진용,L,#fc1cad,불펜,-0.18,7.98,5.85,14.2,14,0
2005,서동환,두,#042071,스윙,-0.2,12.71,8.24,5.2,4,1
2005,조규수,한,#f37321,스윙,-0.2,22.09,6.5,3.2,4,1
2005,장준관,L,#fc1cad,불펜,-0.2,6.2,4.23,20.1,12,0
2005,산체스,S,#ff0000,선발,-0.2,6.17,5.38,65.2,51,14
2005,윤형진,KIA,#ed1c24,불펜,-0.21,12.79,8.97,6.1,4,0
2005,신윤호,L,#fc1cad,불펜,-0.22,6.25,4.76,31.2,15,0
2005,박지철,롯,#888888,스윙,-0.22,6.06,5.66,49.0,39,9
2005,조정훈,롯,#888888,불펜,-0.24,6.83,4.87,29.0,19,0
2005,박정태,KIA,#ed1c24,스윙,-0.24,6.47,3.92,40.1,37,2
2005,이범석,KIA,#ed1c24,불펜,-0.26,11.05,5.3,7.1,8,0
2005,윤희상,S,#ff0000,스윙,-0.26,18.0,10.3,5.0,2,2
2005,진필중,L,#fc1cad,선발,-0.27,5.82,4.99,51.0,27,12
2005,이동현,KIA,#ed1c24,스윙,-0.27,6.34,6.07,38.1,33,4
2005,박정배,두,#042071,스윙,-0.27,8.22,6.29,15.1,9,1
2005,정병희,한,#f37321,스윙,-0.27,6.56,5.17,70.0,55,3
2005,임창용,삼,#0061aa,선발,-0.31,6.5,4.66,91.1,70,14
2005,노병오,현,#007f55,불펜,-0.32,10.13,6.34,13.1,10,0
2005,김희걸,KIA,#ed1c24,불펜,-0.37,7.18,5.9,31.1,19,0
2005,최대성,롯,#888888,스윙,-0.39,9.2,5.61,14.2,8,1
2005,강상수,롯,#888888,불펜,-0.45,8.28,6.47,29.1,17,0
2005,오재영,현,#007f55,선발,-0.6,6.01,5.0,70.1,37,18
2005,전준호,현,#007f55,스윙,-0.69,7.61,5.46,49.2,28,8
2005,김민기,L,#fc1cad,스윙,-0.97,8.02,4.76,55.0,37,9
2005,강관식,두,#042071,불펜,0.0,0.0,0.0,0.0,0,0
2006,류현진,한,#f37321,선발,6.94,2.23,1.99,201.2,204,28
2006,리오스,두,#042071,선발,5.39,2.9,3.08,233.0,145,33
2006,장원삼,현,#007f55,선발,5.03,2.85,3.53,183.1,142,29
2006,랜들,두,#042071,선발,5.02,2.95,3.17,192.1,142,30
2006,그레이싱어,KIA,#ed1c24,선발,4.77,3.02,2.51,188.0,164,29
2006,브라운,삼,#0061aa,선발,4.17,2.68,3.8,154.1,92,26
2006,손민한,롯,#888888,선발,4.13,2.78,2.7,161.2,96,24
2006,캘러웨이,현,#007f55,선발,3.8,2.87,2.74,166.1,95,27
2006,문동환,한,#f37321,선발,3.75,3.05,3.87,189.0,85,29
2006,배영수,삼,#0061aa,선발,3.66,2.92,2.84,157.1,133,25
2006,이혜천,두,#042071,선발,3.33,2.79,3.07,142.0,104,22
2006,오승환,삼,#0061aa,불펜,3.31,1.59,0.31,79.1,109,0
2006,김진우,KIA,#ed1c24,선발,3.25,2.69,3.64,117.0,65,19
2006,권오준,삼,#0061aa,불펜,3.22,1.69,2.54,80.0,83,0
2006,우규민,L,#fc1cad,불펜,2.97,1.55,3.39,75.2,30,0
2006,윤석민,KIA,#ed1c24,불펜,2.96,2.28,2.65,94.2,75,0
2006,채병용,S,#ff0000,선발,2.95,3.07,3.53,152.2,97,25
2006,전준호,현,#007f55,선발,2.88,3.39,3.79,143.1,82,23
2006,박준수,현,#007f55,불펜,2.83,1.82,1.75,69.1,65,0
2006,한기주,KIA,#ed1c24,선발,2.62,3.26,3.76,140.2,78,17
2006,송진우,한,#f37321,선발,2.59,3.6,3.45,147.1,94,26
2006,구대성,한,#f37321,불펜,2.53,1.82,1.74,69.1,76,0
2006,정재훈,두,#042071,불펜,2.49,1.33,2.34,54.0,65,0
2006,정대현,S,#ff0000,불펜,2.48,1.94,2.73,74.1,52,0
2006,박명환,두,#042071,선발,2.07,3.46,2.24,122.1,132,19
2006,신용운,KIA,#ed1c24,불펜,2.03,0.72,2.93,37.2,17,0
2006,정재복,L,#fc1cad,선발,1.98,3.59,3.81,143.0,63,23
2006,신철인,현,#007f55,불펜,1.95,2.22,2.47,77.0,85,0
2006,하리칼라,삼,#0061aa,선발,1.86,3.33,3.75,135.1,70,23
2006,장원준,롯,#888888,선발,1.83,3.61,3.63,179.2,130,28
2006,이영욱,S,#ff0000,스윙,1.77,3.11,3.33,92.2,52,5
2006,이상목,롯,#888888,선발,1.68,3.25,4.27,138.2,50,23
2006,안영명,한,#f37321,스윙,1.67,3.29,4.29,76.2,48,7
2006,강철민,KIA,#ed1c24,선발,1.64,2.76,4.64,58.2,32,10
2006,윤길현,S,#ff0000,선발,1.56,3.9,3.89,140.2,91,24
2006,정홍준,삼,#0061aa,스윙,1.4,2.92,3.64,52.1,40,7
2006,정원,KIA,#ed1c24,불펜,1.39,1.88,2.88,38.1,24,0
2006,김원형,S,#ff0000,선발,1.19,4.07,4.29,139.1,52,23
2006,정민철,한,#f37321,선발,1.19,3.93,4.65,130.2,62,24
2006,염종석,롯,#888888,선발,1.18,3.72,3.39,128.1,62,25
2006,이상화,KIA,#ed1c24,선발,1.12,3.87,4.86,121.0,50,14
2006,임동규,삼,#0061aa,선발,1.11,3.91,4.82,138.0,59,23
2006,카브레라,S,#ff0000,불펜,1.07,1.63,2.8,27.2,23,0
2006,신승현,S,#ff0000,선발,1.03,3.44,4.09,107.1,53,21
2006,최영필,한,#f37321,불펜,0.97,3.05,3.32,38.1,34,0
2006,카라이어,L,#fc1cad,스윙,0.97,3.25,2.25,52.2,48,3
2006,나승현,롯,#888888,불펜,0.92,3.48,3.54,54.1,33,0
2006,김수경,현,#007f55,선발,0.92,3.78,3.36,85.2,64,17
2006,전병호,삼,#0061aa,선발,0.89,3.9,3.96,134.0,65,21
2006,김민기,L,#fc1cad,불펜,0.87,3.65,3.47,61.2,43,0
2006,전병두,KIA,#ed1c24,선발,0.87,4.35,3.51,101.1,94,15
2006,최원호,L,#fc1cad,선발,0.83,4.29,3.59,84.0,48,14
2006,김덕윤,두,#042071,불펜,0.8,3.67,4.33,56.1,30,0
2006,박지철,롯,#888888,스윙,0.78,2.98,3.88,48.1,23,6
2006,서민욱,한,#f37321,불펜,0.76,3.03,3.41,29.2,18,0
2006,경헌호,L,#fc1cad,스윙,0.71,3.46,3.38,52.0,28,3
2006,심수창,L,#fc1cad,선발,0.7,4.38,4.87,135.2,56,24
2006,손승락,현,#007f55,선발,0.68,4.17,3.33,95.0,48,17
2006,이보근,현,#007f55,불펜,0.61,3.62,3.22,37.1,25,0
2006,양훈,한,#f37321,스윙,0.61,3.92,4.25,41.1,27,5
2006,이왕기,롯,#888888,불펜,0.59,3.48,4.05,54.1,50,0
2006,세라노,S,#ff0000,선발,0.58,4.12,3.35,63.1,58,13
2006,이정민,롯,#888888,불펜,0.56,3.46,5.05,39.0,21,0
2006,장문석,KIA,#ed1c24,스윙,0.56,4.36,3.85,53.2,36,8
2006,박정태,KIA,#ed1c24,스윙,0.55,3.57,3.95,40.1,29,3
2006,황두성,현,#007f55,불펜,0.51,3.91,3.5,71.1,76,0
2006,김승회,두,#042071,스윙,0.49,3.95,2.91,79.2,68,1
2006,이승호,L,#fc1cad,선발,0.48,4.46,3.61,103.0,86,16
2006,이현승,현,#007f55,불펜,0.47,3.79,2.53,40.1,43,0
2006,진필중,L,#fc1cad,스윙,0.42,3.95,3.94,43.1,18,3
2006,김명제,두,#042071,스윙,0.41,4.46,4.21,111.0,67,9
2006,송신영,현,#007f55,스윙,0.4,4.53,3.91,95.1,60,9
2006,이정훈,롯,#888888,불펜,0.39,4.15,3.16,43.1,22,0
2006,민경수,L,#fc1cad,불펜,0.33,2.76,4.14,16.1,14,0
2006,조영민,S,#ff0000,불펜,0.32,3.6,4.75,20.0,9,0
2006,베로커,L,#fc1cad,스윙,0.32,4.75,4.34,53.0,31,9
2006,정우람,S,#ff0000,불펜,0.3,4.24,3.57,46.2,47,0
2006,지연규,한,#f37321,불펜,0.29,2.25,4.79,8.0,3,0
2006,김상현,두,#042071,불펜,0.28,2.93,3.28,15.1,11,0
2006,이명우,롯,#888888,불펜,0.24,0.0,3.26,3.1,1,0
2006,윤형진,KIA,#ed1c24,불펜,0.21,0.0,3.28,3.0,1,0
2006,차명주,한,#f37321,불펜,0.19,3.27,3.36,22.0,11,0
2006,김해님,한,#f37321,스윙,0.18,4.58,3.96,55.0,23,5
2006,김성훈,S,#ff0000,스윙,0.18,2.84,4.85,6.1,4,1
2006,노장진,롯,#888888,불펜,0.17,4.66,4.77,48.1,32,0
2006,김태환,S,#ff0000,불펜,0.17,0.0,3.08,2.1,0,0
2006,금민철,두,#042071,스윙,0.16,4.66,4.35,58.0,42,9
2006,차정민,KIA,#ed1c24,불펜,0.16,4.24,4.99,17.0,16,0
2006,김기표,L,#fc1cad,불펜,0.16,0.0,3.5,4.1,3,0
2006,이한진,S,#ff0000,불펜,0.16,2.84,3.8,19.0,9,0
2006,여승현,L,#fc1cad,불펜,0.14,0.0,4.93,2.0,1,0
2006,손영민,KIA,#ed1c24,불펜,0.14,0.0,6.48,2.0,1,0
2006,조정훈,롯,#888888,불펜,0.14,3.0,1.72,6.0,7,0
2006,장인규,두,#042071,불펜,0.12,0.0,4.94,1.2,0,0
2006,김성배,두,#042071,불펜,0.12,4.58,4.91,19.2,10,0
2006,신재웅,L,#fc1cad,스윙,0.11,4.61,3.85,52.2,30,5
2006,이동현,KIA,#ed1c24,스윙,0.11,4.62,4.22,48.2,34,9
2006,권준헌,한,#f37321,불펜,0.11,5.1,3.48,42.1,32,0
2006,이원희,두,#042071,불펜,0.11,3.38,3.66,5.1,6,0
2006,오재영,현,#007f55,스윙,0.1,4.61,4.66,13.2,5,4
2006,김재현,L,#fc1cad,불펜,0.09,4.38,3.34,37.0,27,0
2006,박만채,L,#fc1cad,불펜,0.09,2.7,4.19,3.1,1,0
2006,주형광,롯,#888888,스윙,0.09,4.14,4.01,67.1,26,8
2006,김회권,L,#fc1cad,스윙,0.08,4.73,3.4,13.1,7,3
2006,노승욱,롯,#888888,불펜,0.07,4.58,3.72,17.2,10,0
2006,정재훈,두,#042071,불펜,0.07,0.0,6.18,1.0,0,0
2006,임선동,현,#007f55,불펜,0.07,0.0,3.08,1.0,0,0
2006,노병오,현,#007f55,불펜,0.07,0.0,3.08,1.0,0,0
2006,백준영,삼,#0061aa,불펜,0.07,0.0,0.58,1.0,1,0
2006,채형직,삼,#0061aa,스윙,0.06,4.99,5.01,30.2,19,1
2006,신주영,한,#f37321,불펜,0.05,4.4,4.81,14.1,6,0
2006,김광삼,L,#fc1cad,스윙,0.05,4.08,4.47,17.2,10,3
2006,권혁,삼,#0061aa,불펜,0.04,4.5,5.02,8.0,6,0
2006,김종민,S,#ff0000,불펜,0.02,0.0,3.08,0.1,0,0
2006,조태수,KIA,#ed1c24,불펜,0.02,5.1,3.55,30.0,8,0
2006,노환수,현,#007f55,불펜,0.02,4.91,7.83,7.1,2,0
2006,송창식,한,#f37321,불펜,0.01,5.29,4.87,17.0,11,0
2006,정민태,현,#007f55,불펜,0.01,4.5,9.33,2.0,1,0
2006,임창용,삼,#0061aa,불펜,0.01,4.5,4.63,2.0,0,0
2006,장준관,L,#fc1cad,불펜,0.0,3.65,4.23,12.1,3,0
2006,류택현,L,#fc1cad,불펜,-0.01,5.19,2.21,8.2,8,0
2006,차우찬,삼,#0061aa,불펜,-0.01,3.86,2.08,7.0,9,0
2006,정병희,S,#ff0000,불펜,-0.01,5.19,3.87,8.2,7,0
2006,가득염,롯,#888888,불펜,-0.01,5.06,3.49,26.2,20,0
2006,오상민,삼,#0061aa,불펜,-0.02,4.55,3.94,31.2,23,0
2006,김유신,롯,#888888,불펜,-0.02,6.75,5.86,1.1,1,0
2006,김효남,삼,#0061aa,불펜,-0.03,4.35,4.7,20.2,11,0
2006,조형식,S,#ff0000,불펜,-0.04,5.68,3.56,6.1,5,0
2006,박석진,삼,#0061aa,불펜,-0.04,4.84,3.89,22.1,11,0
2006,박희수,S,#ff0000,불펜,-0.05,7.71,6.0,2.1,1,0
2006,윤동건,L,#fc1cad,불펜,-0.05,9.0,8.03,2.0,1,0
2006,이대진,KIA,#ed1c24,불펜,-0.05,18.0,15.58,1.0,1,0
2006,오봉옥,한,#f37321,불펜,-0.05,10.8,9.08,1.2,2,0
2006,배장호,롯,#888888,불펜,-0.06,6.75,3.23,4.0,1,0
2006,엄정욱,S,#ff0000,불펜,-0.06,10.8,4.16,1.2,3,0
2006,박정근,한,#f37321,스윙,-0.06,27.0,15.48,1.0,0,1
2006,송은범,S,#ff0000,스윙,-0.07,4.55,4.54,61.1,34,9
2006,이대현,두,#042071,불펜,-0.07,6.75,6.23,5.1,3,0
2006,김기태,삼,#0061aa,불펜,-0.07,8.1,5.3,3.1,2,0
2006,최상덕,L,#fc1cad,스윙,-0.08,4.8,4.55,45.0,23,9
2006,임재청,한,#f37321,불펜,-0.09,8.31,7.84,4.1,5,0
2006,김희걸,KIA,#ed1c24,스윙,-0.09,4.5,4.49,18.0,7,2
2006,장찬,S,#ff0000,불펜,-0.1,6.48,4.41,8.1,9,0
2006,김성태,현,#007f55,불펜,-0.11,6.75,4.48,4.0,5,0
2006,조현근,삼,#0061aa,불펜,-0.11,6.75,3.08,2.2,0,0
2006,김백만,한,#f37321,스윙,-0.12,5.04,3.75,25.0,15,1
2006,조웅천,S,#ff0000,스윙,-0.12,4.69,3.54,63.1,46,2
2006,강영식,삼,#0061aa,불펜,-0.13,4.65,3.24,31.0,35,0
2006,조성민,한,#f37321,불펜,-0.13,6.75,6.16,6.2,4,0
2006,서동환,두,#042071,스윙,-0.13,5.32,5.47,23.2,9,3
2006,박정배,두,#042071,불펜,-0.14,9.64,9.08,4.2,1,0
2006,임준혁,KIA,#ed1c24,불펜,-0.14,16.88,9.16,2.2,2,0
2006,신창호,L,#fc1cad,불펜,-0.14,10.38,12.17,4.1,1,0
2006,강유삼,삼,#0061aa,불펜,-0.15,4.5,5.43,4.0,1,0
2006,김경태,S,#ff0000,불펜,-0.15,5.03,6.72,19.2,2,0
2006,진해수,KIA,#ed1c24,불펜,-0.17,11.57,3.88,4.2,1,0
2006,위재영,S,#ff0000,불펜,-0.19,4.91,2.89,36.2,25,0
2006,서승화,L,#fc1cad,스윙,-0.2,19.64,13.26,3.2,1,2
2006,장태종,현,#007f55,불펜,-0.2,13.5,7.22,4.2,2,0
2006,김민범,현,#007f55,불펜,-0.21,6.48,3.21,8.1,7,0
2006,텔레마코,L,#fc1cad,스윙,-0.22,5.04,5.5,25.0,11,7
2006,원용묵,두,#042071,불펜,-0.22,8.59,4.5,7.1,7,0
2006,김정환,롯,#888888,불펜,-0.27,7.84,3.31,10.1,4,0
2006,이동학,현,#007f55,불펜,-0.29,9.72,3.36,8.1,9,0
2006,안지만,삼,#0061aa,불펜,-0.29,9.0,6.5,6.0,4,0
2006,신윤호,L,#fc1cad,불펜,-0.3,6.35,3.13,22.2,13,0
2006,강상수,L,#fc1cad,불펜,-0.31,7.98,4.31,14.2,11,0
2006,송현우,L,#fc1cad,불펜,-0.31,20.25,5.28,5.1,4,0
2006,장진용,L,#fc1cad,스윙,-0.35,7.47,4.83,15.2,5,2
2006,최대성,롯,#888888,스윙,-0.41,6.6,3.69,30.0,27,2
2006,고효준,S,#ff0000,스윙,-0.62,9.39,6.06,23.0,22,3
2006,김수화,롯,#888888,선발,-1.12,7.55,5.56,56.0,21,10
2007,리오스,두,#042071,선발,8.19,2.07,2.99,234.2,147,33
2007,류현진,한,#f37321,선발,5.52,2.94,2.92,211.0,178,30
2007,손민한,롯,#888888,선발,4.81,3.34,3.75,194.0,95,30
2007,랜들,두,#042071,선발,4.39,3.12,3.79,164.1,113,28
2007,박명환,L,#fc1cad,선발,4.04,3.19,3.67,155.1,117,26
2007,정대현,S,#ff0000,불펜,3.96,0.92,2.49,78.1,65,0
2007,채병용,S,#ff0000,선발,3.92,2.84,3.43,146.0,84,23
2007,레이번,S,#ff0000,선발,3.89,3.27,4.37,184.2,98,32
2007,정민철,한,#f37321,선발,3.67,2.9,3.76,155.1,66,26
2007,임태훈,두,#042071,불펜,3.62,2.4,2.21,101.1,93,0
2007,브라운,삼,#0061aa,선발,3.54,3.33,3.95,162.1,68,30
2007,조웅천,S,#ff0000,불펜,3.42,1.57,2.52,74.2,59,0
2007,오승환,삼,#0061aa,불펜,2.94,1.4,2.4,64.1,69,0
2007,우규민,L,#fc1cad,불펜,2.57,2.65,4.02,78.0,26,0
2007,이승학,두,#042071,스윙,2.57,2.17,3.29,62.1,38,6
2007,장원삼,현,#007f55,선발,2.52,3.63,3.8,168.2,132,30
2007,김수경,현,#007f55,선발,2.5,3.88,3.77,176.1,127,30
2007,한기주,KIA,#ed1c24,불펜,2.49,2.43,2.68,70.1,66,0
2007,윤석민,KIA,#ed1c24,선발,2.4,3.78,3.72,162.0,104,26
2007,안영명,한,#f37321,스윙,2.37,3.06,3.56,94.0,79,1
2007,안지만,삼,#0061aa,선발,2.36,3.42,3.28,108.0,83,11
2007,윤성환,삼,#0061aa,불펜,2.26,1.04,2.55,43.1,43,0
2007,권혁,삼,#0061aa,불펜,2.13,2.79,1.96,77.1,100,0
2007,송승준,롯,#888888,선발,2.1,3.85,4.17,117.0,76,17
2007,스코비,KIA,#ed1c24,선발,2.1,3.92,4.58,126.1,58,20
2007,윤길현,S,#ff0000,불펜,2.06,2.88,3.66,75.0,46,0
2007,조용훈,현,#007f55,불펜,2.02,3.21,3.44,81.1,52,0
2007,최대성,롯,#888888,불펜,1.91,2.67,2.46,57.1,53,0
2007,문동환,한,#f37321,선발,1.91,3.11,4.6,84.0,37,11
2007,송신영,현,#007f55,불펜,1.89,3.01,3.28,77.2,56,0
2007,임경완,롯,#888888,불펜,1.81,3.25,3.52,74.2,52,0
2007,로마노,S,#ff0000,선발,1.68,3.69,4.07,146.1,81,25
2007,매존,삼,#0061aa,선발,1.61,4.18,3.85,125.0,76,23
2007,손영민,KIA,#ed1c24,스윙,1.56,3.21,4.06,73.0,46,1
2007,옥스프링,L,#fc1cad,선발,1.53,3.24,3.34,80.2,41,13
2007,정재복,L,#fc1cad,선발,1.52,4.42,3.27,126.1,71,13
2007,정재훈,두,#042071,스윙,1.49,2.44,2.94,59.0,54,2
2007,세드릭,한,#f37321,선발,1.48,4.15,3.67,158.1,140,28
2007,송은범,S,#ff0000,선발,1.48,3.01,4.3,71.2,33,12
2007,전병호,삼,#0061aa,선발,1.39,4.06,4.46,137.1,39,25
2007,조현근,삼,#0061aa,스윙,1.37,3.11,3.28,55.0,48,1
2007,류택현,L,#fc1cad,불펜,1.24,2.7,2.95,40.0,36,0
2007,박준수,현,#007f55,불펜,1.2,2.86,3.87,50.1,49,0
2007,김광현,S,#ff0000,선발,1.18,3.62,4.01,77.0,52,13
2007,황두성,현,#007f55,선발,1.15,4.45,2.9,139.2,142,17
2007,김민기,L,#fc1cad,불펜,1.1,4.28,3.37,88.1,43,0
2007,장원준,롯,#888888,선발,1.08,4.67,4.03,156.0,103,28
2007,이대진,KIA,#ed1c24,선발,1.03,4.11,4.38,76.2,47,16
2007,전준호,현,#007f55,선발,1.03,4.75,5.22,142.0,73,26
2007,최영필,한,#f37321,선발,1.01,4.33,4.14,99.2,48,12
2007,심수창,L,#fc1cad,스윙,0.97,4.31,3.9,77.1,47,3
2007,양훈,한,#f37321,스윙,0.95,3.64,4.44,64.1,27,3
2007,이원희,두,#042071,스윙,0.92,99.99,0.0,0.0,0,1
2007,배장호,롯,#888888,불펜,0.9,3.42,3.51,47.1,33,0
2007,권준헌,한,#f37321,불펜,0.86,1.98,4.29,27.1,17,0
2007,로드리게스,KIA,#ed1c24,불펜,0.84,3.13,5.3,31.2,15,0
2007,구대성,한,#f37321,불펜,0.81,3.19,2.66,42.1,37,0
2007,최원호,L,#fc1cad,선발,0.81,4.67,4.46,108.0,58,19
2007,김영민,현,#007f55,스윙,0.8,3.48,4.4,33.2,18,2
2007,구자운,두,#042071,스윙,0.74,2.08,3.4,17.1,11,3
2007,김승회,두,#042071,스윙,0.73,4.54,5.13,83.1,36,8
2007,이승호,L,#fc1cad,선발,0.71,4.28,3.66,69.1,51,13
2007,김경태,S,#ff0000,불펜,0.68,2.96,3.55,24.1,10,0
2007,금민철,두,#042071,스윙,0.68,3.97,3.57,59.0,43,5
2007,양현종,KIA,#ed1c24,스윙,0.66,4.17,4.46,49.2,48,6
2007,강영식,롯,#888888,불펜,0.64,3.86,3.35,35.0,39,0
2007,임창용,삼,#0061aa,선발,0.64,4.9,4.17,119.1,62,21
2007,가득염,S,#ff0000,불펜,0.6,4.02,3.72,40.1,21,0
2007,노환수,현,#007f55,불펜,0.6,3.12,3.59,26.0,24,0
2007,이한진,S,#ff0000,스윙,0.59,3.5,3.09,46.1,18,2
2007,김해님,한,#f37321,불펜,0.58,1.93,4.13,14.0,7,0
2007,유원상,한,#f37321,스윙,0.57,2.84,4.21,19.0,13,2
2007,나승현,롯,#888888,불펜,0.56,4.07,4.57,42.0,31,0
2007,김명제,두,#042071,선발,0.49,5.05,4.32,117.2,63,22
2007,김상현,두,#042071,스윙,0.48,4.33,3.37,72.2,52,9
2007,카브레라,롯,#888888,불펜,0.46,3.65,2.31,56.2,60,0
2007,김문수,삼,#0061aa,불펜,0.45,2.25,4.44,12.0,5,0
2007,윌슨,삼,#0061aa,스윙,0.44,3.79,3.9,38.0,9,7
2007,원용묵,두,#042071,불펜,0.42,1.59,3.35,11.1,8,0
2007,이범석,KIA,#ed1c24,스윙,0.42,4.64,4.95,42.2,24,2
2007,신용운,KIA,#ed1c24,스윙,0.39,4.73,4.4,99.0,48,9
2007,김원형,S,#ff0000,스윙,0.39,4.15,4.5,73.2,25,7
2007,오상민,삼,#0061aa,불펜,0.39,1.23,2.34,7.1,5,0
2007,에서튼,KIA,#ed1c24,스윙,0.38,4.22,5.27,32.0,24,6
2007,최향남,롯,#888888,선발,0.36,5.0,4.33,122.1,66,24
2007,임준혁,KIA,#ed1c24,스윙,0.35,1.74,6.13,10.1,4,1
2007,정우람,S,#ff0000,불펜,0.32,4.28,5.74,27.1,22,0
2007,주형광,롯,#888888,불펜,0.32,4.15,4.03,21.2,12,0
2007,조성민,한,#f37321,스윙,0.31,4.19,4.57,43.0,18,8
2007,정민혁,한,#f37321,불펜,0.31,3.86,3.82,18.2,15,0
2007,김성태,현,#007f55,스윙,0.3,4.54,4.26,41.2,26,2
2007,노경은,두,#042071,스윙,0.28,4.67,4.51,44.1,21,2
2007,권오준,삼,#0061aa,불펜,0.28,3.41,3.39,34.1,28,0
2007,전병두,KIA,#ed1c24,스윙,0.24,4.18,5.44,28.0,9,6
2007,송진우,한,#f37321,스윙,0.23,4.54,3.7,35.2,29,1
2007,김기태,삼,#0061aa,불펜,0.23,2.57,3.1,7.0,4,0
2007,장준관,L,#fc1cad,불펜,0.23,0.0,0.7,3.0,3,0
2007,윤규진,한,#f37321,스윙,0.22,3.95,2.96,13.2,10,1
2007,염종석,롯,#888888,선발,0.2,4.94,3.86,71.0,30,14
2007,이경필,두,#042071,스윙,0.2,5.19,3.89,34.2,14,7
2007,봉중근,L,#fc1cad,선발,0.19,5.32,4.25,111.2,56,22
2007,김정환,롯,#888888,불펜,0.18,2.08,2.62,4.1,1,0
2007,신윤호,L,#fc1cad,불펜,0.17,4.5,3.01,14.0,11,0
2007,이영욱,S,#ff0000,선발,0.17,4.83,4.79,59.2,24,10
2007,정성훈,두,#042071,불펜,0.15,4.0,3.19,9.0,5,0
2007,이정훈,롯,#888888,불펜,0.15,2.45,2.16,7.1,8,0
2007,권덕준,S,#ff0000,불펜,0.12,0.0,5.42,1.2,1,0
2007,정재훈,두,#042071,불펜,0.12,5.03,4.81,34.0,12,0
2007,박석진,L,#fc1cad,불펜,0.12,4.35,4.22,31.0,7,0
2007,김이슬,롯,#888888,불펜,0.11,2.7,3.38,3.1,1,0
2007,김영수,S,#ff0000,불펜,0.1,0.0,8.3,1.1,1,0
2007,권오원,삼,#0061aa,불펜,0.09,4.85,4.7,26.0,16,0
2007,박정규,KIA,#ed1c24,불펜,0.09,4.76,3.14,11.1,10,0
2007,윤형진,KIA,#ed1c24,불펜,0.08,3.86,3.58,4.2,3,0
2007,곽정철,KIA,#ed1c24,스윙,0.08,13.5,1.3,2.0,4,1
2007,김유신,롯,#888888,불펜,0.08,0.0,0.7,1.0,1,0
2007,서민욱,한,#f37321,불펜,0.07,0.0,3.2,1.0,0,0
2007,허준혁,롯,#888888,스윙,0.03,4.41,4.64,16.1,4,2
2007,마일영,현,#007f55,불펜,0.03,4.73,5.72,13.1,6,0
2007,박민주,현,#007f55,불펜,0.02,0.0,3.2,0.1,0,0
2007,전승윤,현,#007f55,불펜,0.02,0.0,12.5,0.1,0,0
2007,마정길,한,#f37321,불펜,0.02,4.5,6.52,12.0,7,0
2007,캘러웨이,현,#007f55,선발,0.01,4.18,4.09,56.0,24,11
2007,김사율,롯,#888888,불펜,0.0,5.4,5.06,1.2,0,0
2007,김혁민,한,#f37321,스윙,0.0,5.4,2.06,1.2,2,1
2007,고효준,S,#ff0000,불펜,0.0,5.4,7.34,1.2,2,0
2007,조순권,현,#007f55,불펜,0.0,5.68,3.89,6.1,3,0
2007,서동환,두,#042071,불펜,-0.01,6.0,2.37,3.0,1,0
2007,민경수,L,#fc1cad,불펜,-0.02,6.23,2.04,4.1,2,0
2007,김용성,두,#042071,불펜,-0.02,9.0,6.3,1.0,0,0
2007,이왕기,롯,#888888,불펜,-0.03,5.91,7.05,10.2,3,0
2007,김재현,L,#fc1cad,불펜,-0.03,6.1,7.84,10.1,5,0
2007,송현우,L,#fc1cad,불펜,-0.04,5.57,5.77,21.0,8,0
2007,최종인,L,#fc1cad,불펜,-0.05,40.5,3.2,0.2,0,0
2007,이동현,KIA,#ed1c24,불펜,-0.06,6.17,6.94,11.2,2,0
2007,신승현,S,#ff0000,스윙,-0.06,27.0,18.2,1.0,0,1
2007,정현욱,삼,#0061aa,불펜,-0.07,5.52,6.93,14.2,6,0
2007,백정현,삼,#0061aa,불펜,-0.07,7.71,2.51,4.2,5,0
2007,김희걸,KIA,#ed1c24,스윙,-0.08,5.73,4.68,33.0,17,3
2007,이원재,두,#042071,불펜,-0.08,13.5,-0.55,2.0,3,0
2007,김덕윤,두,#042071,불펜,-0.09,6.2,6.05,20.1,7,0
2007,박지철,롯,#888888,스윙,-0.09,6.14,4.03,7.1,5,1
2007,오성민,현,#007f55,불펜,-0.1,21.6,7.28,1.2,1,0
2007,이상열,현,#007f55,불펜,-0.11,13.5,3.65,2.2,2,0
2007,김회권,L,#fc1cad,불펜,-0.12,7.88,4.04,8.0,6,0
2007,차정민,KIA,#ed1c24,불펜,-0.13,7.11,3.88,6.1,8,0
2007,임동규,삼,#0061aa,스윙,-0.15,5.59,5.36,67.2,36,7
2007,고우석,KIA,#ed1c24,불펜,-0.16,10.8,2.18,5.0,7,0
2007,송창식,한,#f37321,스윙,-0.16,13.5,2.87,4.0,3,1
2007,조정훈,롯,#888888,스윙,-0.17,6.65,5.2,23.0,12,2
2007,장효훈,현,#007f55,스윙,-0.17,10.5,6.08,6.0,3,1
2007,차우찬,삼,#0061aa,스윙,-0.17,6.11,5.43,28.0,17,1
2007,오준형,KIA,#ed1c24,스윙,-0.18,5.18,5.05,41.2,19,8
2007,김경선,한,#f37321,스윙,-0.2,7.62,5.31,13.0,6,1
2007,하리칼라,L,#fc1cad,선발,-0.23,5.21,4.69,86.1,24,16
2007,김기표,L,#fc1cad,불펜,-0.23,16.2,12.68,5.0,4,0
2007,경헌호,L,#fc1cad,불펜,-0.24,5.96,4.9,22.2,16,0
2007,문현정,KIA,#ed1c24,스윙,-0.24,6.1,5.18,51.2,38,4
2007,윤근영,한,#f37321,불펜,-0.25,9.0,6.03,7.0,2,0
2007,김광삼,L,#fc1cad,스윙,-0.28,12.27,5.56,7.1,3,1
2007,진해수,KIA,#ed1c24,스윙,-0.29,6.75,4.39,36.0,11,5
2007,이현승,현,#007f55,불펜,-0.32,7.15,3.27,22.2,14,0
2007,최상덕,S,#ff0000,스윙,-0.32,12.96,6.57,8.1,8,1
2007,이보근,현,#007f55,불펜,-0.34,11.7,4.0,10.0,9,0
2007,이동학,현,#007f55,스윙,-0.36,6.44,6.78,29.1,15,1
2007,이상목,롯,#888888,스윙,-0.4,6.69,4.6,37.2,14,8
2007,김진우,KIA,#ed1c24,스윙,-0.42,8.35,5.78,18.1,17,5
2007,정원,KIA,#ed1c24,스윙,-0.53,5.92,4.41,38.0,18,2
2007,노병오,현,#007f55,불펜,-0.55,8.44,5.22,21.1,14,0
2007,이상화,KIA,#ed1c24,스윙,-0.56,6.89,5.9,48.1,23,5
2007,정민태,현,#007f55,스윙,-0.75,12.81,7.2,19.2,6,6
2007,김민범,현,#007f55,불펜,0.0,0.0,0.0,0.0,0,0
2008,장원삼,키,#86001f,선발,5.74,2.85,3.35,167.1,126,27
2008,김광현,S,#ff0000,선발,5.69,2.39,3.09,162.0,150,27
2008,윤석민,KIA,#ed1c24,선발,5.36,2.33,3.28,154.2,119,23
2008,봉중근,L,#fc1cad,선발,5.29,2.66,3.8,186.1,140,28
2008,손민한,롯,#888888,선발,5.2,2.97,3.84,179.0,80,26
2008,채병용,S,#ff0000,선발,4.7,2.7,3.99,136.2,81,23
2008,류현진,한,#f37321,선발,3.91,3.31,3.46,165.2,143,26
2008,이재우,두,#042071,불펜,3.89,1.55,2.84,87.1,68,0
2008,마일영,키,#86001f,선발,3.67,3.49,4.31,173.0,83,28
2008,김상현,두,#042071,스윙,3.51,2.4,2.37,86.1,82,4
2008,레이번,S,#ff0000,선발,3.13,3.3,4.78,133.2,68,26
2008,정현욱,삼,#0061aa,스윙,3.01,3.4,3.25,127.0,97,7
2008,오승환,삼,#0061aa,불펜,2.98,1.4,2.47,57.2,51,0
2008,마정길,한,#f37321,불펜,2.73,2.91,3.85,92.2,67,0
2008,한기주,KIA,#ed1c24,불펜,2.7,1.71,2.65,58.0,46,0
2008,옥스프링,L,#fc1cad,선발,2.69,3.93,4.34,174.0,110,28
2008,장원준,롯,#888888,선발,2.66,3.53,3.87,155.2,102,26
2008,정우람,S,#ff0000,불펜,2.65,2.09,3.55,77.2,64,0
2008,임태훈,두,#042071,불펜,2.23,3.41,2.88,87.0,83,0
2008,송승준,롯,#888888,선발,2.21,3.76,3.68,153.1,114,26
2008,정대현,S,#ff0000,불펜,2.16,2.67,3.26,60.2,50,0
2008,권혁,삼,#0061aa,불펜,2.13,1.32,3.57,47.2,37,0
2008,이범석,KIA,#ed1c24,선발,2.12,3.08,3.95,119.2,89,19
2008,윤성환,삼,#0061aa,선발,2.06,3.92,3.53,135.1,102,24
2008,랜들,두,#042071,선발,2.06,4.48,4.18,150.2,101,29
2008,김명제,두,#042071,선발,2.05,3.81,4.61,111.0,59,17
2008,김원형,S,#ff0000,스윙,2.0,3.15,4.18,74.1,41,4
2008,안지만,삼,#0061aa,스윙,1.93,2.97,3.36,69.2,64,1
2008,금민철,두,#042071,스윙,1.9,2.28,3.38,59.1,49,1
2008,토마스,한,#f37321,불펜,1.89,2.84,2.72,63.1,63,0
2008,황두성,키,#86001f,선발,1.85,4.05,4.18,104.1,77,15
2008,이용훈,롯,#888888,선발,1.76,4.09,3.59,99.0,60,17
2008,송은범,S,#ff0000,선발,1.75,3.77,3.46,114.2,77,21
2008,조정훈,롯,#888888,선발,1.73,3.15,3.46,80.0,54,12
2008,경헌호,L,#fc1cad,불펜,1.69,2.31,4.02,46.2,27,0
2008,유동훈,KIA,#ed1c24,불펜,1.62,3.43,3.52,78.2,39,0
2008,김수경,키,#86001f,선발,1.61,3.88,4.16,106.2,63,16
2008,강영식,롯,#888888,불펜,1.56,2.88,3.68,56.1,41,0
2008,이현승,키,#86001f,선발,1.51,4.57,4.33,120.0,78,19
2008,윤길현,S,#ff0000,불펜,1.5,2.9,2.85,49.2,49,0
2008,배영수,삼,#0061aa,선발,1.45,4.55,4.63,114.2,71,23
2008,정재복,L,#fc1cad,불펜,1.36,3.89,3.52,71.2,44,0
2008,다카쓰,키,#86001f,불펜,1.31,0.86,3.27,21.0,18,0
2008,얀,S,#ff0000,스윙,1.28,2.15,3.32,29.1,17,2
2008,송진우,한,#f37321,선발,1.26,4.48,4.87,132.2,73,25
2008,이혜천,두,#042071,선발,1.26,4.69,4.73,109.1,83,22
2008,정재훈,두,#042071,스윙,1.26,3.23,3.18,53.0,39,3
2008,최향남,롯,#888888,불펜,1.25,3.58,3.23,50.1,48,0
2008,서재응,KIA,#ed1c24,선발,1.21,4.08,4.28,79.1,45,14
2008,손영민,KIA,#ed1c24,불펜,1.21,3.66,3.01,64.0,56,0
2008,조영민,S,#ff0000,불펜,1.17,3.74,5.1,53.0,21,0
2008,매클레리,롯,#888888,선발,1.15,4.6,4.72,101.2,43,17
2008,조현근,삼,#0061aa,불펜,1.1,3.38,4.98,42.2,19,0
2008,조웅천,S,#ff0000,불펜,1.09,2.68,4.02,47.0,33,0
2008,김일엽,롯,#888888,불펜,1.07,3.21,5.5,47.2,18,0
2008,윤규진,한,#f37321,스윙,1.05,3.76,4.35,69.1,47,1
2008,박민석,두,#042071,스윙,1.05,1.63,3.46,27.2,24,1
2008,디아즈,KIA,#ed1c24,스윙,1.02,2.98,4.35,45.1,23,8
2008,구대성,한,#f37321,불펜,0.88,3.48,3.39,41.1,29,0
2008,데이비스,KIA,#ed1c24,선발,0.88,3.98,3.76,61.0,42,10
2008,유원상,한,#f37321,선발,0.84,4.66,4.66,123.2,77,21
2008,이용찬,두,#042071,불펜,0.83,1.23,2.7,14.2,12,0
2008,에니스,삼,#0061aa,스윙,0.8,3.03,3.77,29.2,20,6
2008,이영욱,S,#ff0000,스윙,0.79,3.6,3.31,45.0,44,7
2008,레스,두,#042071,스윙,0.78,2.84,4.18,31.2,21,6
2008,이승호,S,#fc1cad,스윙,0.76,3.57,4.83,35.1,28,2
2008,오상민,L,#fc1cad,불펜,0.76,2.74,2.4,23.0,14,0
2008,조용훈,키,#86001f,불펜,0.73,3.54,3.97,56.0,34,0
2008,임준혁,KIA,#ed1c24,스윙,0.71,4.59,4.53,66.2,48,3
2008,곽정철,KIA,#ed1c24,스윙,0.69,3.57,3.5,35.1,26,3
2008,배장호,롯,#888888,불펜,0.68,3.41,3.81,37.0,18,0
2008,박준수,키,#86001f,불펜,0.67,3.62,4.08,27.1,17,0
2008,최상덕,S,#ff0000,불펜,0.64,1.93,2.84,14.0,5,0
2008,임경완,롯,#888888,불펜,0.58,4.19,4.12,38.2,25,0
2008,김혁민,한,#f37321,스윙,0.56,4.55,4.91,65.1,34,4
2008,김선우,두,#042071,선발,0.56,4.25,3.47,101.2,46,18
2008,이승학,두,#042071,선발,0.53,4.98,4.7,59.2,25,11
2008,최영필,한,#f37321,스윙,0.51,4.73,4.08,85.2,48,9
2008,김사율,롯,#888888,불펜,0.5,3.74,4.72,21.2,8,0
2008,전병호,삼,#0061aa,선발,0.5,4.99,5.01,83.0,20,16
2008,권오원,삼,#0061aa,불펜,0.49,4.18,4.01,47.1,25,0
2008,김성현,키,#86001f,스윙,0.49,4.03,3.34,38.0,30,2
2008,송현우,L,#fc1cad,불펜,0.49,3.12,3.69,17.1,11,0
2008,염종석,롯,#888888,불펜,0.49,3.65,3.26,24.2,16,0
2008,김이슬,롯,#888888,불펜,0.47,0.0,3.12,8.0,5,0
2008,정민철,한,#f37321,선발,0.47,5.23,4.73,127.1,56,25
2008,이범준,L,#fc1cad,스윙,0.46,4.81,5.65,91.2,37,7
2008,이대진,KIA,#ed1c24,선발,0.46,4.83,5.16,85.2,37,17
2008,코르테스,롯,#888888,불펜,0.43,2.84,3.22,12.2,10,0
2008,차우찬,삼,#0061aa,불펜,0.33,4.17,4.61,36.2,28,0
2008,이상목,삼,#0061aa,선발,0.31,5.34,4.16,124.2,53,21
2008,권오준,삼,#0061aa,불펜,0.25,4.32,2.61,16.2,17,0
2008,신철인,키,#86001f,불펜,0.25,3.6,5.76,10.0,8,0
2008,나승현,롯,#888888,불펜,0.23,4.93,4.14,42.0,25,0
2008,진야곱,두,#042071,스윙,0.22,4.45,4.43,32.1,19,1
2008,김경선,한,#f37321,불펜,0.21,4.15,3.6,13.0,7,0
2008,안영명,한,#f37321,스윙,0.21,5.31,6.25,57.2,39,2
2008,백준영,삼,#0061aa,불펜,0.2,0.0,3.52,2.2,0,0
2008,정대훈,한,#f37321,불펜,0.2,0.0,4.9,2.2,1,0
2008,노환수,키,#86001f,불펜,0.15,4.39,3.98,26.2,17,0
2008,송신영,키,#86001f,스윙,0.15,5.23,3.78,72.1,63,1
2008,고창성,두,#042071,불펜,0.14,2.45,4.69,3.2,2,0
2008,이동학,키,#86001f,불펜,0.11,4.26,5.68,6.1,3,0
2008,심수창,L,#fc1cad,선발,0.11,5.16,4.69,66.1,20,14
2008,곽동훈,삼,#0061aa,불펜,0.1,4.91,5.61,11.0,3,0
2008,백정현,삼,#0061aa,불펜,0.09,3.0,1.22,3.0,4,0
2008,김회권,L,#fc1cad,불펜,0.09,3.0,3.72,3.0,1,0
2008,전병두,S,#ff0000,스윙,0.09,4.64,5.2,33.0,29,9
2008,고효준,S,#ff0000,불펜,0.08,0.0,4.12,1.0,1,0
2008,최종인,L,#fc1cad,불펜,0.07,0.0,12.82,1.0,0,0
2008,이동걸,삼,#0061aa,불펜,0.07,0.0,3.52,1.0,0,0
2008,레이어,두,#042071,스윙,0.06,5.66,3.24,35.0,20,4
2008,오버뮬러,삼,#0061aa,선발,0.05,5.82,4.8,82.0,49,17
2008,김유신,롯,#888888,불펜,0.05,0.0,4.42,0.2,1,0
2008,권준헌,한,#f37321,불펜,0.05,3.86,2.44,2.1,1,0
2008,김백만,한,#f37321,스윙,0.04,5.54,6.45,13.0,4,2
2008,박정규,KIA,#ed1c24,불펜,0.04,3.86,9.09,2.1,1,0
2008,원용묵,두,#042071,불펜,0.03,4.5,3.82,2.0,1,0
2008,임성헌,S,#ff0000,불펜,0.03,0.0,3.52,0.1,0,0
2008,고우석,KIA,#ed1c24,불펜,0.02,5.49,5.37,19.2,10,0
2008,민성기,키,#86001f,불펜,0.02,5.68,4.78,6.1,3,0
2008,이동현,KIA,#ed1c24,불펜,0.02,5.4,3.13,8.1,5,0
2008,양승진,한,#f37321,불펜,0.01,99.99,0.0,0.0,0,0
2008,김덕윤,두,#042071,불펜,0.01,5.4,-0.98,1.2,3,0
2008,우규민,L,#fc1cad,불펜,0.0,4.91,4.92,51.1,16,0
2008,박정진,한,#f37321,불펜,-0.01,6.75,14.77,1.1,0,0
2008,최대성,롯,#888888,불펜,-0.02,9.0,12.82,1.0,0,0
2008,김준,S,#ff0000,불펜,-0.02,9.0,4.72,1.0,2,0
2008,윤기호,한,#f37321,불펜,-0.02,6.35,5.47,5.2,3,0
2008,진해수,KIA,#ed1c24,불펜,-0.02,5.06,5.36,10.2,7,0
2008,문용민,한,#f37321,불펜,-0.03,13.5,3.52,0.2,0,0
2008,조순권,키,#86001f,불펜,-0.03,6.75,6.08,5.1,3,0
2008,전태현,KIA,#ed1c24,불펜,-0.03,99.99,0.0,0.0,0,0
2008,정찬헌,L,#fc1cad,선발,-0.03,5.5,4.56,106.1,59,14
2008,장문석,KIA,#ed1c24,불펜,-0.04,5.4,3.69,20.0,11,0
2008,박성훈,삼,#0061aa,불펜,-0.04,9.0,3.82,2.0,1,0
2008,이한진,S,#ff0000,스윙,-0.05,5.56,3.66,34.0,14,2
2008,신윤호,S,#ff0000,불펜,-0.05,27.0,13.72,0.2,1,0
2008,이정호,키,#86001f,불펜,-0.05,5.79,5.97,9.1,8,0
2008,서동환,두,#042071,불펜,-0.06,9.0,9.75,3.0,1,0
2008,양현종,KIA,#ed1c24,스윙,-0.06,5.83,4.3,75.2,56,9
2008,장효훈,키,#86001f,불펜,-0.07,36.0,27.92,1.0,1,0
2008,김강률,두,#042071,불펜,-0.07,36.0,4.12,1.0,1,0
2008,박석진,L,#fc1cad,불펜,-0.07,36.0,3.52,1.0,0,0
2008,정홍준,삼,#0061aa,불펜,-0.07,20.25,23.69,1.1,0,0
2008,최원호,L,#fc1cad,스윙,-0.08,5.9,5.4,39.2,14,8
2008,김휘곤,롯,#888888,스윙,-0.08,9.0,4.44,4.0,1,1
2008,윤경영,한,#f37321,불펜,-0.08,54.0,25.32,1.0,1,0
2008,박정태,KIA,#ed1c24,불펜,-0.09,6.35,8.56,5.2,2,0
2008,이윤학,두,#042071,불펜,-0.1,12.0,4.12,3.0,3,0
2008,전준호,키,#86001f,스윙,-0.1,6.39,5.46,56.1,36,6
2008,김영수,롯,#888888,불펜,-0.1,13.5,14.02,2.2,1,0
2008,김문수,삼,#0061aa,불펜,-0.1,8.1,6.89,6.2,3,0
2008,레이,S,#ff0000,스윙,-0.11,6.64,5.04,20.1,11,4
2008,이상열,키,#86001f,불펜,-0.12,11.25,8.97,4.0,1,0
2008,이보근,키,#86001f,불펜,-0.13,8.59,3.67,7.1,7,0
2008,박경태,KIA,#ed1c24,불펜,-0.13,6.92,4.8,13.0,8,0
2008,김수형,L,#fc1cad,불펜,-0.13,8.22,5.38,7.2,4,0
2008,노경은,두,#042071,불펜,-0.14,6.23,3.64,8.2,7,0
2008,허준혁,롯,#888888,스윙,-0.15,18.0,4.75,3.0,1,1
2008,정민태,KIA,#ed1c24,스윙,-0.16,14.73,7.25,3.2,3,1
2008,최원제,삼,#0061aa,불펜,-0.17,21.0,7.88,3.0,2,0
2008,리마,KIA,#ed1c24,선발,-0.17,4.89,4.87,70.0,28,13
2008,김재현,L,#fc1cad,불펜,-0.18,7.94,5.69,5.2,5,0
2008,장진용,L,#fc1cad,스윙,-0.19,7.27,5.95,8.2,5,2
2008,이재영,L,#fc1cad,스윙,-0.2,6.19,5.07,68.1,39,3
2008,가득염,S,#ff0000,불펜,-0.2,5.51,4.54,32.2,24,0
2008,배힘찬,키,#86001f,불펜,-0.2,7.15,6.15,11.1,5,0
2008,문현정,KIA,#ed1c24,불펜,-0.24,8.74,5.55,11.1,10,0
2008,쿠비얀,S,#ff0000,스윙,-0.25,12.86,7.69,7.0,3,3
2008,조진호,삼,#0061aa,스윙,-0.31,7.45,4.97,29.0,11,5
2008,김민기,L,#fc1cad,불펜,-0.31,7.03,4.52,32.0,19,0
2008,장태종,키,#86001f,불펜,-0.32,12.1,7.51,9.2,4,0
2008,김기태,삼,#0061aa,불펜,-0.33,9.64,3.71,9.1,3,0
2008,전승윤,키,#86001f,불펜,-0.34,18.0,8.4,7.0,7,0
2008,이원재,두,#042071,스윙,-0.37,6.94,4.62,48.0,23,8
2008,김영민,키,#86001f,스윙,-0.38,7.04,4.35,23.0,12,1
2008,박명환,L,#fc1cad,스윙,-0.42,8.61,5.12,23.0,16,5
2008,오준형,KIA,#ed1c24,스윙,-0.44,8.49,5.57,23.1,10,2
2008,류택현,L,#fc1cad,불펜,-0.45,11.05,4.74,14.2,10,0
2008,김상수,삼,#0061aa,불펜,-0.48,7.9,6.16,13.2,11,0
2008,이승호,L,#fc1cad,스윙,-0.53,9.25,5.76,24.1,15,5
2008,스코비,키,#86001f,선발,-0.57,6.95,5.18,55.2,25,11
2008,브라운,L,#fc1cad,스윙,-0.63,7.93,5.33,36.1,15,8
2008,김광수,L,#fc1cad,스윙,-0.64,9.95,5.23,25.1,18,5
2008,션,삼,#0061aa,스윙,-0.79,10.73,6.34,26.0,12,6
2008,양훈,한,#f37321,선발,-0.88,7.71,5.26,65.1,30,11
2009,류현진,한,#f37321,선발,5.73,3.57,3.44,189.1,188,27
2009,김광현,S,#ff0000,선발,5.2,2.8,4.09,138.1,112,21
2009,봉중근,L,#fc1cad,선발,5.11,3.29,3.98,172.1,127,26
2009,구톰슨,KIA,#ed1c24,선발,5.06,3.24,4.28,161.1,95,25
2009,로페즈,KIA,#ed1c24,선발,4.83,3.12,3.16,190.1,129,26
2009,양현종,KIA,#ed1c24,선발,4.79,3.15,3.69,148.2,139,24
2009,유동훈,KIA,#ed1c24,불펜,4.62,0.53,3.47,67.1,38,0
2009,송은범,S,#ff0000,선발,4.59,3.13,4.4,149.1,103,29
2009,전병두,S,#ff0000,선발,4.42,3.11,3.26,133.1,136,11
2009,글로버,S,#ff0000,선발,4.33,1.96,2.99,105.2,90,16
2009,이현승,키,#86001f,선발,3.84,4.18,4.91,170.0,120,29
2009,윤성환,삼,#0061aa,선발,3.81,4.32,3.86,166.2,131,28
2009,조정훈,롯,#888888,선발,3.56,4.05,3.72,182.1,175,27
2009,임태훈,두,#042071,불펜,3.53,3.06,2.53,88.1,85,0
2009,장원준,롯,#888888,선발,3.5,4.15,4.74,162.2,108,28
2009,고창성,두,#042071,불펜,3.42,1.95,3.24,74.0,48,0
2009,권혁,삼,#0061aa,불펜,3.1,2.9,4.39,80.2,76,0
2009,손영민,KIA,#ed1c24,불펜,3.1,2.97,3.51,94.0,65,0
2009,윤석민,KIA,#ed1c24,선발,3.06,3.46,3.42,119.2,117,16
2009,송승준,롯,#888888,선발,3.02,4.72,5.21,167.2,104,29
2009,황두성,키,#86001f,선발,2.95,3.51,4.01,92.1,79,10
2009,이정훈,롯,#888888,불펜,2.94,3.03,4.06,74.1,50,0
2009,정대현,S,#ff0000,불펜,2.86,1.2,2.6,52.2,43,0
2009,정현욱,삼,#0061aa,불펜,2.58,3.42,4.22,79.0,66,0
2009,크루세타,삼,#0061aa,선발,2.54,4.36,4.71,157.0,127,30
2009,임경완,롯,#888888,불펜,2.34,2.45,3.3,62.1,37,0
2009,이재우,두,#042071,스윙,2.3,3.88,4.42,97.1,100,7
2009,이승호,S,#ff0000,스윙,2.21,4.42,4.48,106.0,96,1
2009,김상현,두,#042071,선발,2.1,4.72,3.77,108.2,81,14
2009,고효준,S,#ff0000,선발,2.02,4.33,4.05,126.2,152,19
2009,류택현,L,#fc1cad,불펜,1.95,2.96,3.53,48.2,33,0
2009,정재훈,두,#042071,선발,1.89,4.44,3.44,93.1,80,11
2009,나이트,삼,#0061aa,선발,1.79,3.56,4.06,60.2,51,10
2009,구대성,한,#f37321,불펜,1.76,3.72,2.93,55.2,56,0
2009,정우람,S,#ff0000,불펜,1.75,3.38,4.32,56.0,46,0
2009,토마스,한,#f37321,불펜,1.73,2.88,2.51,50.0,56,0
2009,니코스키,두,#042071,선발,1.73,3.78,4.35,69.0,47,13
2009,오상민,L,#fc1cad,불펜,1.68,3.0,3.26,48.0,44,0
2009,곽정철,KIA,#ed1c24,스윙,1.65,4.05,4.12,95.2,70,9
2009,안영명,한,#f37321,선발,1.65,5.18,6.11,140.2,87,26
2009,양훈,한,#f37321,불펜,1.64,4.38,3.85,90.1,71,0
2009,금민철,두,#042071,스윙,1.59,4.43,5.27,83.1,55,9
2009,이보근,키,#86001f,스윙,1.57,4.26,4.8,88.2,58,1
2009,애킨스,롯,#888888,불펜,1.57,3.83,4.59,49.1,29,0
2009,배장호,롯,#888888,스윙,1.54,4.15,4.66,56.1,19,1
2009,황재규,한,#f37321,스윙,1.54,4.63,5.09,72.0,49,2
2009,김선우,두,#042071,선발,1.47,5.11,4.73,148.0,89,29
2009,지승민,두,#042071,불펜,1.45,2.88,4.02,34.1,22,0
2009,심수창,L,#fc1cad,선발,1.32,5.31,6.16,122.0,57,21
2009,이정민,롯,#888888,스윙,1.28,3.74,3.98,43.1,26,1
2009,카도쿠라,S,#ff0000,선발,1.17,5.0,4.98,126.0,98,23
2009,오재영,키,#86001f,불펜,1.13,4.08,4.38,39.2,25,0
2009,채병용,S,#ff0000,스윙,1.12,4.7,4.89,61.1,53,7
2009,이재영,L,#fc1cad,불펜,1.12,4.13,4.53,56.2,47,0
2009,홍상삼,두,#042071,선발,1.05,5.23,5.72,117.0,96,25
2009,임성헌,S,#ff0000,불펜,1.03,1.42,3.9,19.0,14,0
2009,윤길현,S,#ff0000,불펜,1.0,4.4,3.71,47.0,39,0
2009,장원삼,키,#86001f,선발,0.99,5.54,5.49,91.0,60,19
2009,손민한,롯,#888888,선발,0.99,5.19,4.88,69.1,20,14
2009,강영식,롯,#888888,스윙,0.81,4.84,5.13,48.1,31,1
2009,이용찬,두,#042071,불펜,0.8,4.2,4.48,40.2,34,0
2009,송신영,키,#86001f,불펜,0.78,5.23,5.05,75.2,68,0
2009,정찬헌,L,#fc1cad,불펜,0.77,5.78,5.27,76.1,56,0
2009,마정길,한,#f37321,불펜,0.76,4.97,4.79,50.2,39,0
2009,강윤구,키,#86001f,선발,0.74,5.51,5.68,80.0,79,13
2009,오현택,두,#042071,불펜,0.73,4.45,4.84,30.1,22,0
2009,진야곱,두,#042071,스윙,0.68,2.03,4.24,13.1,8,2
2009,오승환,삼,#0061aa,불펜,0.68,4.83,3.82,31.2,51,0
2009,안지만,삼,#0061aa,스윙,0.68,5.12,4.4,51.0,32,9
2009,김원형,S,#ff0000,스윙,0.66,4.59,5.03,33.1,17,2
2009,이동현,L,#fc1cad,불펜,0.63,5.23,5.95,41.1,30,0
2009,배힘찬,키,#86001f,불펜,0.61,4.35,5.6,31.0,12,0
2009,조현근,삼,#0061aa,불펜,0.59,5.81,6.14,48.0,36,0
2009,허유강,한,#f37321,불펜,0.54,3.49,5.6,28.1,10,0
2009,최원제,삼,#0061aa,불펜,0.51,5.21,4.56,38.0,23,0
2009,경헌호,L,#fc1cad,불펜,0.49,4.76,5.01,34.0,25,0
2009,김상수,삼,#0061aa,불펜,0.49,6.0,5.33,60.0,45,0
2009,한기주,KIA,#ed1c24,불펜,0.45,4.24,4.82,34.0,30,0
2009,박성훈,삼,#0061aa,스윙,0.44,5.17,4.61,31.1,20,2
2009,노진용,L,#fc1cad,불펜,0.43,5.13,6.29,26.1,10,0
2009,조용훈,키,#86001f,불펜,0.42,4.44,3.95,24.1,24,0
2009,차우찬,삼,#0061aa,선발,0.42,6.09,5.61,109.1,97,19
2009,이상화,롯,#888888,스윙,0.38,3.86,3.27,16.1,11,3
2009,최원호,L,#fc1cad,선발,0.36,5.63,5.67,48.0,28,10
2009,고우석,KIA,#ed1c24,불펜,0.35,3.75,6.23,12.0,12,0
2009,노경은,두,#042071,스윙,0.34,4.5,7.2,24.0,11,3
2009,전태현,KIA,#ed1c24,불펜,0.33,0.0,1.93,4.0,4,0
2009,세데뇨,두,#042071,선발,0.29,5.7,5.19,71.0,41,15
2009,전승윤,키,#86001f,불펜,0.29,3.86,4.11,9.1,2,0
2009,박정배,두,#042071,불펜,0.29,5.86,4.62,27.2,16,0
2009,유희관,두,#042071,불펜,0.28,4.05,4.3,13.1,10,0
2009,박민규,삼R,#0061aa,스윙,0.28,4.95,6.32,20.0,8,3
2009,이우선,삼,#0061aa,스윙,0.27,6.11,6.69,45.2,33,9
2009,박정진,한,#f37321,불펜,0.27,3.48,5.51,10.1,7,0
2009,조용준,키,#86001f,불펜,0.27,4.0,5.72,9.0,6,0
2009,에르난데스,삼,#0061aa,스윙,0.25,5.7,4.68,42.2,24,9
2009,오준형,KIA,#ed1c24,불펜,0.2,5.4,5.08,30.0,18,0
2009,나승현,롯,#888888,불펜,0.2,5.28,3.66,30.2,23,0
2009,성영훈,두,#042071,불펜,0.19,3.38,3.17,10.2,7,0
2009,전준호,키,#86001f,스윙,0.18,6.3,6.16,40.0,24,1
2009,이정동,롯,#888888,불펜,0.18,2.45,3.98,3.2,2,0
2009,신철인,키,#86001f,불펜,0.16,6.42,3.19,47.2,50,0
2009,이용훈,롯,#888888,선발,0.16,6.3,6.39,80.0,35,16
2009,한희,L,#fc1cad,스윙,0.14,6.35,6.07,66.2,45,9
2009,서재응,KIA,#ed1c24,선발,0.14,6.13,5.23,79.1,53,15
2009,박경태,KIA,#ed1c24,스윙,0.14,5.45,5.62,34.2,32,1
2009,권오준,삼,#0061aa,불펜,0.14,0.0,5.87,1.2,1,0
2009,존슨,L,#ff0000,스윙,0.12,5.28,4.15,29.0,26,5
2009,조웅천,S,#ff0000,불펜,0.11,4.15,1.48,4.1,5,0
2009,권오원,삼,#0061aa,불펜,0.1,3.38,7.59,2.2,2,0
2009,유원상,한,#f37321,선발,0.07,6.64,7.05,107.0,57,23
2009,김수형,L,#fc1cad,불펜,0.05,0.0,3.65,0.2,0,0
2009,김영민,키,#86001f,스윙,0.03,5.94,4.54,47.0,37,6
2009,양승진,한,#f37321,불펜,0.03,6.0,7.98,3.0,1,0
2009,최상덕,한,#f37321,스윙,0.03,6.75,2.66,10.2,9,1
2009,김선규,S,#ff0000,불펜,0.03,0.0,3.65,0.1,0,0
2009,윤기호,한,#f37321,불펜,0.03,0.0,5.45,0.1,1,0
2009,노환수,키,#86001f,불펜,0.03,0.0,3.65,0.1,0,0
2009,최동수,L,#fc1cad,불펜,0.03,0.0,3.65,0.1,0,0
2009,우규민,L,#fc1cad,불펜,0.02,5.7,5.0,36.1,22,0
2009,여건욱,S,#ff0000,불펜,0.02,5.4,14.51,1.2,0,0
2009,이범준,L,#fc1cad,스윙,0.02,6.19,5.89,36.1,37,7
2009,가득염,S,#ff0000,불펜,0.01,6.75,7.63,8.0,3,0
2009,이대진,KIA,#ed1c24,선발,0.01,6.33,5.75,42.2,25,10
2009,이대환,키,#86001f,불펜,0.01,6.75,6.43,1.1,1,0
2009,백정현,삼,#0061aa,불펜,0.0,7.36,6.66,18.1,17,0
2009,하준호,롯,#888888,불펜,0.0,7.3,6.21,12.1,7,0
2009,박명환,L,#fc1cad,스윙,0.0,6.19,5.95,16.0,6,4
2009,지훈,S,#ff0000,불펜,-0.01,7.36,3.65,3.2,0,0
2009,김유신,롯,#888888,스윙,-0.02,7.27,9.42,8.2,4,2
2009,이승호,S,#ff0000,스윙,-0.02,7.36,6.21,3.2,1,1
2009,원용묵,두,#042071,불펜,-0.02,8.1,8.33,3.1,1,0
2009,최정,S,#ff0000,불펜,-0.03,0.0,0.0,0.0,0,0
2009,제춘모,S,#ff0000,불펜,-0.03,99.99,0.0,0.0,0,0
2009,박정규,KIA,#ed1c24,불펜,-0.03,9.0,2.7,2.0,2,0
2009,정홍준,삼,#0061aa,불펜,-0.03,9.0,4.05,3.0,2,0
2009,김민기,L,#fc1cad,불펜,-0.04,8.31,12.74,4.1,1,0
2009,마일영,키,#86001f,선발,-0.04,6.93,6.04,97.1,51,20
2009,이동학,키,#86001f,스윙,-0.04,6.99,5.13,28.1,20,1
2009,김주,한,#f37321,불펜,-0.04,10.13,8.34,2.2,1,0
2009,존슨,S,#ff0000,불펜,-0.04,13.5,9.2,1.1,2,0
2009,배우열,L,#fc1cad,불펜,-0.05,9.0,6.3,4.0,3,0
2009,연지,한,#f37321,선발,-0.05,7.04,5.36,61.1,56,11
2009,박현준,S,#ff0000,불펜,-0.06,5.82,5.15,17.0,7,0
2009,임창민,키,#86001f,불펜,-0.06,36.0,12.95,1.0,0,0
2009,이상열,키,#86001f,불펜,-0.07,7.36,7.46,11.0,6,0
2009,조진호,삼,#0061aa,스윙,-0.07,8.1,5.2,10.0,6,2
2009,송진우,한,#f37321,스윙,-0.07,7.36,7.39,7.1,6,1
2009,이한진,S,#ff0000,불펜,-0.08,7.71,6.46,4.2,2,0
2009,이정호,키,#86001f,불펜,-0.08,13.5,6.65,2.2,3,0
2009,정용운,KIA,#ed1c24,스윙,-0.08,10.8,7.55,3.1,1,1
2009,김회권,한,#f37321,불펜,-0.08,18.0,15.85,2.0,1,0
2009,김영수,KIA,#ed1c24,불펜,-0.08,8.31,7.03,8.2,10,0
2009,박민석,두,#042071,불펜,-0.09,8.25,8.07,12.0,9,0
2009,양지훈,삼,#0061aa,불펜,-0.09,10.8,7.51,5.0,2,0
2009,김대우,롯,#888888,스윙,-0.1,27.0,14.81,1.2,0,1
2009,정성철,KIA,#ed1c24,스윙,-0.1,7.94,8.54,11.1,7,1
2009,최성민,L,#fc1cad,스윙,-0.1,7.56,6.24,8.1,5,1
2009,이범석,KIA,#ed1c24,스윙,-0.1,7.27,7.39,8.2,4,2
2009,김경태,L,#fc1cad,불펜,-0.11,7.53,7.99,14.1,8,0
2009,김성현,키,#86001f,스윙,-0.13,6.99,5.76,65.2,48,8
2009,조승수,두,#042071,불펜,-0.13,14.73,9.6,3.2,1,0
2009,이승우,L,#fc1cad,스윙,-0.14,8.31,5.74,13.0,9,4
2009,김수경,키,#86001f,선발,-0.14,6.67,6.69,117.1,66,25
2009,바우어,L,#fc1cad,스윙,-0.15,7.9,6.72,27.1,15,6
2009,엄정욱,S,#ff0000,스윙,-0.15,10.29,9.81,7.0,8,2
2009,조태수,KIA,#ed1c24,불펜,-0.18,18.0,9.28,4.0,3,0
2009,박지철,L,#fc1cad,스윙,-0.18,13.5,10.2,5.1,3,2
2009,진해수,KIA,#ed1c24,스윙,-0.19,10.38,6.58,8.2,7,2
2009,최동환,L,#fc1cad,불펜,-0.19,7.07,7.7,35.2,13,0
2009,장효훈,키,#86001f,불펜,-0.2,14.73,8.89,3.2,1,0
2009,허준혁,롯,#888888,스윙,-0.2,13.5,11.04,5.1,1,1
2009,임준혁,KIA,#ed1c24,스윙,-0.2,6.75,4.59,38.2,32,1
2009,곽동훈,삼,#0061aa,불펜,-0.21,16.2,11.51,5.0,0,0
2009,박성호,한,#f37321,불펜,-0.21,8.42,6.0,31.0,22,0
2009,김백만,한,#f37321,스윙,-0.22,15.0,5.0,6.0,4,1
2009,김사율,롯,#888888,불펜,-0.22,9.45,6.75,13.1,5,0
2009,서승화,L,#fc1cad,스윙,-0.23,10.45,7.56,10.1,7,2
2009,오병일,롯,#888888,불펜,-0.27,9.69,8.89,13.0,4,0
2009,김이슬,롯,#888888,불펜,-0.3,12.6,9.89,10.0,4,0
2009,김일엽,롯,#888888,스윙,-0.31,7.36,7.51,51.1,27,9
2009,최영필,한,#f37321,스윙,-0.37,10.18,6.16,20.1,11,2
2009,김성배,두,#042071,스윙,-0.38,9.5,6.04,18.0,7,2
2009,정재원,한,#f37321,스윙,-0.55,9.26,6.2,34.0,24,4
2009,정재복,L,#fc1cad,선발,-0.6,6.69,6.63,79.1,53,16
2009,윤규진,한,#f37321,스윙,-0.61,7.26,5.77,53.1,46,3
2009,정민철,한,#f37321,스윙,-0.61,9.87,6.44,31.0,21,8
2009,김명제,두,#042071,스윙,-0.61,9.19,7.49,32.1,12,4
2009,김광수,L,#fc1cad,선발,-0.68,6.71,5.61,114.0,67,20
2009,배영수,삼,#0061aa,선발,-0.77,7.26,6.31,75.2,40,12
2009,김혁민,한,#f37321,선발,-0.92,7.87,6.43,116.2,85,24
2009,윤희상,S,#ff0000,불펜,0.0,0.0,0.0,0.0,0,0
2010,류현진,한,#f37321,선발,9.34,1.82,2.82,192.2,187,25
2010,김광현,S,#ff0000,선발,7.72,2.37,3.58,193.2,183,30
2010,차우찬,삼,#0061aa,선발,5.63,2.14,3.34,126.1,112,16
2010,봉중근,L,#fc1cad,선발,5.1,3.58,4.19,178.1,130,28
2010,송은범,S,#ff0000,선발,4.78,2.3,4.22,125.0,91,18
2010,장원삼,삼,#0061aa,선발,4.56,3.46,3.84,151.0,115,28
2010,정재훈,두,#042071,불펜,4.17,1.73,2.34,78.0,89,0
2010,서재응,KIA,#ed1c24,선발,4.15,3.34,4.23,140.0,68,23
2010,히메네스,두,#042071,선발,4.1,3.32,4.3,152.0,87,26
2010,사도스키,롯,#888888,선발,3.92,3.87,4.29,169.2,120,26
2010,카도쿠라,S,#ff0000,선발,3.86,3.22,3.62,153.2,143,27
2010,권혁,삼,#0061aa,불펜,3.64,2.09,3.02,73.1,73,0
2010,안지만,삼,#0061aa,불펜,3.51,2.74,3.01,92.0,95,0
2010,송승준,롯,#888888,선발,3.16,4.39,4.67,168.0,113,27
2010,김선우,두,#042071,선발,3.11,4.02,3.73,154.2,128,28
2010,양현종,KIA,#ed1c24,선발,3.0,4.25,4.13,169.1,145,30
2010,정우람,S,#ff0000,불펜,2.94,3.53,3.23,102.0,111,0
2010,장원준,롯,#888888,선발,2.74,4.43,4.92,144.1,113,26
2010,고원준,키,#86001f,선발,2.65,4.12,5.16,131.0,87,22
2010,이재곤,롯,#888888,선발,2.65,4.14,4.93,124.0,44,19
2010,정대현,S,#042071,불펜,2.61,1.4,1.73,45.0,47,0
2010,손승락,키,#86001f,불펜,2.5,2.56,2.22,63.1,64,0
2010,박정진,한,#f37321,불펜,2.34,3.06,2.99,79.1,80,0
2010,김광수,L,#fc1cad,불펜,2.18,3.4,3.49,76.2,71,0
2010,고창성,두,#042071,불펜,2.14,3.62,3.69,82.0,67,0
2010,금민철,키,#86001f,선발,2.06,4.4,5.12,120.2,86,23
2010,로페즈,KIA,#ed1c24,선발,2.03,4.66,4.98,166.0,83,26
2010,정현욱,삼,#0061aa,불펜,2.02,3.2,3.4,70.1,61,0
2010,윤석민,KIA,#ed1c24,선발,2.0,3.83,3.19,101.0,94,13
2010,이상열,L,#fc1cad,불펜,1.98,3.32,3.53,59.2,44,0
2010,박준수,키,#86001f,불펜,1.95,2.34,4.7,42.1,25,0
2010,전병두,S,#ff0000,스윙,1.88,3.06,3.36,67.2,52,7
2010,콜론,KIA,#ed1c24,선발,1.88,3.91,4.54,103.2,57,21
2010,오카모토,L,#fc1cad,불펜,1.75,3.0,4.95,48.0,40,0
2010,배영수,삼,#0061aa,선발,1.75,4.74,4.63,119.2,64,21
2010,오재영,키,#86001f,불펜,1.72,2.38,4.4,45.1,28,0
2010,데폴라,한,#f37321,선발,1.71,4.58,4.77,131.2,68,17
2010,이승호,S,#ff0000,스윙,1.69,4.22,4.35,89.2,96,5
2010,마정길,키,#86001f,불펜,1.67,3.04,4.8,56.1,43,0
2010,송신영,키,#86001f,불펜,1.63,4.21,4.03,77.0,63,0
2010,이동현,L,#f37321,불펜,1.5,3.53,4.09,74.0,58,0
2010,이우선,삼,#0061aa,스윙,1.5,4.35,5.12,68.1,42,8
2010,이보근,키,#86001f,불펜,1.5,4.32,5.43,75.0,35,0
2010,김사율,롯,#888888,불펜,1.44,3.75,4.26,57.2,38,0
2010,김수완,롯,#888888,선발,1.39,3.96,4.66,63.2,44,10
2010,이용찬,두,#042071,불펜,1.37,3.24,4.87,41.2,28,0
2010,나이트,삼,#0061aa,선발,1.31,4.54,4.03,83.1,66,14
2010,윤규진,한,#f37321,불펜,1.3,3.38,4.43,58.2,45,0
2010,유동훈,KIA,#ed1c24,불펜,1.25,2.85,3.15,47.1,32,0
2010,이승호,S,#ff0000,스윙,1.24,2.03,3.87,31.0,30,3
2010,김성현,키,#86001f,선발,1.17,4.9,4.84,90.0,60,14
2010,조정훈,롯,#888888,선발,1.09,4.94,4.31,62.0,50,11
2010,손영민,KIA,#ed1c24,불펜,1.09,4.63,4.69,68.0,48,0
2010,강영식,롯,#888888,불펜,1.09,4.44,3.4,52.2,58,0
2010,김성태,키,#86001f,선발,1.08,3.95,4.78,66.0,45,13
2010,유원상,한,#f37321,선발,1.07,5.5,5.49,142.1,82,27
2010,오상민,L,#fc1cad,불펜,1.06,4.4,5.25,47.0,28,0
2010,임태훈,두,#042071,선발,1.03,5.3,5.62,130.2,103,20
2010,이현승,두,#042071,선발,0.99,4.75,4.47,77.2,50,11
2010,김기표,L,#fc1cad,불펜,0.95,4.43,4.27,42.2,24,0
2010,크루세타,삼,#0061aa,선발,0.95,5.25,4.55,97.2,78,20
2010,조태수,KIA,#ed1c24,불펜,0.88,3.95,3.74,43.1,23,0
2010,권오준,삼,#0061aa,불펜,0.88,3.58,2.5,32.2,32,0
2010,김승회,두,#042071,불펜,0.88,4.24,4.82,40.1,26,0
2010,김일엽,롯,#888888,불펜,0.88,4.87,5.27,44.1,33,0
2010,왈론드,두,#042071,선발,0.85,4.95,4.53,129.0,100,21
2010,번사이드,키,#86001f,선발,0.84,5.34,5.56,140.0,98,29
2010,임경완,롯,#888888,불펜,0.83,3.3,4.87,43.2,19,0
2010,허준혁,롯,#888888,불펜,0.76,4.27,4.9,40.0,30,0
2010,임진우,삼,#0061aa,불펜,0.75,2.65,5.49,17.0,10,0
2010,배장호,롯,#888888,불펜,0.74,4.55,4.57,55.1,23,0
2010,백정현,삼,#0061aa,불펜,0.74,4.58,5.08,37.1,24,0
2010,최성민,L,#fc1cad,스윙,0.69,3.86,5.74,32.2,17,6
2010,김광삼,L,#fc1cad,선발,0.62,5.68,5.22,111.0,60,23
2010,문성현,키,#86001f,스윙,0.6,4.93,5.33,69.1,57,6
2010,박건우,L,#fc1cad,스윙,0.58,4.06,4.43,31.0,22,2
2010,고효준,S,#ff0000,선발,0.58,5.15,5.07,106.2,101,10
2010,레딩,삼,#0061aa,스윙,0.55,5.09,4.2,35.1,19,6
2010,윤성환,삼,#0061aa,선발,0.49,5.91,4.64,80.2,54,14
2010,송창식,한,#f37321,불펜,0.43,4.08,3.73,17.2,11,0
2010,박성훈,키,#86001f,불펜,0.43,4.76,5.7,34.0,25,0
2010,경헌호,L,#fc1cad,불펜,0.41,0.0,1.74,5.0,4,0
2010,박성호,KIA,#ed1c24,불펜,0.4,3.81,3.05,28.1,38,0
2010,이재우,두,#042071,스윙,0.39,1.35,2.24,6.2,4,2
2010,박경태,KIA,#ed1c24,불펜,0.38,4.98,4.11,34.1,23,0
2010,정인욱,삼,#0061aa,스윙,0.35,5.31,5.01,61.0,60,6
2010,장민재,한,#f37321,스윙,0.33,4.41,4.99,16.1,4,1
2010,오승환,삼,#0061aa,불펜,0.32,4.5,4.85,14.0,19,0
2010,박희수,S,#ff0000,불펜,0.32,4.58,4.19,17.2,15,0
2010,전준호,S,#ff0000,스윙,0.32,3.6,3.98,15.0,12,1
2010,김효남,삼,#0061aa,불펜,0.29,4.13,4.87,24.0,16,0
2010,곽정철,KIA,#ed1c24,스윙,0.28,5.59,3.29,58.0,70,1
2010,제춘모,S,#ff0000,불펜,0.27,0.0,3.53,3.1,4,0
2010,문광은,S,#ff0000,스윙,0.27,4.82,3.89,18.2,16,2
2010,이재학,두,#042071,스윙,0.26,5.01,5.73,23.1,18,1
2010,김창훈,두,#042071,불펜,0.25,3.52,5.44,7.2,8,0
2010,글로버,S,#ff0000,선발,0.23,5.66,5.35,105.0,85,22
2010,가득염,S,#ff0000,불펜,0.23,4.41,4.52,16.1,12,0
2010,안승민,한,#f37321,스윙,0.21,5.43,5.35,63.0,28,8
2010,정재복,L,#fc1cad,불펜,0.19,4.7,3.6,23.0,17,0
2010,성영훈,두,#042071,불펜,0.18,4.96,3.23,16.1,12,0
2010,이대환,키,#86001f,불펜,0.18,4.91,5.78,11.0,9,0
2010,지승민,두,#042071,불펜,0.17,4.05,10.28,6.2,2,0
2010,김희걸,KIA,#ed1c24,스윙,0.16,5.26,4.1,77.0,61,2
2010,이한진,S,#ff0000,불펜,0.16,0.0,5.43,3.2,0,0
2010,신해수,한,#f37321,불펜,0.16,0.0,2.49,2.0,1,0
2010,윤희상,S,#ff0000,불펜,0.14,3.6,3.98,5.0,2,0
2010,김선규,L,#fc1cad,불펜,0.14,5.93,5.25,27.1,14,0
2010,강철민,L,#fc1cad,스윙,0.13,5.4,6.02,11.2,10,3
2010,김재현,한,#f37321,불펜,0.11,5.19,5.6,8.2,8,0
2010,라이트,KIA,#ed1c24,스윙,0.11,5.0,4.19,9.0,12,2
2010,조규수,두,#042071,불펜,0.11,0.0,3.74,1.1,0,0
2010,김성배,두,#042071,스윙,0.1,5.59,4.92,19.1,9,4
2010,이정호,키,#86001f,불펜,0.09,5.59,7.27,9.2,7,0
2010,박민규,삼R,#0061aa,불펜,0.07,5.4,2.6,5.0,6,0
2010,박정배,두,#042071,스윙,0.07,6.14,6.59,14.2,11,1
2010,엄정욱,S,#ff0000,스윙,0.06,6.27,4.3,66.0,67,6
2010,이명우,롯,#888888,스윙,0.05,6.75,4.56,33.1,18,6
2010,허준혁,롯,#888888,불펜,0.05,6.43,4.24,21.0,14,0
2010,원용묵,두,#042071,불펜,0.04,4.91,4.06,7.1,4,0
2010,구자운,삼,#0061aa,불펜,0.03,6.0,4.34,3.0,3,0
2010,김현우,삼,#0061aa,불펜,0.02,5.4,9.74,1.2,2,0
2010,이상화,KIA,#ed1c24,불펜,0.02,3.12,3.5,8.2,7,0
2010,민경수,L,#fc1cad,불펜,0.02,6.0,2.27,3.0,3,0
2010,윤경영,한,#f37321,불펜,0.02,6.0,1.44,3.0,4,0
2010,강윤구,키,#86001f,스윙,0.02,7.2,6.38,15.0,11,4
2010,차정민,KIA,#ed1c24,불펜,0.02,0.0,4.1,1.2,1,0
2010,이형종,L,#fc1cad,스윙,0.01,6.52,5.28,9.2,5,2
2010,김상수,키,#86001f,스윙,0.0,6.2,5.04,45.0,35,7
2010,전태현,KIA,#ed1c24,선발,0.0,5.71,5.12,41.0,37,10
2010,문현정,KIA,#ed1c24,불펜,0.0,6.75,3.96,2.2,1,0
2010,심동섭,KIA,#ed1c24,불펜,0.0,6.75,6.06,2.2,0,0
2010,김원형,S,#ff0000,불펜,-0.02,0.0,3.74,2.1,0,0
2010,오현택,두,#042071,불펜,-0.02,6.46,4.71,15.1,11,0
2010,니코스키,키,#86001f,스윙,-0.02,6.68,5.02,32.1,25,6
2010,최원재,S,#ff0000,불펜,-0.02,13.5,4.64,0.2,1,0
2010,이정민,롯,#888888,불펜,-0.02,6.67,5.27,29.2,11,0
2010,윤기호,한,#f37321,불펜,-0.03,99.99,0.0,0.0,0,0
2010,양훈,한,#f37321,불펜,-0.04,6.46,5.42,46.0,38,0
2010,유경국,L,#fc1cad,불펜,-0.04,18.0,4.34,1.0,1,0
2010,윤근영,한,#f37321,불펜,-0.05,7.16,5.71,16.1,8,0
2010,김지용,L,#fc1cad,불펜,-0.05,7.88,6.31,8.0,5,0
2010,이원재,두,#042071,스윙,-0.06,27.0,28.14,1.0,1,1
2010,이재영,S,#ff0000,불펜,-0.06,6.75,8.05,10.2,6,0
2010,유희관,두,#042071,불펜,-0.07,10.8,4.85,3.1,1,0
2010,박현준,L,#fc1cad,선발,-0.09,6.55,5.48,57.2,46,11
2010,이동현,한,#f37321,스윙,-0.1,4.26,5.37,25.1,19,2
2010,박시영,롯,#888888,불펜,-0.1,22.5,18.09,2.0,3,0
2010,김수경,키,#86001f,스윙,-0.11,13.5,7.1,3.1,4,1
2010,류택현,L,#fc1cad,불펜,-0.12,7.71,4.79,4.2,3,0
2010,김정훈,키,#86001f,불펜,-0.12,9.39,5.68,7.2,5,0
2010,정대현,두,#042071,불펜,-0.13,6.91,6.11,14.1,6,0
2010,구대성,한,#f37321,스윙,-0.13,9.64,9.22,4.2,3,1
2010,이용훈,롯,#888888,스윙,-0.14,8.27,5.65,16.1,8,2
2010,김용주,한,#f37321,스윙,-0.14,40.5,23.69,2.0,1,2
2010,이정훈,롯,#888888,불펜,-0.15,6.85,4.52,46.0,27,0
2010,배힘찬,키,#86001f,스윙,-0.16,6.94,7.63,35.0,11,7
2010,나승현,롯,#888888,불펜,-0.16,38.57,15.78,2.1,2,0
2010,서승화,L,#fc1cad,스윙,-0.16,6.75,5.42,52.0,41,9
2010,홍상삼,두,#042071,선발,-0.16,6.42,5.34,96.2,86,14
2010,황재규,한,#f37321,불펜,-0.17,10.0,5.17,9.0,6,0
2010,하준호,롯,#888888,스윙,-0.17,24.0,16.2,3.0,2,1
2010,김혁민,한,#f37321,스윙,-0.18,6.92,7.57,40.1,21,8
2010,정재원,한,#f37321,불펜,-0.19,8.79,6.26,14.1,6,0
2010,한희,L,#fc1cad,스윙,-0.19,8.1,7.35,20.0,17,3
2010,임성헌,S,#ff0000,불펜,-0.2,10.38,10.81,8.2,3,0
2010,신정락,L,#fc1cad,불펜,-0.21,6.31,5.24,25.2,24,0
2010,정용운,KIA,#ed1c24,스윙,-0.22,6.75,7.92,8.0,5,1
2010,심수창,L,#fc1cad,스윙,-0.22,7.57,5.81,35.2,7,6
2010,조승수,두,#042071,스윙,-0.23,6.87,5.78,36.2,23,2
2010,배우열,L,#fc1cad,불펜,-0.24,19.8,8.48,5.0,5,0
2010,김대우,롯,#888888,스윙,-0.26,14.09,6.75,7.2,4,2
2010,마일영,한,#f37321,불펜,-0.27,7.01,6.05,43.2,26,0
2010,이동학,키,#86001f,스윙,-0.28,7.16,4.79,16.1,9,1
2010,노경은,두,#042071,불펜,-0.3,13.5,3.53,9.1,8,0
2010,장민익,두,#042071,스윙,-0.31,10.54,7.78,13.2,6,2
2010,이대진,KIA,#ed1c24,스윙,-0.33,6.55,6.07,22.0,14,3
2010,진명호,롯,#888888,스윙,-0.35,19.64,15.15,7.1,5,3
2010,박명환,L,#fc1cad,선발,-0.36,6.63,6.27,76.0,46,15
2010,안영명,KIA,#ed1c24,스윙,-0.4,6.75,5.01,69.1,82,3
2010,최영필,한,#f37321,선발,-0.41,7.45,6.81,54.1,26,11
2010,곤잘레스,L,#fc1cad,스윙,-0.48,7.68,5.37,43.1,23,9
2010,이범준,L,#fc1cad,스윙,-0.55,9.64,7.25,28.0,13,3
2010,허유강,한,#f37321,불펜,-0.6,7.58,5.54,46.1,25,0
2010,부에노,한,#f37321,스윙,-0.62,9.1,6.9,29.2,23,5
2010,더마트레,L,#fc1cad,선발,-0.75,8.22,6.51,61.1,29,15
2010,양승진,한,#f37321,선발,-0.89,8.93,6.85,45.1,37,11
2010,카페얀,한,#f37321,선발,-1.12,9.15,6.52,59.0,33,13
2010,김태훈,S,#ff0000,불펜,0.0,0.0,0.0,0.0,0,0
2010,진야곱,두,#042071,불펜,0.0,0.0,0.0,0.0,0,0
2010,최동환,L,#fc1cad,불펜,0.0,0.0,0.0,0.0,0,0
2011,니퍼트,두,#042071,선발,6.05,2.55,3.36,187.0,150,29
2011,윤석민,KIA,#ed1c24,선발,5.94,2.45,2.63,172.1,178,25
2011,장원준,롯,#888888,선발,5.38,3.14,3.48,180.2,129,28
2011,김선우,두,#042071,선발,4.47,3.13,3.88,175.2,89,27
2011,정우람,S,#ff0000,불펜,4.18,1.81,2.89,94.1,68,0
2011,오승환,삼,#0061aa,불펜,3.78,0.63,1.31,57.0,76,0
2011,송승준,롯,#888888,선발,3.68,4.18,4.14,172.1,126,29
2011,주키치,L,#fc1cad,선발,3.36,3.6,3.06,187.2,150,31
2011,사도스키,롯,#888888,선발,3.35,3.91,4.75,140.1,79,25
2011,정인욱,삼,#0061aa,스윙,3.15,2.25,4.37,80.0,60,9
2011,고원준,롯,#888888,선발,2.93,4.19,4.7,152.2,85,22
2011,송신영,L,#fc1cad,불펜,2.88,2.24,3.21,72.1,57,0
2011,류현진,한,#f37321,선발,2.82,3.36,3.18,126.0,128,18
2011,윤성환,삼,#0061aa,선발,2.77,3.54,3.55,137.1,83,23
2011,로페즈,KIA,#ed1c24,선발,2.74,3.98,3.65,153.2,106,24
2011,안지만,삼,#0061aa,스윙,2.66,2.83,2.67,86.0,77,5
2011,정현욱,삼,#0061aa,불펜,2.61,2.36,3.94,72.1,52,0
2011,리즈,L,#fc1cad,선발,2.59,3.88,4.43,164.2,122,28
2011,한희,L,#fc1cad,불펜,2.53,2.27,3.55,67.1,51,0
2011,박희수,S,#ff0000,불펜,2.46,1.88,2.71,67.0,76,0
2011,정대현,S,#042071,불펜,2.44,1.48,3.31,54.2,39,0
2011,매티스,삼,#0061aa,선발,2.38,2.52,4.16,64.1,32,10
2011,손승락,키,#86001f,불펜,2.34,1.89,2.89,52.1,41,0
2011,박정진,한,#f37321,불펜,2.33,3.24,2.83,86.0,92,0
2011,손영민,KIA,#ed1c24,불펜,2.24,3.08,3.49,87.2,66,0
2011,문성현,키,#86001f,선발,2.23,4.34,4.69,130.2,108,25
2011,차우찬,삼,#0061aa,선발,2.22,3.69,4.82,148.2,114,24
2011,트레비스,KIA,#ed1c24,선발,2.21,3.48,4.17,126.2,115,22
2011,엄정욱,S,#ff0000,스윙,2.15,2.13,2.63,50.2,64,9
2011,이보근,키,#86001f,불펜,2.03,3.49,4.2,87.2,52,0
2011,김사율,롯,#888888,불펜,1.92,3.26,3.29,66.1,54,0
2011,양훈,한,#f37321,선발,1.86,4.28,4.34,143.0,110,26
2011,김수경,키,#86001f,선발,1.81,3.39,4.35,69.0,37,10
2011,임경완,롯,#888888,불펜,1.77,3.15,4.0,65.2,34,0
2011,정재훈,두,#042071,불펜,1.74,2.87,3.02,62.2,65,0
2011,장원삼,삼,#0061aa,선발,1.72,4.15,4.49,115.0,68,21
2011,박현준,L,#fc1cad,선발,1.65,4.18,3.95,163.2,137,27
2011,바티스타,한,#f37321,불펜,1.62,2.02,1.6,35.2,61,0
2011,송은범,S,#ff0000,선발,1.58,3.43,5.12,78.2,55,11
2011,서재응,KIA,#ed1c24,선발,1.57,4.28,3.7,130.1,84,22
2011,나이트,키,#86001f,선발,1.56,4.7,4.76,172.1,115,30
2011,이용찬,두,#042071,선발,1.52,4.19,3.99,129.0,99,21
2011,권오준,삼,#0061aa,불펜,1.48,2.79,2.13,48.1,52,0
2011,심동섭,KIA,#ed1c24,불펜,1.46,2.77,2.72,55.1,67,0
2011,이우선,삼,#0061aa,불펜,1.45,3.35,4.11,51.0,35,0
2011,전병두,S,#ff0000,스윙,1.44,3.8,4.45,92.1,87,4
2011,고든,S,#ff0000,선발,1.39,3.81,2.77,75.2,70,13
2011,이승호,S,#ff0000,스윙,1.28,3.5,4.41,64.1,50,1
2011,저마노,삼,#0061aa,스윙,1.27,2.78,3.22,45.1,29,8
2011,권혁,삼,#0061aa,불펜,1.27,2.79,4.2,48.1,27,0
2011,강영식,롯,#888888,불펜,1.26,3.51,4.44,41.0,39,0
2011,고효준,S,#ff0000,선발,1.2,4.26,4.14,105.2,89,16
2011,글로버,S,#ff0000,선발,1.18,4.24,3.47,121.0,122,24
2011,마정길,키,#86001f,불펜,1.16,3.35,3.97,48.1,46,0
2011,김상현,두,#042071,스윙,1.06,3.96,3.97,63.2,41,6
2011,이정훈,키,#86001f,불펜,1.02,3.78,3.67,52.1,31,0
2011,이재영,S,#ff0000,불펜,0.97,2.79,4.42,29.0,15,0
2011,코리,롯,#888888,스윙,0.97,4.23,3.84,72.1,48,8
2011,오재영,키,#86001f,불펜,0.93,3.53,4.41,43.1,29,0
2011,강윤구,키,#86001f,스윙,0.92,2.14,3.94,21.0,11,3
2011,이승호,S,#ff0000,스윙,0.9,4.2,5.11,60.0,51,7
2011,김선규,L,#fc1cad,불펜,0.85,4.19,4.4,66.2,28,0
2011,김성태,키,#86001f,선발,0.81,4.82,4.12,89.2,71,18
2011,신정락,L,#fc1cad,불펜,0.79,1.02,2.52,17.2,19,0
2011,임찬규,L,#fc1cad,스윙,0.79,4.46,5.11,82.2,62,2
2011,유동훈,KIA,#ed1c24,불펜,0.78,3.94,4.36,48.0,21,0
2011,김혁민,한,#f37321,선발,0.76,4.97,4.57,128.2,109,23
2011,이영욱,S,#ff0000,선발,0.73,4.59,4.44,66.2,46,12
2011,윤근영,한,#f37321,스윙,0.58,3.86,3.71,25.2,25,1
2011,최성민,L,#fc1cad,불펜,0.57,3.38,5.71,21.1,12,0
2011,부첵,롯,#888888,스윙,0.56,5.06,4.86,53.1,39,9
2011,한기주,KIA,#ed1c24,스윙,0.54,4.08,3.18,28.2,20,3
2011,고창성,두,#042071,불펜,0.54,4.44,4.37,50.2,40,0
2011,김강률,두,#042071,불펜,0.52,3.91,4.3,25.1,20,0
2011,이상열,L,#fc1cad,불펜,0.51,3.89,3.48,44.0,27,0
2011,이현승,두,#042071,스윙,0.5,4.82,4.51,74.2,50,5
2011,김일엽,롯,#888888,불펜,0.5,4.71,4.55,28.2,21,0
2011,심수창,키,#86001f,선발,0.47,5.01,5.1,109.2,52,21
2011,김희걸,KIA,#ed1c24,스윙,0.46,5.08,4.74,67.1,42,8
2011,이명우,롯,#888888,불펜,0.45,3.63,3.0,22.1,19,0
2011,임정우,S,#ff0000,불펜,0.43,0.0,3.5,5.2,4,0
2011,김광수,한,#f37321,불펜,0.42,4.78,4.96,37.2,24,0
2011,임태훈,두,#042071,불펜,0.41,3.79,4.77,19.0,13,0
2011,윤지웅,키,#86001f,불펜,0.38,4.08,5.14,28.2,19,0
2011,김태훈,S,#ff0000,불펜,0.34,4.0,3.44,18.0,15,0
2011,김효남,삼,#0061aa,불펜,0.33,0.0,2.03,4.1,4,0
2011,임현준,삼,#0061aa,불펜,0.33,3.12,4.98,17.1,9,0
2011,김승회,두,#042071,선발,0.32,4.68,4.67,65.1,53,11
2011,오성민,S,#ff0000,불펜,0.3,0.0,4.07,4.0,3,0
2011,허준혁,롯,#888888,불펜,0.3,4.82,4.85,18.2,8,0
2011,서동환,두,#042071,스윙,0.3,4.5,5.34,22.0,13,3
2011,카도쿠라,삼,#0061aa,선발,0.29,4.07,4.36,86.1,62,16
2011,김광현,S,#ff0000,선발,0.29,4.84,4.49,74.1,61,14
2011,윤희상,S,#ff0000,스윙,0.29,4.82,4.95,46.2,32,7
2011,이정민,롯,#888888,불펜,0.27,3.72,7.05,9.2,6,0
2011,조태수,KIA,#ed1c24,불펜,0.27,4.97,4.85,29.0,16,0
2011,김성현,L,#fc1cad,선발,0.26,5.43,5.01,117.2,68,25
2011,장민익,두,#042071,스윙,0.26,3.12,4.34,8.2,6,1
2011,이규대,삼,#0061aa,불펜,0.26,0.0,4.55,3.1,0,0
2011,김광삼,L,#fc1cad,선발,0.25,4.74,5.05,93.0,41,19
2011,매그레인,S,#ff0000,선발,0.25,5.37,5.18,53.2,38,14
2011,진명호,롯,#888888,스윙,0.25,4.88,4.38,48.0,45,1
2011,배영수,삼,#0061aa,선발,0.25,5.42,4.02,103.0,47,17
2011,오상민,L,#fc1cad,불펜,0.24,1.8,2.74,5.0,3,0
2011,임진우,삼,#0061aa,불펜,0.24,4.4,4.01,14.1,10,0
2011,전준호,S,#ff0000,불펜,0.24,3.6,4.18,10.0,5,0
2011,박종훈,S,#ff0000,불펜,0.23,2.7,4.93,6.2,5,0
2011,문광은,S,#ff0000,불펜,0.21,1.93,1.74,4.2,6,0
2011,노경은,두,#042071,스윙,0.18,5.17,3.76,62.2,53,1
2011,이범준,L,#fc1cad,불펜,0.18,3.91,3.94,23.0,12,0
2011,안영진,한,#f37321,불펜,0.17,3.18,6.92,5.2,1,0
2011,이대환,L,#fc1cad,불펜,0.17,5.06,3.85,21.1,15,0
2011,정회찬,키,#86001f,불펜,0.15,0.0,6.72,2.0,0,0
2011,경헌호,L,#fc1cad,불펜,0.15,2.57,3.71,7.0,1,0
2011,봉중근,L,#fc1cad,스윙,0.15,4.96,5.94,16.1,7,3
2011,신용운,KIA,#ed1c24,불펜,0.14,1.69,5.12,5.1,3,0
2011,곽정철,KIA,#ed1c24,스윙,0.14,4.79,4.61,20.2,27,1
2011,명재철,삼,#0061aa,불펜,0.13,0.0,9.2,1.2,0,0
2011,마일영,한,#f37321,스윙,0.12,5.81,5.43,69.2,32,8
2011,이동걸,삼,#0061aa,불펜,0.1,0.0,3.62,1.1,0,0
2011,최원재,S,#ff0000,불펜,0.1,0.0,1.75,1.1,1,0
2011,고우석,KIA,#ed1c24,불펜,0.1,0.0,4.52,1.1,2,0
2011,데폴라,한,#f37321,스윙,0.09,5.48,4.54,44.1,34,5
2011,오넬리,한,#f37321,불펜,0.08,5.83,4.36,29.1,24,0
2011,김경태,한,#f37321,불펜,0.08,0.0,-3.88,1.0,3,0
2011,박정태,KIA,#ed1c24,불펜,0.08,0.0,6.72,1.0,0,0
2011,이대진,L,#fc1cad,불펜,0.08,0.0,7.32,1.0,1,0
2011,이태양,키,#86001f,불펜,0.07,4.76,5.04,5.2,3,0
2011,김진우,KIA,#ed1c24,불펜,0.06,5.19,3.02,8.2,12,0
2011,양승진,L,#fc1cad,불펜,0.05,3.86,7.05,2.1,3,0
2011,배힘찬,키,#86001f,불펜,0.04,5.87,3.36,15.1,14,0
2011,윤기호,한,#f37321,불펜,0.03,4.5,3.62,2.0,0,0
2011,이상훈,S,#ff0000,불펜,0.03,0.0,12.92,0.1,0,0
2011,이상화,KIA,#ed1c24,불펜,0.03,4.5,4.37,14.0,8,0
2011,양현,두,#042071,스윙,0.02,5.4,6.86,5.0,2,1
2011,조영민,S,#ff0000,불펜,0.0,6.0,5.89,3.0,1,0
2011,임준혁,KIA,#ed1c24,불펜,-0.02,6.75,5.62,4.0,3,0
2011,박건우,L,#fc1cad,불펜,-0.03,81.0,22.22,0.1,0,0
2011,홍건희,KIA,#ed1c24,불펜,-0.03,6.75,3.96,5.1,3,0
2011,이현호,두,#042071,불펜,-0.03,99.99,0.0,0.0,0,0
2011,장효훈,키,#86001f,불펜,-0.05,7.11,3.21,6.1,6,0
2011,김창훈,두,#042071,불펜,-0.05,6.39,6.27,12.2,11,0
2011,문현정,삼,#0061aa,불펜,-0.06,9.0,4.86,3.0,1,0
2011,최진호,한,#f37321,불펜,-0.06,10.13,5.46,2.2,3,0
2011,정대현,두,#042071,불펜,-0.07,10.13,5.24,2.2,2,0
2011,곽동훈,삼,#0061aa,불펜,-0.07,20.25,12.55,1.1,0,0
2011,최인영,L,#fc1cad,불펜,-0.07,11.57,5.21,2.1,1,0
2011,차정민,KIA,#ed1c24,스윙,-0.08,6.52,7.82,19.1,12,1
2011,박정배,두,#042071,불펜,-0.08,9.0,8.15,4.0,0,0
2011,신승현,S,#ff0000,스윙,-0.08,9.0,1.75,4.0,3,1
2011,허준혁,롯,#888888,불펜,-0.09,12.0,12.12,3.0,2,0
2011,박성호,KIA,#ed1c24,스윙,-0.09,6.46,4.24,23.2,20,1
2011,박민규,삼R,#0061aa,불펜,-0.09,8.1,7.07,6.2,3,0
2011,송창식,한,#f37321,스윙,-0.1,6.34,5.16,61.0,52,5
2011,장영석,키,#86001f,불펜,-0.1,13.5,9.82,2.0,0,0
2011,배장호,롯,#888888,불펜,-0.1,8.31,4.92,8.2,4,0
2011,이용훈,롯,#888888,스윙,-0.1,11.25,3.0,4.0,1,1
2011,김영민,키,#86001f,스윙,-0.11,5.96,5.78,22.2,10,5
2011,박준수,키,#86001f,불펜,-0.11,6.41,4.37,19.2,9,0
2011,김대우,키,#86001f,불펜,-0.11,6.0,3.56,27.0,28,0
2011,최현진,두,#042071,스윙,-0.11,9.64,7.89,4.2,3,1
2011,김명성,롯,#888888,스윙,-0.13,9.39,8.11,7.2,3,1
2011,조승수,두,#042071,불펜,-0.14,10.13,3.49,5.1,4,0
2011,홍상삼,두,#042071,스윙,-0.14,6.33,8.13,21.1,5,4
2011,안영명,한,#f37321,불펜,-0.14,4.15,8.24,4.1,4,0
2011,장민재,한,#f37321,선발,-0.15,6.06,5.65,87.2,52,15
2011,박성훈,키,#86001f,스윙,-0.16,9.53,7.45,5.2,0,1
2011,김기표,L,#fc1cad,불펜,-0.18,12.6,5.62,5.0,2,0
2011,페르난도,두,#042071,선발,-0.18,6.09,4.18,78.1,66,12
2011,김수완,롯,#888888,스윙,-0.21,6.69,3.65,35.0,29,2
2011,신주영,한,#f37321,불펜,-0.21,6.43,3.46,35.0,22,0
2011,김상수,키,#86001f,스윙,-0.23,6.49,3.41,59.2,74,6
2011,양현종,KIA,#ed1c24,선발,-0.23,6.18,5.02,106.1,74,22
2011,정민혁,한,#f37321,불펜,-0.24,8.38,6.86,9.2,3,0
2011,김성배,두,#042071,스윙,-0.27,5.88,4.34,52.0,29,6
2011,유원상,L,#fc1cad,스윙,-0.28,6.29,4.85,63.0,44,4
2011,윤규진,한,#f37321,불펜,-0.3,8.53,6.0,19.0,20,0
2011,이혜천,두,#042071,스윙,-0.32,6.35,3.94,34.0,30,3
2011,금민철,키,#86001f,스윙,-0.38,5.29,6.85,32.1,16,8
2011,안승민,한,#f37321,선발,-0.43,5.89,4.74,139.0,90,28
2011,안규영,두,#042071,스윙,-0.44,8.87,7.37,22.1,11,2
2011,정재원,한,#f37321,불펜,-0.45,8.0,5.8,27.0,15,0
2011,박경태,KIA,#ed1c24,스윙,-0.46,6.63,4.84,54.1,40,4
2011,이동현,L,#fc1cad,불펜,-0.47,6.27,4.69,33.0,30,0
2011,이재곤,롯,#888888,스윙,-0.62,6.35,6.34,56.2,16,7
2011,유창식,한,#f37321,스윙,-0.72,6.69,4.41,39.0,27,4
2012,나이트,키,#86001f,선발,6.89,2.2,3.48,208.2,102,30
2012,유먼,롯,#888888,선발,5.71,2.55,3.16,179.2,142,28
2012,류현진,한,#f37321,선발,5.55,2.66,2.16,182.2,210,27
2012,서재응,KIA,#ed1c24,선발,4.73,2.59,3.52,160.0,97,27
2012,니퍼트,두,#042071,선발,4.47,3.2,4.0,194.0,126,28
2012,노경은,두,#042071,선발,4.14,2.53,3.31,146.0,133,18
2012,박희수,S,#ff0000,불펜,4.06,1.32,2.0,82.0,93,0
2012,이용찬,두,#042071,선발,3.78,3.0,3.41,162.0,113,26
2012,윤성환,삼,#0061aa,선발,3.58,2.84,3.15,114.0,81,19
2012,배영수,삼,#0061aa,선발,3.51,3.21,3.41,160.0,89,25
2012,밴헤켄,키,#86001f,선발,3.47,3.28,3.8,170.0,132,28
2012,김진우,KIA,#ed1c24,선발,3.44,2.9,3.17,133.2,101,22
2012,장원삼,삼,#0061aa,선발,3.31,3.55,3.05,157.0,127,25
2012,윤석민,KIA,#ed1c24,선발,3.25,3.12,2.78,153.0,137,24
2012,윤희상,S,#ff0000,선발,3.15,3.36,3.71,163.1,100,28
2012,주키치,L,#fc1cad,선발,3.14,3.45,3.55,177.1,96,29
2012,송승준,롯,#888888,선발,2.96,3.31,3.8,163.0,117,28
2012,안지만,삼,#0061aa,불펜,2.9,1.71,2.27,63.1,58,0
2012,소사,KIA,#ed1c24,선발,2.68,3.54,3.42,147.1,104,23
2012,유원상,L,#fc1cad,불펜,2.53,2.19,3.26,74.0,43,0
2012,오승환,삼,#0061aa,불펜,2.36,1.94,0.73,55.2,81,0
2012,리즈,L,#fc1cad,선발,2.25,3.69,3.1,151.1,144,25
2012,탈보트,삼,#0061aa,선발,2.22,3.97,4.25,138.1,68,25
2012,송창식,한,#f37321,스윙,2.17,2.91,3.6,74.1,66,3
2012,홍상삼,두,#042071,불펜,2.07,1.93,2.54,65.1,69,0
2012,봉중근,L,#fc1cad,불펜,2.02,1.18,2.57,38.0,36,0
2012,이용훈,롯,#888888,선발,2.0,3.01,3.38,101.2,57,18
2012,김혁민,한,#f37321,선발,1.99,4.06,3.6,146.1,102,21
2012,사도스키,롯,#888888,선발,1.94,4.32,4.12,150.0,98,28
2012,앤서니,KIA,#ed1c24,선발,1.91,3.83,4.46,171.2,94,27
2012,마리오,S,#ff0000,선발,1.89,3.4,4.32,95.1,49,18
2012,손승락,키,#86001f,불펜,1.88,2.15,2.43,50.1,47,0
2012,정대현,롯,#042071,불펜,1.8,0.64,1.74,28.1,26,0
2012,프록터,두,#042071,불펜,1.79,1.79,2.64,55.1,46,0
2012,정우람,S,#ff0000,불펜,1.78,2.2,1.38,49.0,55,0
2012,고든,삼,#0061aa,선발,1.78,3.94,3.82,128.0,80,24
2012,강윤구,키,#86001f,선발,1.76,4.08,4.26,125.2,127,21
2012,바티스타,한,#f37321,선발,1.74,3.56,3.56,86.0,110,10
2012,심창민,삼,#0061aa,불펜,1.73,1.83,2.38,39.1,41,0
2012,이명우,롯,#888888,불펜,1.71,2.56,3.19,52.2,32,0
2012,박정배,S,#ff0000,스윙,1.7,3.14,4.22,77.1,48,3
2012,박성훈,키,#86001f,불펜,1.59,2.45,3.84,47.2,34,0
2012,채병용,S,#ff0000,선발,1.57,3.16,3.32,62.2,42,10
2012,한현희,키,#86001f,스윙,1.57,3.12,3.7,69.1,54,4
2012,진명호,롯,#888888,스윙,1.49,3.45,5.04,60.0,54,5
2012,우규민,L,#fc1cad,스윙,1.39,3.3,3.01,92.2,57,3
2012,이동현,L,#fc1cad,불펜,1.37,3.02,2.21,56.2,56,0
2012,변진수,두,#042071,불펜,1.36,1.71,3.34,31.2,18,0
2012,정현욱,삼,#0061aa,스윙,1.32,3.16,2.75,62.2,48,1
2012,김성배,롯,#888888,불펜,1.3,3.21,3.61,53.1,33,0
2012,송은범,S,#ff0000,선발,1.3,4.15,3.83,97.2,72,19
2012,김사율,롯,#888888,불펜,1.22,2.98,3.05,45.1,43,0
2012,권혁,삼,#0061aa,불펜,1.2,3.1,3.24,49.1,38,0
2012,엄정욱,S,#ff0000,불펜,1.19,3.2,4.02,56.1,44,0
2012,신재웅,L,#fc1cad,선발,1.17,3.59,4.62,57.2,30,11
2012,박지훈,KIA,#ed1c24,불펜,1.11,3.38,4.28,61.1,37,0
2012,홍성민,KIA,#ed1c24,불펜,1.1,3.38,4.73,56.0,32,0
2012,권오준,삼,#0061aa,불펜,1.1,2.95,2.1,42.2,48,0
2012,최대성,롯,#888888,불펜,1.06,3.59,3.76,67.2,50,0
2012,정인욱,삼,#0061aa,스윙,0.91,2.49,3.38,25.1,16,2
2012,김강률,두,#042071,불펜,0.9,2.88,3.4,34.1,27,0
2012,이상열,L,#fc1cad,불펜,0.85,3.72,4.03,55.2,29,0
2012,고원준,롯,#888888,선발,0.83,4.25,4.94,95.1,45,19
2012,김승회,롯,#888888,선발,0.82,4.04,4.09,120.1,62,19
2012,김창훈,두,#042071,불펜,0.81,2.08,3.76,21.2,15,0
2012,유창식,한,#f37321,선발,0.71,4.77,5.23,111.1,82,18
2012,이승호,롯,#888888,불펜,0.69,3.7,4.51,48.2,27,0
2012,강영식,롯,#888888,불펜,0.66,3.89,2.38,41.2,49,0
2012,허준혁,롯,#ff0000,스윙,0.58,0.0,3.64,7.2,2,1
2012,김기표,L,#fc1cad,불펜,0.57,3.04,4.32,26.2,13,0
2012,김영민,키,#86001f,선발,0.57,4.69,4.38,121.0,90,20
2012,이재영,S,#ff0000,불펜,0.56,4.29,4.44,65.0,46,0
2012,류택현,L,#fc1cad,불펜,0.54,3.33,4.07,24.1,15,0
2012,김효남,삼,#0061aa,불펜,0.51,2.76,3.71,16.1,13,0
2012,김선우,두,#042071,선발,0.5,4.52,4.38,163.1,63,28
2012,김수완,롯,#888888,불펜,0.5,3.76,3.88,40.2,24,0
2012,김광현,S,#ff0000,선발,0.48,4.3,4.25,81.2,65,16
2012,김수경,키,#86001f,불펜,0.48,2.13,3.72,12.2,5,0
2012,최성훈,L,#fc1cad,스윙,0.47,4.42,4.91,73.1,23,6
2012,임찬규,L,#fc1cad,스윙,0.43,4.53,4.44,55.2,31,7
2012,김상현,두,#042071,스윙,0.4,3.18,3.44,17.0,15,1
2012,부시,S,#ff0000,선발,0.37,4.43,4.72,81.1,45,15
2012,최영필,S,#ff0000,불펜,0.37,4.58,3.76,53.0,40,0
2012,박근홍,삼,#0061aa,불펜,0.37,1.29,5.7,7.0,6,0
2012,로페즈,S,#ff0000,스윙,0.36,3.86,4.04,28.0,13,5
2012,한기주,KIA,#ed1c24,불펜,0.36,3.2,3.86,19.2,13,0
2012,윤근영,한,#f37321,스윙,0.35,3.72,4.09,38.2,25,5
2012,전유수,S,#ff0000,불펜,0.34,4.33,3.73,35.1,21,0
2012,김상수,키,#86001f,불펜,0.29,4.73,5.34,45.2,36,0
2012,안승민,한,#f37321,스윙,0.29,4.75,3.71,72.0,53,4
2012,이우선,삼,#0061aa,불펜,0.27,1.59,5.02,5.2,5,0
2012,허준혁,S,#ff0000,스윙,0.27,3.86,5.61,16.1,7,3
2012,문성현,키,#86001f,스윙,0.22,4.23,2.35,38.1,31,5
2012,장효훈,키,#86001f,스윙,0.22,5.02,4.69,61.0,42,8
2012,김준,S,#ff0000,불펜,0.22,0.0,2.02,3.0,3,0
2012,이재우,두,#042071,불펜,0.19,0.0,2.77,2.2,2,0
2012,최향남,KIA,#ed1c24,불펜,0.19,3.98,2.09,20.1,20,0
2012,안규영,두,#042071,스윙,0.19,3.95,3.75,13.2,6,1
2012,라미레즈,KIA,#ed1c24,불펜,0.18,3.86,3.97,11.2,5,0
2012,박종윤,키,#86001f,불펜,0.16,3.0,4.19,6.0,7,0
2012,신동훈,L,#fc1cad,불펜,0.15,2.25,2.06,4.0,6,0
2012,오준형,KIA,#ed1c24,불펜,0.14,0.0,3.49,2.0,0,0
2012,이현호,두,#042071,불펜,0.14,0.0,3.79,2.0,1,0
2012,임치영,S,#ff0000,스윙,0.11,4.35,7.89,10.1,6,2
2012,박준수,KIA,#ed1c24,불펜,0.1,0.0,3.49,1.1,0,0
2012,최원제,삼,#0061aa,불펜,0.07,0.0,3.49,1.0,0,0
2012,김성계,KIA,#ed1c24,불펜,0.07,0.0,3.49,1.0,0,0
2012,김광삼,L,#fc1cad,선발,0.06,4.92,4.09,104.1,46,20
2012,오재영,키,#86001f,불펜,0.05,5.19,6.17,26.0,18,0
2012,임기영,한,#f37321,불펜,0.05,0.0,3.49,0.2,0,0
2012,임진우,삼,#0061aa,불펜,0.05,5.11,5.71,12.1,12,0
2012,이대환,L,#fc1cad,불펜,0.05,3.52,4.95,7.2,4,0
2012,최우석,한,#f37321,불펜,0.04,3.18,4.79,5.2,2,0
2012,이정민,롯,#888888,스윙,0.04,5.18,4.18,33.0,14,5
2012,임창민,키,#86001f,불펜,0.04,4.5,4.56,4.0,2,0
2012,양훈,한,#f37321,선발,0.03,5.3,4.66,93.1,44,15
2012,유동훈,KIA,#ed1c24,불펜,0.03,5.29,2.45,34.0,29,0
2012,정대훈,한,#f37321,불펜,0.02,5.23,6.74,10.1,6,0
2012,백정현,삼,#0061aa,불펜,0.02,4.91,3.46,3.2,5,0
2012,문승원,S,#ff0000,불펜,0.02,4.5,1.29,2.0,3,0
2012,이상화,롯,#888888,스윙,0.01,5.4,4.6,3.1,1,1
2012,양현종,KIA,#ed1c24,스윙,0.01,5.05,5.34,41.0,26,5
2012,제춘모,S,#ff0000,스윙,0.01,5.4,6.79,18.1,6,3
2012,한희,L,#fc1cad,불펜,0.0,5.31,4.96,20.1,11,0
2012,김경태,한,#f37321,불펜,0.0,5.4,9.07,1.2,0,0
2012,고우석,KIA,#ed1c24,불펜,0.0,5.4,2.44,6.2,9,0
2012,신정익,S,#ff0000,불펜,0.0,5.4,7.99,3.1,0,0
2012,박건우,롯,#888888,불펜,0.0,5.79,5.76,4.2,3,0
2012,박정진,한,#f37321,불펜,-0.01,5.47,3.8,49.1,45,0
2012,이태양,키,#f37321,불펜,-0.01,6.0,6.15,3.0,3,0
2012,임태훈,두,#042071,스윙,-0.02,4.65,5.18,50.1,33,8
2012,박찬호,한,#f37321,선발,-0.02,5.06,4.78,121.0,68,23
2012,이동걸,삼,#0061aa,불펜,-0.02,9.0,0.99,1.0,1,0
2012,이영욱,S,#ff0000,스윙,-0.03,5.57,5.54,32.1,15,6
2012,신정락,L,#fc1cad,불펜,-0.03,0.0,3.49,0.2,0,0
2012,정재복,L,#fc1cad,스윙,-0.04,5.64,4.07,30.1,15,7
2012,김종훈,KIA,#ed1c24,불펜,-0.05,6.35,6.66,5.2,5,0
2012,양승진,L,#fc1cad,불펜,-0.05,40.5,12.79,0.2,0,0
2012,김성호,롯,#888888,불펜,-0.05,10.8,14.71,1.2,1,0
2012,정재훈,두,#042071,불펜,-0.05,4.5,6.61,4.0,1,0
2012,김일엽,롯,#888888,불펜,-0.05,40.5,8.14,0.2,0,0
2012,김기태,삼,#0061aa,스윙,-0.06,7.2,3.11,5.0,2,1
2012,김선규,L,#fc1cad,불펜,-0.06,5.74,4.87,15.2,6,0
2012,이보근,키,#86001f,스윙,-0.06,5.27,4.98,41.0,17,2
2012,이정훈,KT,#86001f,불펜,-0.08,20.25,3.94,1.1,1,0
2012,윤명준,두,#042071,불펜,-0.08,20.25,10.46,1.1,0,0
2012,조태수,KIA,#ed1c24,불펜,-0.08,10.13,10.5,2.2,1,0
2012,임준혁,KIA,#ed1c24,불펜,-0.08,7.71,5.99,4.2,4,0
2012,이태양,한,#f37321,불펜,-0.08,13.5,3.79,2.0,1,0
2012,임경완,S,#ff0000,불펜,-0.1,5.4,5.29,31.2,16,0
2012,이정훈,키,#86001f,불펜,-0.1,4.67,3.76,44.1,32,0
2012,윤길현,S,#ff0000,불펜,-0.11,10.8,9.1,3.1,1,0
2012,이희성,L,#fc1cad,스윙,-0.11,8.44,3.6,5.1,1,1
2012,이원재,두,#042071,불펜,-0.12,12.0,4.92,3.0,2,0
2012,송신영,한,#f37321,불펜,-0.12,4.94,4.64,23.2,17,0
2012,배스,한,#f37321,스윙,-0.13,48.6,12.85,1.2,1,1
2012,정대현,두,#042071,스윙,-0.13,5.2,5.35,36.1,23,2
2012,이성진,L,#fc1cad,불펜,-0.13,19.29,17.93,2.1,1,0
2012,김정훈,키,#86001f,불펜,-0.14,3.6,4.48,10.0,7,0
2012,임기준,KIA,#ed1c24,불펜,-0.16,18.0,8.05,3.0,3,0
2012,이경우,롯,#888888,불펜,-0.16,14.73,9.76,3.2,3,0
2012,이대진,L,#fc1cad,스윙,-0.16,13.5,8.14,3.1,0,1
2012,김희걸,삼,#0061aa,불펜,-0.16,5.29,3.84,34.0,27,0
2012,신창호,KIA,#ed1c24,불펜,-0.18,9.45,5.72,6.2,5,0
2012,신주영,한,#f37321,불펜,-0.18,16.2,10.99,3.1,2,0
2012,신승현,S,#ff0000,스윙,-0.18,10.5,4.2,6.0,2,1
2012,이재곤,롯,#888888,불펜,-0.18,9.39,6.56,7.2,4,0
2012,한승혁,KIA,#ed1c24,불펜,-0.21,7.43,5.44,13.1,8,0
2012,손영민,KIA,#ed1c24,불펜,-0.26,7.63,3.11,15.1,18,0
2012,안영진,한,#f37321,불펜,-0.27,6.75,5.68,5.1,4,0
2012,김태훈,S,#ff0000,불펜,-0.31,9.35,5.69,8.2,6,0
2012,진해수,KIA,#ed1c24,불펜,-0.33,5.27,4.48,41.0,24,0
2012,서동환,두,#042071,스윙,-0.34,8.59,3.12,14.2,17,1
2012,김광수,한,#f37321,불펜,-0.34,8.04,4.44,15.2,11,0
2012,정민혁,한,#f37321,스윙,-0.35,6.16,4.77,30.2,19,1
2012,박종훈,S,#ff0000,스윙,-0.38,8.0,4.19,18.0,16,4
2012,고창성,두,#042071,불펜,-0.38,8.62,5.99,15.2,5,0
2012,심동섭,KIA,#ed1c24,스윙,-0.38,6.23,5.74,17.1,10,3
2012,션헨,한,#f37321,스윙,-0.39,8.4,3.15,15.0,19,1
2012,김병현,키,#86001f,선발,-0.4,5.66,5.3,62.0,43,12
2012,임정우,L,#fc1cad,스윙,-0.4,6.26,3.92,41.2,26,6
2012,정재원,한,#f37321,스윙,-0.4,8.55,5.94,20.0,18,2
2012,차우찬,삼,#0061aa,선발,-0.44,6.02,5.31,83.2,52,11
2012,이승우,L,#fc1cad,선발,-0.51,5.9,4.78,82.1,46,17
2012,박경태,KIA,#ed1c24,스윙,-0.53,7.34,3.04,34.1,26,2
2012,마일영,한,#f37321,스윙,-0.57,5.55,4.39,61.2,31,2
2012,심수창,키,#86001f,스윙,-0.7,7.3,4.57,40.2,24,3
2012,이혜천,두,#042071,스윙,-0.71,7.45,4.57,38.2,25,1
2013,찰리,N,#002b69,선발,6.8,2.48,3.86,189.0,116,29
2013,세든,S,#ff0000,선발,6.44,2.98,3.93,187.1,160,30
2013,리즈,L,#fc1cad,선발,6.14,3.06,3.78,202.2,188,32
2013,유먼,롯,#888888,선발,5.52,3.54,4.48,193.1,141,31
2013,옥스프링,롯,#888888,선발,5.49,3.29,3.84,183.1,144,30
2013,윤성환,삼,#0061aa,선발,5.24,3.27,3.87,170.2,122,27
2013,이재학,N,#002b69,선발,4.97,2.88,3.84,156.0,144,24
2013,송승준,롯,#888888,선발,4.78,3.76,3.85,167.2,133,29
2013,양현종,KIA,#ed1c24,선발,4.34,3.1,4.12,104.2,95,17
2013,유희관,두,#042071,선발,3.58,3.53,3.98,145.1,96,18
2013,밴헤켄,키,#86001f,선발,3.55,3.73,3.79,161.2,137,29
2013,에릭,N,#002b69,선발,3.53,3.63,3.98,178.1,127,26
2013,노경은,두,#042071,선발,3.39,3.84,4.13,180.1,153,30
2013,윤희상,S,#ff0000,선발,3.38,3.87,4.2,151.1,120,23
2013,우규민,L,#fc1cad,선발,3.23,3.91,3.5,147.1,92,25
2013,나이트,키,#86001f,선발,3.17,4.43,4.29,172.2,129,30
2013,밴덴헐크,삼,#0061aa,선발,3.0,3.95,3.58,143.2,137,24
2013,류제국,L,#fc1cad,선발,2.99,3.87,4.61,111.2,88,20
2013,차우찬,삼,#0061aa,선발,2.97,3.26,3.94,121.1,111,12
2013,봉중근,L,#fc1cad,불펜,2.95,1.33,3.4,61.0,54,0
2013,강윤구,키,#86001f,선발,2.76,4.36,3.81,130.0,131,17
2013,손승락,키,#86001f,불펜,2.7,2.3,2.81,62.2,52,0
2013,윤석민,KIA,#ed1c24,선발,2.54,4.0,3.88,87.2,76,11
2013,니퍼트,두,#042071,선발,2.49,3.58,3.3,118.0,104,19
2013,바티스타,한,#f37321,선발,2.41,4.2,3.7,143.2,150,24
2013,김진우,KIA,#ed1c24,선발,2.33,4.99,3.5,126.1,130,21
2013,레이예스,S,#ff0000,선발,2.32,4.84,4.64,173.0,135,29
2013,백인식,S,#ff0000,선발,2.27,3.55,4.58,91.1,50,15
2013,신재웅,L,#fc1cad,선발,2.14,3.05,4.82,56.0,21,10
2013,신정락,L,#fc1cad,선발,2.14,4.26,4.07,122.2,82,21
2013,소사,KIA,#ed1c24,선발,2.09,5.47,3.87,164.2,143,28
2013,김성배,롯,#888888,불펜,2.08,3.05,2.75,59.0,58,0
2013,장원삼,삼,#0061aa,선발,2.0,4.38,4.76,154.0,104,26
2013,이명우,롯,#888888,불펜,1.96,3.07,4.18,55.2,32,0
2013,배영수,삼,#0061aa,선발,1.95,4.71,3.9,151.0,101,26
2013,박희수,S,#ff0000,불펜,1.94,2.27,2.55,47.2,46,0
2013,송창현,한,#f37321,선발,1.86,3.7,5.65,82.2,46,14
2013,김광현,S,#ff0000,선발,1.79,4.47,4.63,133.0,102,22
2013,오승환,삼,#0061aa,불펜,1.69,1.74,2.83,51.2,54,0
2013,이동현,L,#fc1cad,불펜,1.69,3.0,3.7,72.0,53,0
2013,이브랜드,한,#f37321,선발,1.53,5.59,3.76,172.1,129,30
2013,김영민,키,#86001f,선발,1.52,5.15,4.82,101.1,55,19
2013,임준섭,KIA,#ed1c24,선발,1.5,5.23,5.72,105.0,55,18
2013,오재영,키,#86001f,스윙,1.5,2.4,3.64,41.1,31,7
2013,한현희,키,#86001f,불펜,1.49,3.21,4.48,67.1,56,0
2013,김사율,롯,#888888,스윙,1.47,4.0,5.44,74.1,47,8
2013,손민한,N,#002b69,스윙,1.45,3.43,4.86,60.1,22,6
2013,오현택,두,#042071,불펜,1.42,2.7,3.61,73.1,65,0
2013,이정훈,키,#86001f,불펜,1.41,3.0,4.78,69.0,29,0
2013,박정배,S,#ff0000,불펜,1.33,1.65,3.53,49.0,53,0
2013,문성현,키,#86001f,선발,1.31,4.5,4.35,64.0,55,10
2013,안지만,삼,#0061aa,불펜,1.23,3.11,3.17,63.2,60,0
2013,홍상삼,두,#042071,불펜,1.16,2.5,4.43,72.0,77,0
2013,송신영,키,#86001f,불펜,1.14,3.21,4.26,61.2,43,0
2013,아담,N,#002b69,선발,1.1,4.12,4.27,91.2,70,16
2013,심창민,삼,#0061aa,불펜,1.07,2.68,3.09,50.1,57,0
2013,김병현,키,#86001f,선발,1.06,5.26,5.49,75.1,43,14
2013,빌로우,KIA,#ed1c24,스윙,1.06,4.02,3.81,47.0,38,8
2013,홍성민,롯,#888888,스윙,1.06,3.14,4.74,48.2,22,3
2013,로드리게스,삼,#0061aa,선발,0.99,4.4,4.77,57.1,46,11
2013,임창민,N,#002b69,불펜,0.97,3.76,4.69,64.2,63,0
2013,이재우,두,#042071,선발,0.89,4.73,5.46,66.2,44,11
2013,신용운,삼,#0061aa,불펜,0.88,2.03,4.2,40.0,36,0
2013,윤길현,S,#ff0000,불펜,0.87,3.32,4.03,43.1,47,0
2013,송창식,한,#f37321,불펜,0.86,3.42,3.47,71.0,67,0
2013,김혁민,한,#f37321,선발,0.85,5.4,5.69,146.2,96,20
2013,유동훈,KIA,#ed1c24,불펜,0.85,2.92,3.73,52.1,38,0
2013,손정욱,N,#002b69,불펜,0.65,1.77,5.42,20.1,10,0
2013,임정우,L,#fc1cad,스윙,0.61,4.47,4.11,50.1,39,1
2013,이태양,N,#f37321,선발,0.54,5.67,4.93,74.2,49,13
2013,최향남,KIA,#ed1c24,불펜,0.53,4.45,3.53,30.1,24,0
2013,박경태,KIA,#ed1c24,스윙,0.53,4.48,3.75,62.1,53,5
2013,이보근,키,#86001f,스윙,0.52,4.31,4.36,39.2,18,1
2013,강영식,롯,#888888,불펜,0.49,3.86,3.22,39.2,40,0
2013,정현욱,L,#fc1cad,불펜,0.48,3.78,4.67,47.2,31,0
2013,김선규,L,#fc1cad,불펜,0.48,2.79,5.13,29.0,9,0
2013,앤서니,KIA,#ed1c24,불펜,0.47,4.5,3.94,36.0,25,0
2013,권혁,삼,#0061aa,불펜,0.43,3.96,4.07,36.1,41,0
2013,류택현,L,#fc1cad,불펜,0.42,3.07,3.39,29.1,23,0
2013,정대현,롯,#042071,불펜,0.4,3.33,4.29,51.1,34,0
2013,이민호,N,#002b69,불펜,0.38,4.21,4.58,66.1,60,0
2013,김강률,두,#042071,불펜,0.31,3.2,4.92,19.2,17,0
2013,김상수,키,#86001f,스윙,0.3,5.08,4.1,28.1,20,1
2013,전유수,S,#ff0000,불펜,0.3,4.37,4.97,57.2,35,0
2013,김수완,롯,#888888,스윙,0.26,4.09,5.31,50.2,22,4
2013,마정길,키,#86001f,불펜,0.26,4.09,3.69,33.0,31,0
2013,한승혁,KIA,#ed1c24,불펜,0.26,4.74,3.46,19.0,15,0
2013,임찬규,L,#fc1cad,스윙,0.26,4.7,4.62,44.0,45,4
2013,고원준,롯,#888888,선발,0.25,5.79,4.97,51.1,26,10
2013,이성민,N,#002b69,스윙,0.25,5.15,5.85,57.2,33,3
2013,김현우,삼,#0061aa,불펜,0.24,3.46,3.6,13.0,18,0
2013,황재규,한,#f37321,스윙,0.24,4.15,3.4,34.2,25,1
2013,박준표,KIA,#ed1c24,불펜,0.21,3.72,5.67,9.2,6,0
2013,서재응,KIA,#ed1c24,선발,0.2,6.54,4.76,84.0,36,16
2013,신승현,KIA,#ed1c24,불펜,0.19,4.88,4.75,51.2,55,0
2013,김준,S,#ff0000,불펜,0.18,2.84,4.38,6.1,1,0
2013,심동섭,KIA,#ed1c24,불펜,0.17,3.24,4.43,25.0,27,0
2013,이우선,삼,#0061aa,불펜,0.16,3.27,5.04,11.0,2,0
2013,김명성,두,#042071,불펜,0.16,4.09,3.73,11.0,9,0
2013,이상화,롯,#888888,스윙,0.15,4.97,5.0,25.1,18,2
2013,정대훈,한,#f37321,불펜,0.14,3.6,5.95,15.0,2,0
2013,허준혁,롯,#888888,스윙,0.13,4.58,4.74,17.2,13,1
2013,이재곤,롯,#888888,스윙,0.13,6.9,6.57,30.0,17,8
2013,유창준,두,#042071,스윙,0.13,4.0,4.77,9.0,5,1
2013,김기표,L,#fc1cad,불펜,0.12,0.0,3.05,3.1,1,0
2013,주키치,L,#fc1cad,선발,0.12,6.3,4.43,75.2,49,15
2013,김용주,한,#f37321,불펜,0.12,3.86,2.36,7.0,9,0
2013,서동환,두,#042071,스윙,0.12,4.32,5.99,16.2,4,1
2013,변진수,두,#042071,불펜,0.11,4.7,5.3,38.1,20,0
2013,핸킨스,두,#042071,선발,0.11,6.23,4.77,60.2,30,10
2013,이상열,L,#fc1cad,불펜,0.11,3.27,3.62,33.0,22,0
2013,조상우,키,#86001f,불펜,0.1,4.5,3.55,8.0,7,0
2013,정재훈,두,#042071,불펜,0.09,3.44,3.79,52.1,38,0
2013,이지모,롯,#888888,불펜,0.09,5.4,5.64,6.2,5,0
2013,윤근영,한,#f37321,스윙,0.09,6.25,5.34,72.0,45,8
2013,박정진,한,#f37321,불펜,0.07,5.82,4.62,21.2,21,0
2013,최금강,N,#002b69,불펜,0.07,4.28,3.56,33.2,33,0
2013,이용찬,두,#042071,불펜,0.07,2.7,3.59,3.1,4,0
2013,김효남,L,#fc1cad,불펜,0.06,2.7,3.23,3.1,2,0
2013,이대환,KIA,#ed1c24,불펜,0.06,4.11,3.26,15.1,12,0
2013,박성훈,키,#86001f,불펜,0.05,5.06,6.53,26.2,18,0
2013,김기태,삼,#0061aa,스윙,0.05,8.31,6.22,4.1,2,1
2013,진해수,S,#ff0000,불펜,0.03,5.55,4.57,48.2,40,0
2013,박근홍,삼,#0061aa,불펜,0.02,5.25,2.12,12.0,13,0
2013,김선우,두,#042071,선발,0.01,5.52,5.24,60.1,20,12
2013,정찬헌,L,#fc1cad,불펜,0.01,5.4,6.3,5.0,1,0
2013,조지훈,한,#f37321,스윙,0.01,6.11,5.61,35.1,30,3
2013,강동연,두,#042071,불펜,0.01,0.0,2.55,2.0,1,0
2013,신창호,KIA,#ed1c24,불펜,0.0,5.91,5.66,21.1,17,0
2013,최성훈,L,#fc1cad,불펜,0.0,4.5,8.8,2.0,2,0
2013,오준형,KIA,#ed1c24,불펜,0.0,7.2,4.92,5.0,5,0
2013,원용묵,두,#042071,불펜,0.0,9.0,10.0,1.0,0,0
2013,송윤준,L,#fc1cad,불펜,-0.01,9.0,1.3,1.0,1,0
2013,최원제,삼,#0061aa,불펜,-0.01,7.71,6.71,2.1,1,0
2013,정성기,N,#002b69,불펜,-0.01,3.86,3.34,7.0,5,0
2013,김윤동,KIA,#ed1c24,불펜,-0.01,99.99,0.0,0.0,0,0
2013,황덕균,N,#002b69,불펜,-0.01,99.99,0.0,0.0,0,0
2013,신정익,S,#ff0000,불펜,-0.03,6.75,15.05,1.1,0,0
2013,박종윤,키,#86001f,불펜,-0.03,6.75,4.87,4.0,2,0
2013,정태승,롯,#888888,불펜,-0.03,7.71,7.78,2.1,0,0
2013,윤강민,N,#002b69,불펜,-0.03,27.0,6.9,1.0,0,0
2013,조현근,삼,#0061aa,불펜,-0.03,6.75,7.25,6.2,3,0
2013,이한진,S,#ff0000,불펜,-0.03,13.5,4.02,2.2,1,0
2013,임준혁,KIA,#ed1c24,불펜,-0.04,27.0,4.4,1.0,1,0
2013,이영욱,S,#ff0000,불펜,-0.04,27.0,16.3,1.0,1,0
2013,장현식,N,#002b69,불펜,-0.04,13.5,3.8,2.0,0,0
2013,명재철,한,#f37321,불펜,-0.04,12.0,6.07,3.0,1,0
2013,정재원,한,#f37321,불펜,-0.04,6.55,5.21,11.0,6,0
2013,함덕주,두,#042071,불펜,-0.05,33.75,4.7,1.1,2,0
2013,김창훈,두,#042071,불펜,-0.05,3.38,10.1,2.2,3,0
2013,윤명준,두,#042071,불펜,-0.06,4.0,3.16,45.0,35,0
2013,이형범,N,#002b69,불펜,-0.07,7.71,7.27,4.2,2,0
2013,임치영,S,#ff0000,불펜,-0.07,36.0,6.9,1.0,0,0
2013,마일영,한,#f37321,스윙,-0.07,6.57,5.56,12.1,6,1
2013,채병용,S,#ff0000,스윙,-0.07,7.97,6.24,20.1,12,2
2013,진명호,롯,#888888,불펜,-0.08,7.88,7.12,8.0,3,0
2013,강승현,롯,#888888,불펜,-0.09,9.0,2.85,2.0,2,0
2013,정민혁,한,#f37321,불펜,-0.1,12.0,7.5,3.0,3,0
2013,백정현,삼,#0061aa,불펜,-0.11,6.66,5.05,24.1,23,0
2013,고창성,N,#002b69,불펜,-0.12,4.79,4.78,20.2,13,0
2013,유창식,한,#f37321,선발,-0.13,6.78,5.38,71.2,47,15
2013,이상민,N,#002b69,불펜,-0.13,9.0,0.65,2.0,5,0
2013,카리대,삼,#0061aa,스윙,-0.14,27.0,10.7,2.1,1,1
2013,문현정,N,#002b69,불펜,-0.15,2.57,2.98,7.0,6,0
2013,장효훈,키,#86001f,불펜,-0.15,14.29,6.64,5.2,7,0
2013,김일엽,한,#f37321,불펜,-0.16,9.45,7.23,6.2,2,0
2013,이동걸,삼,#0061aa,불펜,-0.16,7.16,4.55,16.1,11,0
2013,문승원,S,#ff0000,스윙,-0.16,5.55,6.06,24.1,13,1
2013,최대성,롯,#888888,불펜,-0.17,5.79,4.66,9.1,9,0
2013,이승호,N,#002b69,스윙,-0.17,9.64,7.33,9.1,5,1
2013,임기영,한,#f37321,불펜,-0.17,4.5,4.38,34.0,30,0
2013,임경완,S,#ff0000,불펜,-0.18,5.71,4.5,17.1,10,0
2013,손동욱,KIA,#ed1c24,불펜,-0.2,12.34,6.88,11.2,10,0
2013,김경태,한,#f37321,스윙,-0.21,6.56,6.16,23.1,15,3
2013,이재영,S,#ff0000,불펜,-0.22,5.56,5.22,43.2,35,0
2013,안규영,두,#042071,스윙,-0.23,14.29,12.06,5.2,3,1
2013,올슨,두,#042071,선발,-0.26,6.52,4.72,38.2,35,10
2013,김광수,한,#f37321,스윙,-0.26,5.72,3.73,67.2,41,1
2013,김진성,N,#002b69,불펜,-0.28,4.76,5.13,34.0,28,0
2013,여건욱,S,#ff0000,스윙,-0.29,8.64,7.83,25.0,12,6
2013,김희걸,삼,#0061aa,불펜,-0.29,12.56,4.92,14.1,12,0
2013,유원상,L,#fc1cad,불펜,-0.31,4.78,4.16,37.2,19,0
2013,이혜천,두,#042071,스윙,-0.32,11.57,5.58,9.1,7,1
2013,김상현,두,#042071,스윙,-0.37,5.91,4.64,67.0,36,7
2013,이정호,두,#042071,스윙,-0.38,9.55,5.51,33.0,25,7
2013,노성호,N,#002b69,선발,-0.38,7.29,5.11,58.0,62,10
2013,이태양,한,#f37321,스윙,-0.41,6.23,5.64,60.2,39,5
2013,김승회,롯,#888888,스윙,-0.42,5.3,4.16,73.0,54,2
2013,정대현,두,#042071,불펜,-0.42,18.41,7.28,7.1,2,0
2013,송은범,KIA,#ed1c24,스윙,-0.48,7.35,4.94,49.0,29,4
2013,임태훈,두,#042071,불펜,-0.52,11.32,5.11,10.1,13,0
2013,안승민,한,#f37321,스윙,-0.61,7.49,5.5,33.2,12,3
2013,최영필,S,#ff0000,불펜,-0.74,6.23,5.2,17.1,11,0
2013,박지훈,KIA,#ed1c24,불펜,-1.02,10.92,6.23,29.2,27,0
2014,밴헤켄,키,#86001f,선발,6.55,3.51,3.38,187.0,178,31
2014,밴덴헐크,삼,#0061aa,선발,6.08,3.18,3.49,152.2,180,25
2014,김광현,S,#ff0000,선발,5.84,3.42,4.35,173.2,145,28
2014,옥스프링,롯,#888888,선발,5.57,4.2,4.93,184.1,130,31
2014,양현종,KIA,#ed1c24,선발,4.98,4.25,4.13,171.1,165,29
2014,에릭,N,#002b69,선발,4.83,4.01,4.96,172.2,112,29
2014,니퍼트,두,#042071,선발,4.57,3.81,4.11,179.1,158,28
2014,리오단,L,#fc1cad,선발,4.31,3.96,4.88,168.0,77,28
2014,이재학,N,#002b69,선발,4.27,4.21,4.89,156.0,131,28
2014,윤성환,삼,#0061aa,선발,4.15,4.39,4.24,170.1,133,28
2014,장원준,롯,#888888,선발,4.12,4.59,5.08,155.0,107,27
2014,우규민,L,#fc1cad,선발,3.97,4.04,4.36,153.2,103,28
2014,찰리,N,#002b69,선발,3.59,3.81,5.0,165.1,92,28
2014,유희관,두,#042071,선발,3.48,4.42,5.12,177.1,112,30
2014,마틴,삼,#0061aa,선발,3.46,4.78,4.46,128.0,84,22
2014,소사,키,#86001f,선발,3.25,4.61,5.2,125.0,98,20
2014,장원삼,삼,#0061aa,선발,2.81,4.11,5.52,129.1,63,24
2014,한현희,키,#86001f,불펜,2.75,3.2,3.86,78.2,83,0
2014,웨버,N,#002b69,선발,2.57,4.58,4.95,118.0,85,23
2014,이태양,한,#002b69,선발,2.46,5.29,5.74,153.0,96,26
2014,조상우,키,#86001f,불펜,2.45,2.47,3.4,69.1,73,0
2014,밴와트,S,#ff0000,선발,2.28,3.11,4.67,66.2,56,11
2014,울프,S,#ff0000,선발,2.23,4.85,5.65,85.1,41,13
2014,앨버스,한,#f37321,선발,2.15,5.89,4.8,151.1,107,28
2014,김승회,롯,#888888,불펜,2.1,3.05,4.48,56.0,40,0
2014,유먼,롯,#888888,선발,2.07,5.93,5.79,151.2,84,28
2014,홀튼,KIA,#ed1c24,선발,1.98,4.8,5.66,93.2,58,17
2014,배영수,삼,#0061aa,선발,1.97,5.45,4.42,133.2,111,24
2014,봉중근,L,#fc1cad,불펜,1.93,2.9,3.78,49.2,45,0
2014,유창식,한,#f37321,선발,1.84,4.14,5.61,91.1,53,18
2014,임준섭,KIA,#ed1c24,선발,1.79,6.06,6.3,130.2,54,24
2014,이동현,L,#fc1cad,불펜,1.64,2.73,4.52,59.1,38,0
2014,송승준,롯,#888888,선발,1.56,6.05,5.34,122.0,89,23
2014,채병용,S,#ff0000,선발,1.48,6.37,6.41,130.0,87,24
2014,정대현,롯,#042071,불펜,1.48,4.07,4.54,42.0,27,0
2014,류제국,L,#fc1cad,선발,1.43,5.18,4.6,147.2,128,27
2014,티포드,L,#fc1cad,선발,1.42,5.24,4.91,99.2,85,19
2014,안지만,삼,#0061aa,불펜,1.42,3.75,4.11,62.1,67,0
2014,안영명,한,#f37321,스윙,1.39,4.52,5.11,97.2,64,6
2014,임정우,L,#fc1cad,선발,1.36,4.17,4.66,73.1,54,10
2014,윤규진,한,#f37321,불펜,1.35,4.38,4.71,72.0,73,0
2014,원종현,N,#002b69,불펜,1.35,4.06,4.47,71.0,73,0
2014,손승락,키,#86001f,불펜,1.34,4.33,3.92,62.1,53,0
2014,문성현,키,#86001f,선발,1.31,5.91,6.36,85.1,51,17
2014,마정길,키,#86001f,불펜,1.31,4.78,5.81,64.0,55,0
2014,마야,두,#042071,선발,1.31,4.86,4.62,63.0,54,11
2014,신재웅,L,#fc1cad,스윙,1.3,3.8,5.12,64.0,46,2
2014,정찬헌,L,#fc1cad,불펜,1.25,4.44,5.03,52.2,41,0
2014,최대성,롯,#888888,불펜,1.23,2.58,4.06,45.1,43,0
2014,노성호,N,#002b69,스윙,1.13,4.47,5.74,48.1,37,6
2014,임창민,N,#002b69,불펜,1.11,4.39,4.63,53.1,53,0
2014,김진성,N,#002b69,불펜,1.11,4.1,4.35,48.1,52,0
2014,오현택,두,#042071,스윙,1.05,3.65,4.25,66.2,56,2
2014,강영식,롯,#888888,불펜,1.02,4.79,4.75,47.0,42,0
2014,이정민,롯,#888888,불펜,1.02,2.43,4.04,33.1,25,0
2014,유원상,L,#fc1cad,불펜,0.99,4.37,4.6,68.0,49,0
2014,토마스,KIA,#ed1c24,스윙,0.98,4.44,3.55,46.2,51,9
2014,김현우,삼,#0061aa,불펜,0.97,2.32,4.35,31.0,29,0
2014,최영필,KIA,#ed1c24,불펜,0.97,3.19,4.41,53.2,45,0
2014,손민한,N,#002b69,스윙,0.96,3.54,5.32,48.1,23,1
2014,김대우,키,#86001f,스윙,0.95,5.5,5.7,73.2,66,9
2014,전유수,S,#ff0000,불펜,0.92,5.0,5.07,84.2,72,0
2014,권혁,삼,#0061aa,불펜,0.89,2.86,3.87,34.2,38,0
2014,윤길현,S,#ff0000,불펜,0.88,3.9,4.42,57.2,63,0
2014,어센시오,KIA,#ed1c24,불펜,0.85,4.05,3.59,46.2,56,0
2014,김태영,KIA,#ed1c24,불펜,0.84,5.68,4.79,50.2,45,0
2014,박희수,S,#ff0000,불펜,0.78,3.48,2.82,20.2,29,0
2014,손정욱,N,#002b69,불펜,0.77,4.7,4.74,44.0,38,0
2014,이민호,N,#002b69,스윙,0.76,5.01,6.37,88.0,73,6
2014,이재우,두,#042071,스윙,0.76,5.02,5.9,37.2,30,9
2014,타투스코,한,#f37321,선발,0.66,7.07,6.12,63.2,49,12
2014,김사율,롯,#888888,스윙,0.66,5.79,5.22,79.1,71,7
2014,백정현,삼,#0061aa,스윙,0.65,5.24,4.02,46.1,53,5
2014,윤명준,두,#042071,불펜,0.64,5.27,5.03,71.2,55,0
2014,홍성민,롯,#888888,스윙,0.64,4.75,6.84,36.0,11,6
2014,이용찬,두,#042071,불펜,0.63,4.24,3.81,51.0,47,0
2014,여건욱,S,#ff0000,스윙,0.61,6.2,6.35,69.2,50,7
2014,고창성,N,#002b69,불펜,0.61,1.8,4.87,25.0,11,0
2014,김진우,KIA,#ed1c24,선발,0.61,5.96,5.29,90.2,85,13
2014,윤희상,S,#ff0000,스윙,0.58,5.08,4.29,28.1,18,7
2014,윤지웅,L,#fc1cad,불펜,0.58,4.25,4.85,36.0,34,0
2014,박근홍,삼,#0061aa,불펜,0.5,4.45,6.85,30.1,26,0
2014,김병현,KIA,#ed1c24,선발,0.48,7.1,4.51,71.0,66,15
2014,오재영,키,#86001f,선발,0.46,6.45,6.97,74.0,31,14
2014,정재훈,두,#042071,불펜,0.44,5.37,4.36,53.2,56,0
2014,심동섭,KIA,#ed1c24,불펜,0.4,5.52,4.55,45.2,46,0
2014,함덕주,두,#042071,불펜,0.4,4.44,4.5,26.1,23,0
2014,이현승,두,#042071,스윙,0.4,5.07,4.32,55.0,39,3
2014,차우찬,삼,#0061aa,불펜,0.39,5.6,4.74,82.0,79,0
2014,레이예스,S,#ff0000,선발,0.36,6.55,6.09,78.1,41,13
2014,박정진,한,#f37321,불펜,0.36,6.02,4.45,49.1,51,0
2014,신정락,L,#fc1cad,스윙,0.32,6.66,5.42,51.1,39,7
2014,김건한,삼,#0061aa,불펜,0.32,5.45,4.69,36.1,23,0
2014,나이트,키,#86001f,스윙,0.31,5.52,7.09,29.1,19,6
2014,이수민,삼,#0061aa,불펜,0.31,2.45,6.1,7.1,7,0
2014,정현욱,L,#fc1cad,불펜,0.29,4.73,5.4,32.1,24,0
2014,이혜천,N,#002b69,불펜,0.27,3.0,3.62,18.0,17,0
2014,배장호,롯,#888888,스윙,0.25,4.82,5.98,28.0,9,2
2014,변진수,두,#042071,불펜,0.24,5.08,4.45,33.2,29,0
2014,박정배,S,#ff0000,불펜,0.24,5.82,5.05,43.1,34,0
2014,홍성용,N,#002b69,불펜,0.23,4.26,6.41,12.2,5,0
2014,하영민,키,#86001f,선발,0.21,7.22,5.64,62.1,43,13
2014,송신영,키,#86001f,불펜,0.2,6.59,5.96,42.1,28,0
2014,금민철,키,#86001f,선발,0.19,6.05,6.71,41.2,24,11
2014,장민익,두,#042071,불펜,0.19,3.38,4.95,5.1,1,0
2014,조현근,삼,#0061aa,불펜,0.18,0.0,3.43,5.1,3,0
2014,임준혁,KIA,#ed1c24,불펜,0.17,5.06,5.88,32.0,17,0
2014,이성민,N,#002b69,스윙,0.16,5.79,4.89,28.0,14,5
2014,이재영,S,#ff0000,불펜,0.16,6.19,5.61,48.0,42,0
2014,허건엽,S,#ff0000,불펜,0.15,0.0,4.99,5.0,1,0
2014,박민호,S,#ff0000,스윙,0.15,5.46,6.32,31.1,12,4
2014,김명성,두,#042071,불펜,0.14,2.35,5.64,7.2,3,0
2014,이동걸,한,#f37321,스윙,0.11,4.5,6.18,20.0,16,2
2014,문광은,S,#ff0000,스윙,0.11,6.34,5.99,32.2,23,7
2014,이상백,S,#ff0000,불펜,0.09,4.4,6.03,14.1,14,0
2014,이상열,L,#fc1cad,불펜,0.08,7.88,5.73,8.0,5,0
2014,한승혁,KIA,#ed1c24,스윙,0.08,7.21,5.66,58.2,54,6
2014,신동훈,L,#fc1cad,불펜,0.08,3.48,5.69,10.1,4,0
2014,김동준,키,#86001f,불펜,0.06,6.0,9.54,6.0,2,0
2014,서재응,KIA,#ed1c24,스윙,0.05,6.4,6.32,32.1,18,1
2014,김지훈,KIA,#ed1c24,불펜,0.05,8.53,6.95,12.2,7,0
2014,문수호,N,#002b69,불펜,0.05,6.0,6.07,9.0,9,0
2014,배힘찬,키,#86001f,불펜,0.04,5.4,5.0,6.2,4,0
2014,서동환,삼,#0061aa,불펜,0.04,0.0,4.85,1.0,1,0
2014,심규범,롯,#888888,불펜,0.04,0.0,1.75,1.0,1,0
2014,이정호,두,#042071,불펜,0.04,0.0,4.25,1.0,0,0
2014,장진용,L,#fc1cad,스윙,0.03,2.45,5.44,7.1,5,2
2014,이명우,롯,#888888,불펜,0.03,7.02,4.32,42.1,31,0
2014,구승민,롯,#888888,불펜,0.02,0.0,0.5,0.2,1,0
2014,최금강,N,#002b69,불펜,0.02,9.0,3.49,5.0,4,0
2014,김유영,롯,#888888,불펜,0.02,5.87,6.43,7.2,2,0
2014,이우선,삼,#0061aa,불펜,0.01,0.0,13.55,0.1,0,0
2014,황영국,한,#f37321,불펜,0.0,9.0,7.35,1.0,0,0
2014,엄정욱,S,#ff0000,불펜,0.0,9.0,9.85,3.0,3,0
2014,송창현,한,#f37321,선발,-0.01,6.69,7.38,79.1,30,17
2014,김준,KIA,#ed1c24,불펜,-0.01,0.0,0.0,0.0,0,0
2014,심수창,롯,#888888,불펜,-0.01,9.15,7.97,19.2,14,0
2014,임지섭,L,#fc1cad,스윙,-0.01,6.75,7.51,14.2,8,3
2014,신윤호,S,#ff0000,스윙,-0.01,9.0,9.45,3.0,1,1
2014,민성기,N,#002b69,불펜,-0.01,9.0,4.25,1.0,0,0
2014,임현준,삼,#0061aa,불펜,-0.01,0.0,0.0,0.0,0,0
2014,최병욱,두,#042071,불펜,-0.02,6.61,7.12,16.1,9,0
2014,김광수,한,#f37321,불펜,-0.02,99.99,0.0,0.0,0,0
2014,윤기호,한,#f37321,불펜,-0.02,99.99,0.0,0.0,0,0
2014,문동욱,롯,#888888,불펜,-0.02,9.0,7.35,2.0,0,0
2014,제춘모,S,#ff0000,불펜,-0.04,27.0,13.55,0.1,0,0
2014,박성훈,키,#86001f,불펜,-0.04,8.04,7.52,15.2,12,0
2014,김기표,L,#fc1cad,불펜,-0.04,13.5,16.45,2.0,1,0
2014,임태훈,두,#042071,불펜,-0.05,9.82,7.45,3.2,4,0
2014,볼스테드,두,#042071,선발,-0.05,6.21,6.0,87.0,32,17
2014,김기태,삼,#0061aa,불펜,-0.05,7.27,5.05,8.2,8,0
2014,이상민,키,#86001f,불펜,-0.05,8.1,4.97,3.1,4,0
2014,신창호,KIA,#ed1c24,스윙,-0.06,6.16,5.14,38.0,33,1
2014,최동환,L,#fc1cad,불펜,-0.06,11.57,11.2,2.1,2,0
2014,허유강,한,#f37321,불펜,-0.08,13.5,22.1,0.2,0,0
2014,구본범,한,#f37321,불펜,-0.08,12.27,6.14,3.2,2,0
2014,장시환,키,#86001f,불펜,-0.08,12.15,4.9,6.2,2,0
2014,노진용,삼,#0061aa,불펜,-0.09,27.0,32.45,0.1,1,0
2014,조지훈,한,#f37321,불펜,-0.1,27.0,31.4,0.2,0,0
2014,윤형배,N,#002b69,불펜,-0.1,13.5,13.64,3.1,3,0
2014,이태양,N,#002b69,스윙,-0.11,6.46,8.55,15.1,9,1
2014,강동연,두,#042071,불펜,-0.11,27.0,8.65,1.0,3,0
2014,허준혁,롯,#042071,불펜,-0.11,9.0,6.1,2.0,1,0
2014,권오준,삼,#0061aa,불펜,-0.12,18.0,4.25,1.0,0,0
2014,박명환,N,#002b69,스윙,-0.12,7.2,8.71,5.0,7,1
2014,김대유,S,#ff0000,스윙,-0.12,10.03,7.59,11.2,14,3
2014,클레이,한,#f37321,선발,-0.13,8.33,7.55,40.0,20,10
2014,이창욱,S,#ff0000,불펜,-0.13,8.59,5.35,7.1,3,0
2014,김수완,두,#042071,불펜,-0.14,33.75,6.58,1.1,0,0
2014,유창준,두,#042071,불펜,-0.15,11.25,6.73,4.0,1,0
2014,김영민,키,#86001f,스윙,-0.16,8.0,5.56,45.0,33,1
2014,류택현,L,#fc1cad,불펜,-0.16,27.0,31.15,1.0,0,0
2014,임기영,한,#f37321,불펜,-0.16,6.75,7.03,22.2,17,0
2014,이상화,롯,#888888,스윙,-0.19,9.33,6.6,27.0,16,4
2014,홍상삼,두,#042071,스윙,-0.21,8.57,7.74,21.0,17,3
2014,최현정,KIA,#ed1c24,불펜,-0.21,9.82,6.89,7.1,2,0
2014,송은범,KIA,#ed1c24,선발,-0.22,7.32,5.9,78.2,60,11
2014,송창식,한,#f37321,스윙,-0.22,7.45,7.85,29.0,21,1
2014,조영우,한,#f37321,스윙,-0.23,10.64,7.89,11.0,8,2
2014,이정훈,키,#86001f,불펜,-0.24,12.27,8.93,7.1,2,0
2014,임경완,S,#ff0000,불펜,-0.25,5.4,7.85,16.2,5,0
2014,이인복,롯,#888888,불펜,-0.26,15.43,11.6,4.2,2,0
2014,최영환,한,#f37321,불펜,-0.26,7.1,6.59,64.2,42,0
2014,허준혁,두,#042071,불펜,-0.27,14.21,7.89,6.1,3,0
2014,마일영,한,#f37321,불펜,-0.29,8.55,5.86,20.0,8,0
2014,김강률,두,#042071,스윙,-0.29,8.1,7.18,16.2,13,1
2014,진해수,S,#ff0000,불펜,-0.31,7.16,6.21,49.0,37,0
2014,심창민,삼,#0061aa,불펜,-0.31,6.81,6.21,38.1,38,0
2014,윤영삼,키,#86001f,불펜,-0.31,27.0,15.33,4.0,4,0
2014,박준표,KIA,#ed1c24,불펜,-0.32,7.94,7.22,22.2,6,0
2014,정재원,한,#f37321,불펜,-0.38,22.85,6.93,4.1,9,0
2014,박성호,KIA,#ed1c24,불펜,-0.39,10.38,6.79,13.0,11,0
2014,정대현,두,#042071,스윙,-0.39,7.9,6.15,27.1,21,5
2014,이한진,S,#ff0000,불펜,-0.4,8.64,7.7,8.1,3,0
2014,신승현,L,#fc1cad,불펜,-0.4,5.87,6.48,15.1,12,0
2014,김선우,L,#fc1cad,스윙,-0.42,14.04,8.07,8.1,3,2
2014,김기현,한,#f37321,불펜,-0.43,5.79,8.3,23.1,15,0
2014,김선규,L,#fc1cad,불펜,-0.47,7.13,7.07,17.2,7,0
2014,황재규,한,#f37321,불펜,-0.49,17.28,7.01,8.1,3,0
2014,임창용,삼,#0061aa,불펜,-0.53,5.84,4.14,44.2,52,0
2014,윤근영,한,#f37321,스윙,-0.54,7.16,6.18,49.0,28,1
2014,강윤구,키,#86001f,스윙,-0.54,7.71,9.36,42.0,36,6
2014,정대훈,한,#f37321,스윙,-0.55,7.23,6.24,42.1,14,1
2014,백인식,S,#ff0000,스윙,-0.62,18.32,10.6,9.1,3,2
2014,강승현,롯,#888888,불펜,-0.85,25.41,8.22,5.2,3,0
2014,김성배,롯,#888888,불펜,-0.85,5.98,6.01,40.2,32,0
2014,고효준,S,#ff0000,스윙,-0.86,9.18,7.47,51.0,40,8
2014,김혁민,한,#f37321,스윙,-1.08,11.15,7.18,30.2,22,4
2014,박경태,KIA,#ed1c24,스윙,-1.12,12.27,7.19,25.2,17,2
2014,노경은,두,#042071,선발,-1.61,9.03,6.07,109.2,74,19
2015,양현종,KIA,#ed1c24,선발,8.14,2.44,4.56,184.1,157,31
2015,린드블럼,롯,#888888,선발,7.35,3.56,4.48,210.0,180,32
2015,해커,N,#002b69,선발,6.24,3.13,3.81,204.0,164,31
2015,밴헤켄,키,#86001f,선발,5.87,3.62,3.54,196.2,193,32
2015,윤성환,삼,#0061aa,선발,5.6,3.76,4.27,194.0,164,30
2015,피가로,삼,#0061aa,선발,5.32,3.38,4.56,165.0,117,25
2015,유희관,두,#042071,선발,4.98,3.94,4.66,189.2,126,30
2015,스튜어트,N,#002b69,선발,4.67,2.68,3.33,117.2,109,19
2015,우규민,L,#fc1cad,선발,4.62,3.42,3.75,152.2,119,25
2015,레일리,롯,#888888,선발,4.61,3.91,4.78,179.1,134,30
2015,켈리,S,#ff0000,선발,4.56,4.13,4.22,181.0,139,29
2015,김광현,S,#ff0000,선발,4.54,3.72,4.32,176.2,160,29
2015,이태양,N,#002b69,선발,4.07,3.67,5.01,137.1,113,25
2015,옥스프링,KT,#000000,선발,3.89,4.48,4.93,185.0,142,31
2015,피어밴드,키,#86001f,선발,3.78,4.67,4.96,177.1,137,30
2015,소사,L,#fc1cad,선발,3.68,4.03,3.45,194.1,177,30
2015,장원준,두,#042071,선발,3.39,4.08,4.62,169.2,128,30
2015,이재학,N,#002b69,선발,3.3,4.1,5.05,125.0,116,23
2015,로저스,한,#f37321,선발,3.07,2.97,3.41,75.2,60,10
2015,차우찬,삼,#0061aa,선발,2.98,4.79,4.63,173.0,194,29
2015,임준혁,KIA,#ed1c24,선발,2.88,4.1,4.99,118.2,73,21
2015,조상우,키,#86001f,불펜,2.87,3.09,3.71,93.1,89,0
2015,탈보트,한,#f37321,선발,2.82,4.72,4.91,156.1,120,30
2015,한현희,키,#86001f,선발,2.81,4.82,4.33,123.1,122,17
2015,루카스,L,#fc1cad,선발,2.67,4.93,4.84,171.2,151,30
2015,송승준,롯,#888888,선발,2.59,4.75,4.69,125.0,112,23
2015,스틴슨,KIA,#ed1c24,선발,2.57,4.96,5.22,167.0,93,30
2015,안영명,한,#f37321,선발,2.25,5.1,5.61,125.1,82,27
2015,안지만,삼,#0061aa,불펜,2.22,3.33,3.27,78.1,96,0
2015,류제국,L,#fc1cad,선발,2.21,4.78,5.51,130.0,88,23
2015,임창용,삼,#0061aa,불펜,2.18,2.83,2.11,54.0,71,0
2015,유먼,한,#f37321,선발,2.03,4.52,5.15,91.2,56,17
2015,조무근,KT,#000000,스윙,2.01,1.88,3.21,71.2,83,1
2015,윤석민,KIA,#ed1c24,불펜,2.0,2.96,3.23,70.0,68,0
2015,윤규진,한,#f37321,불펜,1.95,2.66,3.59,50.2,48,0
2015,클로이드,삼,#0061aa,선발,1.91,5.19,4.93,159.2,123,28
2015,박정진,한,#f37321,불펜,1.9,3.09,4.08,96.0,92,0
2015,정우람,S,#ff0000,불펜,1.89,3.21,2.58,70.0,90,0
2015,장시환,KT,#000000,불펜,1.84,3.98,2.95,74.2,75,0
2015,임창민,N,#002b69,불펜,1.82,3.8,3.6,64.0,72,0
2015,홍성민,롯,#888888,불펜,1.8,3.95,4.48,82.0,65,0
2015,함덕주,두,#042071,불펜,1.76,3.65,4.2,61.2,76,0
2015,윤지웅,L,#fc1cad,불펜,1.72,3.77,3.39,62.0,54,0
2015,손민한,N,#002b69,선발,1.68,4.89,4.4,105.0,50,19
2015,이현호,두,#042071,스윙,1.67,4.19,4.08,86.0,87,7
2015,양훈,키,#86001f,스윙,1.66,1.41,4.56,38.1,15,3
2015,최영필,KIA,#ed1c24,불펜,1.61,2.86,4.07,63.0,51,0
2015,박종훈,S,#ff0000,선발,1.55,5.19,4.41,118.0,105,23
2015,전유수,S,#ff0000,불펜,1.48,4.4,4.6,77.2,84,0
2015,최금강,N,#002b69,불펜,1.44,3.71,5.44,89.2,61,0
2015,김세현,키,#86001f,스윙,1.35,4.38,4.79,90.1,85,4
2015,세든,S,#ff0000,선발,1.33,4.99,5.14,74.0,67,14
2015,심창민,삼,#0061aa,불펜,1.32,4.28,3.29,67.1,91,0
2015,박세웅,롯,#888888,선발,1.3,5.76,5.76,114.0,82,21
2015,송신영,키,#86001f,선발,1.27,5.35,5.57,69.0,46,16
2015,임정호,N,#002b69,불펜,1.21,3.75,3.78,48.0,54,0
2015,정대현,KT,#888888,선발,1.2,5.19,6.01,118.0,82,26
2015,박근홍,삼,#0061aa,불펜,1.15,2.96,3.91,48.2,55,0
2015,밴와트,S,#ff0000,선발,1.13,4.63,3.76,56.1,50,12
2015,임정우,L,#fc1cad,선발,1.12,5.04,4.46,109.0,99,11
2015,니퍼트,두,#042071,선발,1.12,5.1,3.79,90.0,76,16
2015,저마노,KT,#000000,선발,1.1,4.93,4.6,76.2,40,14
2015,홍성용,KT,#000000,불펜,1.07,3.86,4.37,39.2,31,0
2015,허준혁,두,#888888,선발,1.04,3.57,5.94,63.0,45,14
2015,윤길현,S,#ff0000,불펜,1.02,3.16,4.73,62.2,62,0
2015,이민호,N,#002b69,스윙,0.95,5.06,4.69,96.0,103,6
2015,스와잭,두,#042071,선발,0.91,5.26,4.41,92.1,72,17
2015,장원삼,삼,#0061aa,선발,0.9,5.8,5.79,136.2,107,25
2015,김민우,한,#f37321,스윙,0.89,5.14,5.24,70.0,50,8
2015,윤희상,S,#ff0000,선발,0.89,5.88,5.37,93.1,67,21
2015,권혁,한,#f37321,불펜,0.87,4.98,5.19,112.0,88,0
2015,이현승,두,#042071,불펜,0.79,2.89,3.33,46.2,41,0
2015,김진성,N,#002b69,불펜,0.68,4.5,4.86,66.0,70,0
2015,금민철,키,#86001f,스윙,0.67,4.5,6.18,22.0,11,5
2015,김기현,한,#f37321,불펜,0.66,4.35,6.07,41.1,32,0
2015,김재윤,KT,#000000,불펜,0.64,4.23,1.74,44.2,70,0
2015,최원재,KT,#000000,불펜,0.61,3.82,4.31,33.0,24,0
2015,서재응,KIA,#ed1c24,스윙,0.59,4.95,5.59,40.0,16,9
2015,김승회,롯,#888888,스윙,0.59,6.24,5.73,75.0,50,7
2015,김지용,L,#fc1cad,불펜,0.56,4.13,4.45,32.2,28,0
2015,정대현,롯,#888888,불펜,0.54,2.95,5.24,18.1,17,0
2015,엄상백,KT,#000000,선발,0.51,6.66,5.79,100.0,78,22
2015,윤명준,두,#042071,불펜,0.51,3.97,5.36,68.0,48,0
2015,박명환,N,#002b69,스윙,0.48,4.85,6.35,26.0,15,4
2015,정찬헌,L,#fc1cad,불펜,0.47,5.52,4.28,44.0,32,0
2015,신승현,L,#fc1cad,불펜,0.46,4.79,4.99,35.2,30,0
2015,이재영,S,#ff0000,불펜,0.46,4.65,5.13,31.0,26,0
2015,마정길,키,#86001f,불펜,0.45,5.06,5.07,37.1,33,0
2015,심동섭,KIA,#ed1c24,불펜,0.45,5.02,4.83,57.1,71,0
2015,고영표,KT,#000000,불펜,0.44,5.68,3.91,57.0,57,0
2015,김진우,KIA,#ed1c24,스윙,0.43,3.46,5.09,13.0,12,2
2015,김용주,한,#f37321,스윙,0.42,3.38,5.48,8.0,3,2
2015,오현택,두,#042071,불펜,0.41,5.3,4.36,56.0,45,0
2015,김광수,KIA,#ed1c24,스윙,0.38,4.53,4.37,43.2,22,1
2015,박정배,S,#ff0000,불펜,0.38,5.33,4.33,25.1,28,0
2015,신재웅,S,#ff0000,불펜,0.37,4.11,4.13,50.1,49,0
2015,손승락,키,#86001f,불펜,0.35,3.82,3.4,61.1,63,0
2015,한승혁,KIA,#ed1c24,불펜,0.35,5.46,4.96,56.0,56,0
2015,이상화,롯,#888888,선발,0.33,6.55,5.48,55.0,35,12
2015,김대우,키,#86001f,스윙,0.33,4.94,4.79,71.0,63,1
2015,이동현,L,#fc1cad,불펜,0.32,4.4,3.52,59.1,55,0
2015,배장호,롯,#888888,스윙,0.3,6.59,6.9,28.2,9,5
2015,조현근,삼,#0061aa,불펜,0.3,3.26,4.57,19.1,11,0
2015,문성현,키,#86001f,선발,0.29,6.28,5.3,91.2,58,13
2015,강영식,롯,#888888,불펜,0.29,4.19,3.77,38.2,46,0
2015,김선규,L,#fc1cad,불펜,0.29,3.13,5.55,31.2,19,0
2015,홍성무,KT,#000000,불펜,0.28,4.82,5.36,28.0,22,0
2015,이성민,롯,#888888,불펜,0.26,4.58,5.39,72.2,58,0
2015,이명우,롯,#888888,스윙,0.26,5.64,4.76,59.0,34,5
2015,에반,KIA,#ed1c24,스윙,0.25,4.44,3.37,26.1,25,1
2015,진해수,L,#fc1cad,불펜,0.24,5.72,5.47,28.1,20,0
2015,찰리,N,#002b69,선발,0.24,5.74,6.03,53.1,29,12
2015,윤근영,KT,#000000,스윙,0.23,5.63,5.99,32.0,21,7
2015,박정수,KIA,#ed1c24,스윙,0.23,5.53,5.57,42.1,25,4
2015,정대훈,한,#f37321,불펜,0.21,4.75,6.13,36.0,12,0
2015,김태영,KIA,#ed1c24,불펜,0.21,5.19,4.01,26.0,30,0
2015,이재곤,롯,#888888,스윙,0.2,6.23,8.52,13.0,9,5
2015,임지섭,L,#fc1cad,스윙,0.2,6.25,6.02,31.2,37,8
2015,백정현,삼,#0061aa,스윙,0.19,6.11,4.28,28.0,37,1
2015,박희수,S,#ff0000,스윙,0.19,5.4,7.45,10.0,12,1
2015,백인식,S,#ff0000,스윙,0.19,4.79,5.5,20.2,14,4
2015,박준표,KIA,#ed1c24,스윙,0.18,6.26,4.34,46.0,33,2
2015,장진용,L,#fc1cad,스윙,0.17,6.4,5.54,32.1,20,9
2015,고창성,N,#002b69,불펜,0.17,3.72,6.47,9.2,3,0
2015,험버,KIA,#ed1c24,선발,0.16,6.75,7.21,50.2,35,11
2015,김명찬,KIA,#ed1c24,불펜,0.16,0.0,4.39,4.0,2,0
2015,채병용,S,#ff0000,스윙,0.15,6.07,5.26,83.0,78,8
2015,박민호,S,#ff0000,불펜,0.15,4.28,5.98,27.1,12,0
2015,김강률,두,#042071,불펜,0.14,2.45,5.82,14.2,7,0
2015,노경은,두,#042071,불펜,0.14,4.47,5.74,58.1,41,0
2015,안상빈,KT,#000000,불펜,0.14,5.06,3.45,16.0,25,0
2015,임준섭,한,#f37321,불펜,0.13,3.72,4.3,19.1,18,0
2015,김범수,한,#f37321,불펜,0.13,7.36,6.83,14.2,10,0
2015,이혜천,N,#002b69,불펜,0.11,5.19,6.32,17.1,10,0
2015,서진용,S,#ff0000,불펜,0.1,5.91,4.38,21.1,24,0
2015,민성기,N,#002b69,불펜,0.1,4.91,6.24,25.2,21,0
2015,고효준,S,#ff0000,스윙,0.09,6.18,5.98,51.0,43,2
2015,박진우,N,#002b69,불펜,0.09,3.14,4.18,14.1,8,0
2015,황덕균,KT,#000000,불펜,0.08,7.36,6.96,3.2,2,0
2015,김건한,삼,#0061aa,스윙,0.08,6.06,5.61,16.1,6,1
2015,김민수,KT,#000000,스윙,0.08,5.79,4.53,23.1,18,1
2015,심재민,KT,#000000,스윙,0.07,6.87,5.92,56.1,29,1
2015,박성호,한,#f37321,불펜,0.05,4.79,5.59,20.2,12,0
2015,박진형,롯,#888888,불펜,0.05,0.0,2.22,1.1,1,0
2015,배우열,KT,#000000,불펜,0.05,5.63,3.7,16.0,17,0
2015,김동준,키,#86001f,스윙,0.05,6.44,6.19,50.1,32,5
2015,윤석주,S,#ff0000,불펜,0.05,0.0,4.09,1.1,0,0
2015,조영우,한,#f37321,불펜,0.05,0.0,4.09,1.0,0,0
2015,구본범,한,#f37321,불펜,0.04,0.0,7.79,1.0,1,0
2015,남경호,두,#042071,불펜,0.04,6.0,6.72,9.0,10,0
2015,김정인,키,#86001f,불펜,0.04,0.0,4.09,1.0,0,0
2015,오장훈,두,#042071,불펜,0.04,0.0,2.19,1.0,2,0
2015,신창호,KIA,#ed1c24,불펜,0.03,7.94,6.62,5.2,4,0
2015,김광삼,L,#fc1cad,스윙,0.03,5.74,5.84,15.2,11,4
2015,이한진,S,#ff0000,불펜,0.02,3.86,6.88,4.2,1,0
2015,한기주,KIA,#ed1c24,불펜,0.02,3.24,4.75,8.1,4,0
2015,차재용,롯,#888888,불펜,0.02,0.0,6.42,1.1,0,0
2015,홍건희,KIA,#ed1c24,스윙,0.02,6.04,6.28,82.0,86,7
2015,이창욱,S,#ff0000,불펜,0.01,6.0,5.33,3.0,1,0
2015,김현우,삼,#0061aa,불펜,0.01,7.3,7.59,12.1,14,0
2015,강장산,N,#002b69,불펜,0.01,5.61,6.66,25.2,9,0
2015,정광운,한,#f37321,불펜,0.01,6.75,4.54,1.1,1,0
2015,김태훈,S,#ff0000,불펜,0.0,27.0,13.39,0.1,0,0
2015,조현우,롯,#888888,불펜,0.0,4.5,8.32,4.0,4,0
2015,박한길,한,#f37321,불펜,0.0,8.56,5.4,13.2,9,0
2015,정회찬,키,#86001f,불펜,0.0,9.0,16.59,1.0,1,0
2015,김준,KIA,#ed1c24,불펜,0.0,2.08,4.95,4.1,1,0
2015,이정훈,키,#86001f,불펜,-0.01,4.5,4.09,2.0,0,0
2015,문수호,N,#002b69,불펜,-0.01,99.99,0.0,0.0,0,0
2015,임경완,한,#f37321,불펜,-0.01,99.99,0.0,0.0,0,0
2015,허유강,한,#f37321,불펜,-0.02,10.13,7.81,2.2,1,0
2015,하영민,키,#86001f,스윙,-0.02,7.53,5.94,34.2,25,2
2015,심규범,롯,#888888,불펜,-0.02,7.11,6.05,6.1,6,0
2015,윤기호,한,#f37321,불펜,-0.02,6.75,9.72,2.2,0,0
2015,이승현,L,#fc1cad,불펜,-0.03,5.87,3.67,15.1,21,0
2015,박종기,두,#042071,불펜,-0.03,11.57,11.04,2.1,2,0
2015,문재현,한,#f37321,불펜,-0.04,54.0,31.99,0.1,0,0
2015,이동걸,한,#f37321,불펜,-0.04,4.47,6.93,44.1,25,0
2015,최영환,한,#f37321,불펜,-0.04,0.0,6.87,1.1,1,0
2015,시스코,KT,#000000,스윙,-0.04,6.23,5.23,39.0,42,5
2015,정재원,한,#f37321,불펜,-0.06,11.25,9.87,4.0,4,0
2015,배재환,N,#002b69,불펜,-0.06,18.0,8.39,1.0,2,0
2015,김정훈,키,#86001f,스윙,-0.07,7.04,6.48,15.1,11,1
2015,마일영,한,#f37321,불펜,-0.08,0.0,22.69,0.1,0,0
2015,변진수,두,#042071,불펜,-0.08,10.8,10.03,1.2,1,0
2015,배힘찬,키,#86001f,불펜,-0.08,6.75,7.83,6.2,1,0
2015,장현식,N,#002b69,불펜,-0.08,9.0,3.44,2.0,3,0
2015,이경우,롯,#888888,불펜,-0.08,10.8,13.09,1.2,0,0
2015,김기표,KT,#000000,불펜,-0.08,6.1,5.84,10.1,6,0
2015,이재우,두,#042071,스윙,-0.09,6.26,6.09,46.0,47,1
2015,심수창,롯,#888888,스윙,-0.09,6.01,4.23,73.1,76,6
2015,정인욱,삼,#0061aa,스윙,-0.09,8.28,5.55,29.1,29,4
2015,이대환,N,#002b69,불펜,-0.1,54.0,13.39,0.1,0,0
2015,최대성,KT,#000000,불펜,-0.1,13.5,16.69,2.2,0,0
2015,김병현,KIA,#ed1c24,스윙,-0.1,6.98,5.63,49.0,38,8
2015,송은범,한,#f37321,선발,-0.1,7.04,5.58,70.1,48,14
2015,김원중,롯,#888888,불펜,-0.1,5.75,4.96,20.1,20,0
2015,조승수,두,#042071,불펜,-0.11,9.0,16.59,1.0,1,0
2015,이승호,N,#002b69,스윙,-0.11,36.0,4.69,1.0,1,1
2015,구자형,키,#86001f,불펜,-0.11,10.13,5.48,2.2,1,0
2015,허준혁,롯,#888888,불펜,-0.11,21.6,4.09,1.2,0,0
2015,손정욱,N,#002b69,스윙,-0.14,6.56,5.0,23.1,17,1
2015,정재훈,롯,#888888,불펜,-0.15,7.11,6.93,6.1,5,0
2015,김기태,삼,#0061aa,불펜,-0.15,7.06,7.65,29.1,23,0
2015,이준형,L,#fc1cad,스윙,-0.16,6.35,9.46,5.2,5,2
2015,오재영,키,#86001f,스윙,-0.16,9.33,7.39,18.1,11,4
2015,이용호,두,#042071,불펜,-0.16,81.0,22.69,0.1,0,0
2015,신용운,삼,#0061aa,불펜,-0.18,7.01,4.81,25.2,22,0
2015,윤강민,N,#002b69,불펜,-0.19,45.0,13.99,1.0,1,0
2015,김상수,키,#86001f,스윙,-0.2,10.8,8.57,5.0,2,1
2015,양현,두,#042071,불펜,-0.21,5.23,5.6,10.1,7,0
2015,배영수,한,#f37321,선발,-0.21,7.04,6.81,101.0,56,21
2015,이윤학,KT,#000000,불펜,-0.24,24.0,10.76,3.0,4,0
2015,주권,KT,#000000,스윙,-0.24,8.51,7.09,24.1,13,3
2015,정성곤,KT,#000000,선발,-0.24,8.53,7.57,58.0,41,15
2015,김수완,두,#042071,스윙,-0.25,8.8,7.5,15.1,13,2
2015,이종석,KIA,#ed1c24,불펜,-0.25,15.75,9.72,4.0,3,0
2015,장필준,삼,#0061aa,스윙,-0.25,15.75,7.54,4.0,4,1
2015,임현준,삼,#0061aa,불펜,-0.26,11.37,8.34,6.1,6,0
2015,김명성,두,#042071,불펜,-0.28,7.79,6.17,17.1,10,0
2015,어윈,KT,#000000,선발,-0.29,8.68,5.66,56.0,41,12
2015,이정민,롯,#888888,불펜,-0.29,5.84,5.36,44.2,36,0
2015,최동환,L,#fc1cad,불펜,-0.3,8.27,6.63,20.2,21,0
2015,장민재,한,#f37321,불펜,-0.31,18.0,10.62,4.0,3,0
2015,권오준,삼,#0061aa,불펜,-0.31,8.04,5.51,28.0,24,0
2015,구승민,롯,#888888,스윙,-0.32,10.24,7.24,29.0,20,3
2015,김성배,롯,#888888,불펜,-0.36,7.49,4.02,39.2,33,0
2015,봉중근,L,#fc1cad,스윙,-0.39,4.93,6.1,49.1,39,2
2015,노성호,N,#002b69,스윙,-0.4,10.65,8.49,23.2,25,3
2015,이상민,키,#86001f,불펜,-0.41,10.71,7.09,19.1,12,0
2015,문경찬,KIA,#ed1c24,스윙,-0.45,9.76,6.98,27.2,15,4
2015,이원재,두,#042071,불펜,-0.47,12.66,8.93,10.2,5,0
2015,마야,두,#042071,선발,-0.48,8.17,4.41,68.1,62,13
2015,임기준,KIA,#ed1c24,스윙,-0.49,6.62,7.14,34.0,26,6
2015,유원상,L,#fc1cad,불펜,-0.51,5.59,5.71,37.0,22,0
2015,유창식,KIA,#ed1c24,선발,-0.54,7.9,6.94,54.2,34,12
2015,장민익,두,#042071,불펜,-0.54,29.25,19.69,4.0,4,0
2015,이인복,롯,#888888,스윙,-0.57,10.18,6.85,20.1,9,1
2015,이창재,KT,#000000,불펜,-0.6,6.82,5.77,33.0,32,0
2015,김택형,키,#86001f,선발,-0.62,7.91,5.72,58.0,55,10
2015,김사율,KT,#000000,불펜,-0.64,8.06,5.06,25.2,24,0
2015,송창식,한,#f37321,선발,-0.76,6.44,7.2,109.0,87,10
2015,진야곱,두,#042071,선발,-0.92,7.01,5.0,102.2,108,14
2015,문광은,S,#ff0000,스윙,-0.97,6.85,5.75,64.1,54,1
2016,헥터,KIA,#ed1c24,선발,6.57,3.4,3.82,206.2,139,31
2016,켈리,S,#ff0000,선발,6.44,3.68,4.27,200.1,152,31
2016,니퍼트,두,#042071,선발,6.29,2.95,4.41,167.2,142,27
2016,양현종,KIA,#ed1c24,선발,5.45,3.68,4.77,200.1,146,31
2016,신재영,키,#86001f,선발,5.43,3.9,4.7,168.2,99,30
2016,장원준,두,#042071,선발,5.41,3.32,4.76,168.0,137,27
2016,보우덴,두,#042071,선발,4.78,3.8,4.18,180.0,160,30
2016,해커,N,#002b69,선발,4.76,3.45,4.21,140.2,119,23
2016,유희관,두,#042071,선발,4.54,4.41,5.35,185.2,102,29
2016,피어밴드,KT,#000000,선발,4.51,4.45,4.75,182.0,144,30
2016,윤성환,삼,#0061aa,선발,4.48,4.35,5.64,180.0,85,28
2016,레일리,롯,#888888,선발,4.32,4.34,4.73,184.2,147,31
2016,류제국,L,#fc1cad,선발,3.73,4.3,4.88,161.1,138,29
2016,김광현,S,#ff0000,선발,3.63,3.88,4.64,137.0,116,21
2016,스튜어트,N,#002b69,선발,3.49,4.56,4.45,150.0,118,27
2016,린드블럼,롯,#888888,선발,3.39,5.28,5.54,177.1,148,30
2016,차우찬,삼,#0061aa,선발,3.26,4.73,5.01,152.1,120,24
2016,소사,L,#fc1cad,선발,3.2,5.16,4.35,199.0,107,33
2016,윤희상,S,#ff0000,선발,2.75,4.84,5.74,122.2,74,22
2016,주권,KT,#000000,선발,2.61,5.1,5.44,134.0,63,26
2016,밴헤켄,키,#86001f,선발,2.56,3.38,4.11,72.0,81,12
2016,이재학,N,#002b69,선발,2.44,4.58,4.85,127.2,134,24
2016,정우람,한,#f37321,불펜,2.43,3.33,3.64,81.0,85,0
2016,원종현,N,#002b69,불펜,2.37,3.18,3.18,70.2,75,0
2016,임창민,N,#002b69,불펜,2.35,2.57,3.39,70.0,91,0
2016,이태양,한,#002b69,선발,2.33,4.97,6.29,112.1,60,25
2016,장민재,한,#f37321,선발,2.28,4.68,5.65,119.1,92,13
2016,심창민,삼,#0061aa,불펜,2.18,2.97,3.8,72.2,76,0
2016,채병용,S,#ff0000,불펜,2.16,4.3,4.67,83.2,67,0
2016,김지용,L,#fc1cad,불펜,2.12,3.57,4.8,63.0,56,0
2016,허프,L,#fc1cad,선발,2.11,3.13,3.43,74.2,46,11
2016,김세현,키,#86001f,불펜,2.07,2.6,2.97,62.1,50,0
2016,이정민,롯,#888888,불펜,2.05,3.16,4.27,77.0,60,0
2016,권혁,한,#f37321,불펜,2.02,3.87,4.34,95.1,77,0
2016,박세웅,롯,#888888,선발,1.94,5.76,4.82,139.0,133,27
2016,코엘로,키,#86001f,선발,1.92,3.77,5.74,62.0,46,12
2016,장현식,N,#002b69,스윙,1.87,4.48,4.92,76.1,59,5
2016,박희수,S,#ff0000,불펜,1.81,3.29,4.85,54.2,37,0
2016,박종훈,S,#ff0000,선발,1.76,5.66,6.35,140.0,104,28
2016,우규민,L,#fc1cad,선발,1.76,4.91,5.39,132.0,81,24
2016,맥그레거,키,#86001f,선발,1.74,5.2,4.89,90.0,61,14
2016,지크,KIA,#ed1c24,선발,1.73,5.27,4.93,152.0,125,29
2016,최금강,N,#002b69,선발,1.7,5.0,4.99,108.0,84,11
2016,구창모,N,#002b69,스윙,1.64,4.19,5.12,68.2,67,9
2016,정재훈,두,#042071,불펜,1.63,3.27,3.49,52.1,56,0
2016,김진성,N,#002b69,불펜,1.58,4.48,4.06,84.1,100,0
2016,홍건희,KIA,#ed1c24,스윙,1.47,4.98,4.63,90.1,83,9
2016,임정우,L,#fc1cad,불펜,1.46,3.82,3.76,70.2,87,0
2016,윤명준,두,#042071,불펜,1.43,3.95,4.66,57.0,39,0
2016,김상수,키,#86001f,불펜,1.38,4.62,4.02,74.0,76,0
2016,오주원,키,#86001f,불펜,1.37,4.41,4.26,51.0,40,0
2016,장필준,삼,#0061aa,스윙,1.37,5.13,5.08,72.0,57,1
2016,송창식,한,#f37321,스윙,1.37,4.98,5.23,97.2,77,1
2016,밴와트,KT,#000000,선발,1.34,5.95,5.61,134.2,92,27
2016,김주한,S,#ff0000,스윙,1.29,4.25,4.28,59.1,50,1
2016,이태양,N,#002b69,선발,1.26,4.21,6.82,47.0,27,10
2016,박진형,롯,#888888,선발,1.26,5.81,5.53,93.0,78,14
2016,최영필,KIA,#ed1c24,스윙,1.25,3.61,3.73,57.1,54,3
2016,손승락,롯,#888888,불펜,1.24,4.26,4.52,50.2,48,0
2016,이민호,N,#002b69,선발,1.17,5.51,5.38,130.2,102,21
2016,웹스터,삼,#0061aa,선발,1.17,5.7,6.02,71.0,59,12
2016,마정길,키,#86001f,불펜,1.16,4.1,5.92,63.2,52,0
2016,권오준,삼,#0061aa,불펜,1.1,3.88,5.6,46.1,35,0
2016,백정현,삼,#0061aa,스윙,1.03,5.77,4.44,68.2,77,4
2016,마리몬,KT,#000000,선발,0.97,5.23,4.75,62.0,45,12
2016,윤석민,KIA,#ed1c24,스윙,0.96,3.19,3.83,31.0,26,3
2016,박민석,N,#002b69,불펜,0.92,1.66,4.66,21.2,27,0
2016,송은범,한,#f37321,선발,0.91,6.42,5.14,122.0,85,27
2016,이보근,키,#86001f,불펜,0.9,4.45,4.16,64.2,56,0
2016,배장호,롯,#888888,불펜,0.88,3.8,5.28,23.2,11,0
2016,박주현,키,#86001f,선발,0.86,6.35,5.82,119.0,71,23
2016,박시영,롯,#888888,스윙,0.85,5.4,4.6,61.2,57,2
2016,김광수,KIA,#ed1c24,불펜,0.85,5.16,4.76,52.1,39,0
2016,로저스,한,#f37321,스윙,0.81,4.3,4.75,37.2,24,6
2016,김대우,삼,#0061aa,불펜,0.76,5.05,5.41,66.0,37,0
2016,윤규진,한,#f37321,선발,0.75,6.82,6.57,100.1,74,16
2016,카스티요,한,#f37321,선발,0.74,6.43,5.29,84.0,60,15
2016,김건태,키,#86001f,스윙,0.69,5.26,6.54,63.1,28,4
2016,하영민,키,#86001f,스윙,0.64,3.14,4.95,28.2,15,1
2016,허준혁,두,#042071,선발,0.63,5.64,6.53,89.1,56,15
2016,심재민,KT,#000000,불펜,0.53,5.47,5.39,54.1,30,0
2016,봉중근,L,#fc1cad,스윙,0.52,4.95,6.22,36.1,20,5
2016,임창용,KIA,#ed1c24,불펜,0.5,4.37,3.94,35.0,38,0
2016,박민호,S,#ff0000,불펜,0.5,4.91,5.33,36.2,18,0
2016,황덕균,키,#86001f,불펜,0.47,3.31,7.49,16.1,3,0
2016,진야곱,두,#042071,스윙,0.46,4.94,5.57,62.0,56,2
2016,정수민,N,#002b69,선발,0.45,6.19,5.81,48.0,31,11
2016,정인욱,삼,#0061aa,선발,0.44,6.81,6.66,111.0,70,23
2016,고원준,두,#042071,스윙,0.44,5.47,5.09,24.2,21,4
2016,이승현,L,#fc1cad,불펜,0.44,5.49,5.89,41.0,29,0
2016,김윤동,KIA,#ed1c24,스윙,0.44,5.43,6.44,53.0,47,5
2016,김재윤,KT,#000000,불펜,0.43,4.97,3.11,54.1,73,0
2016,이준형,L,#fc1cad,선발,0.42,6.18,5.81,71.1,35,13
2016,임기준,KIA,#ed1c24,스윙,0.41,6.03,7.37,31.1,15,6
2016,박근홍,삼,#0061aa,불펜,0.41,7.46,5.52,41.0,40,0
2016,고영표,KT,#000000,불펜,0.39,5.59,4.35,56.1,62,0
2016,정영일,S,#ff0000,불펜,0.36,4.74,5.75,24.2,18,0
2016,김태훈,S,#ff0000,스윙,0.35,4.3,6.05,14.2,9,2
2016,정대훈,한,#f37321,불펜,0.34,4.89,4.29,38.2,26,0
2016,노경은,롯,#888888,선발,0.34,6.85,6.24,94.2,52,20
2016,홍성민,롯,#888888,불펜,0.32,4.46,5.05,42.1,30,0
2016,전유수,S,#ff0000,불펜,0.31,5.13,5.08,54.1,45,0
2016,임찬규,L,#fc1cad,선발,0.31,6.51,6.25,47.0,38,10
2016,김선규,N,#002b69,불펜,0.31,2.93,5.86,15.1,6,0
2016,김기태,삼,#0061aa,선발,0.3,7.08,7.6,75.0,34,15
2016,이창재,KT,#000000,불펜,0.3,5.13,4.96,40.1,38,0
2016,김진우,KIA,#ed1c24,불펜,0.28,4.8,6.4,15.0,10,0
2016,김건한,삼,#0061aa,스윙,0.27,3.72,4.94,9.2,7,3
2016,정성곤,KT,#000000,스윙,0.26,5.83,5.0,66.1,46,9
2016,전인환,L,#fc1cad,불펜,0.25,0.0,4.23,6.1,5,0
2016,문승원,S,#ff0000,선발,0.25,6.64,6.31,63.2,49,12
2016,임대한,삼,#0061aa,불펜,0.25,5.14,5.7,28.0,13,0
2016,최동환,L,#fc1cad,불펜,0.25,4.41,5.04,34.2,22,0
2016,박정진,한,#f37321,스윙,0.25,5.57,4.49,84.0,85,1
2016,배재환,N,#002b69,스윙,0.25,4.09,4.35,22.0,15,1
2016,박세진,KT,#000000,스윙,0.25,5.14,8.04,21.0,8,3
2016,이용찬,두,#042071,불펜,0.24,2.7,2.37,6.2,5,0
2016,김현우,삼,#0061aa,불펜,0.24,3.48,4.57,20.2,19,0
2016,송창현,한,#f37321,불펜,0.24,5.06,3.41,10.2,11,0
2016,정동현,KIA,#ed1c24,스윙,0.24,6.0,6.21,18.0,4,3
2016,정찬헌,L,#fc1cad,불펜,0.23,3.38,4.54,8.0,4,0
2016,김명찬,KIA,#ed1c24,불펜,0.23,4.85,4.43,13.0,10,0
2016,홍상삼,두,#042071,불펜,0.22,5.25,3.02,12.0,17,0
2016,김강률,두,#042071,불펜,0.21,5.14,5.32,28.0,21,0
2016,고봉재,두,#042071,불펜,0.21,6.17,3.49,23.1,18,0
2016,배우열,KT,#000000,불펜,0.19,4.02,4.42,40.1,29,0
2016,민성기,N,#002b69,불펜,0.19,6.04,5.57,28.1,18,0
2016,서진용,S,#ff0000,불펜,0.18,4.73,4.39,26.2,30,0
2016,서캠프,한,#f37321,스윙,0.17,6.31,5.15,41.1,36,8
2016,안상빈,KT,#000000,불펜,0.17,6.0,6.57,12.0,12,0
2016,송신영,한,#f37321,스윙,0.16,5.02,4.5,14.1,7,3
2016,김유영,롯,#888888,불펜,0.16,6.55,5.73,34.1,31,0
2016,김사율,KT,#000000,불펜,0.15,5.34,5.42,30.1,27,0
2016,박민규,삼,#0061aa,불펜,0.14,4.26,5.11,6.1,4,0
2016,정회찬,키,#86001f,불펜,0.13,6.52,7.25,9.2,2,0
2016,세든,S,#ff0000,선발,0.12,5.37,4.94,62.0,43,12
2016,김정인,키,#86001f,스윙,0.12,0.0,9.19,2.0,1,1
2016,최성영,N,#002b69,불펜,0.12,1.93,3.43,4.2,4,0
2016,정용준,키,#86001f,불펜,0.11,4.0,6.45,9.0,3,0
2016,로위,KT,#000000,선발,0.11,6.3,4.87,60.0,68,13
2016,안규영,두,#042071,스윙,0.1,6.61,6.3,47.2,24,9
2016,박준표,KIA,#ed1c24,스윙,0.1,6.27,5.25,51.2,33,2
2016,정대현,KT,#888888,선발,0.1,7.29,6.04,91.1,57,22
2016,심수창,한,#f37321,선발,0.1,5.96,5.68,113.1,76,10
2016,조한욱,S,#ff0000,불펜,0.09,0.0,7.41,2.1,2,0
2016,이정담,S,#ff0000,불펜,0.09,5.06,7.63,5.1,0,0
2016,홍성무,KT,#000000,불펜,0.09,4.0,3.9,9.0,12,0
2016,이동걸,한,#f37321,불펜,0.08,5.4,9.74,5.0,1,0
2016,금민철,키,#86001f,스윙,0.08,5.13,4.8,26.1,16,2
2016,김동호,삼,#0061aa,불펜,0.07,7.64,6.05,33.0,21,0
2016,김승현,삼,#0061aa,불펜,0.07,0.0,2.99,2.0,1,0
2016,윤길현,롯,#888888,불펜,0.07,6.0,4.88,60.0,50,0
2016,진해수,L,#fc1cad,불펜,0.07,4.67,4.91,54.0,54,0
2016,김민수,KT,#000000,불펜,0.07,6.75,5.02,8.0,6,0
2016,강영식,롯,#888888,불펜,0.05,5.4,6.32,11.2,11,0
2016,박종윤,키,#86001f,스윙,0.05,4.5,7.34,2.0,0,1
2016,김윤환,키,#86001f,불펜,0.04,0.0,7.34,1.0,0,0
2016,코프랜드,L,#fc1cad,선발,0.03,5.54,6.8,63.1,34,13
2016,정대현,롯,#888888,불펜,0.03,5.19,7.26,17.1,7,0
2016,전병두,S,#ff0000,스윙,0.03,0.0,4.24,0.1,0,1
2016,박한길,롯,#888888,불펜,0.02,6.06,4.96,16.1,10,0
2016,신승현,L,#fc1cad,불펜,0.02,4.96,5.1,45.1,31,0
2016,유경국,L,#fc1cad,스윙,0.02,6.75,8.8,5.1,0,2
2016,이용호,두,#042071,불펜,0.01,5.4,6.1,1.2,0,0
2016,홍영현,두,#042071,불펜,0.01,7.11,6.69,6.1,6,0
2016,강동연,두,#042071,불펜,0.01,8.22,7.82,7.2,6,0
2016,심동섭,KIA,#ed1c24,불펜,0.01,6.45,5.69,37.2,33,0
2016,배민관,L,#fc1cad,불펜,0.01,6.35,10.65,5.2,1,0
2016,김택형,키,#86001f,불펜,-0.01,7.62,4.88,28.1,35,0
2016,유재훈,키,#86001f,불펜,-0.02,0.0,15.34,0.1,1,0
2016,임서준,N,#002b69,스윙,-0.03,5.68,4.13,6.1,4,1
2016,채선관,KT,#000000,불펜,-0.03,27.0,22.84,0.1,0,0
2016,이영재,L,#fc1cad,스윙,-0.03,99.99,0.0,0.0,0,1
2016,함덕주,두,#042071,불펜,-0.03,6.23,6.16,8.2,7,0
2016,이성민,롯,#888888,스윙,-0.04,7.08,6.33,68.2,47,6
2016,최원태,키,#86001f,선발,-0.05,7.23,5.16,61.0,42,11
2016,오현택,두,#042071,불펜,-0.05,6.1,4.66,20.2,17,0
2016,이경우,롯,#888888,불펜,-0.05,13.5,8.94,2.0,1,0
2016,김원중,롯,#888888,스윙,-0.05,9.39,8.95,7.2,5,2
2016,박성민,두,#042071,불펜,-0.06,5.4,7.42,3.1,3,0
2016,류희운,KT,#000000,불펜,-0.06,10.8,5.89,8.1,3,0
2016,이건욱,S,#ff0000,불펜,-0.06,27.0,0.49,0.2,1,0
2016,강윤구,키,#86001f,스윙,-0.06,18.0,19.24,1.0,0,1
2016,장원삼,삼,#0061aa,선발,-0.06,7.01,5.93,78.1,53,13
2016,김대현,L,#fc1cad,불펜,-0.07,5.4,6.1,1.2,0,0
2016,이정훈,키,#86001f,불펜,-0.07,7.0,5.97,18.0,8,0
2016,강장산,N,#002b69,불펜,-0.08,11.57,17.36,2.1,1,0
2016,정재원,한,#f37321,불펜,-0.08,7.59,4.79,21.1,16,0
2016,차재용,롯,#888888,불펜,-0.08,20.25,13.35,2.2,0,0
2016,김승회,S,#ff0000,불펜,-0.08,5.92,5.26,24.1,19,0
2016,신용운,삼,#0061aa,불펜,-0.09,3.38,4.77,8.0,7,0
2016,박상혁,N,#002b69,불펜,-0.09,7.71,10.11,2.1,3,0
2016,이재우,한,#f37321,스윙,-0.09,6.04,8.65,25.1,18,3
2016,윤근영,KT,#000000,불펜,-0.1,6.75,8.27,4.0,1,0
2016,유창식,KIA,#ed1c24,불펜,-0.1,20.25,27.12,1.1,0,0
2016,강승현,롯,#888888,불펜,-0.11,9.72,6.86,8.1,7,0
2016,김범수,한,#f37321,불펜,-0.11,9.53,7.96,5.2,5,0
2016,조무근,KT,#000000,불펜,-0.11,8.61,6.18,38.2,31,0
2016,이동현,L,#fc1cad,불펜,-0.11,5.4,4.42,43.1,38,0
2016,임현준,삼,#0061aa,불펜,-0.12,36.0,19.24,1.0,0,0
2016,안지만,삼,#0061aa,불펜,-0.13,5.79,5.94,37.1,41,0
2016,피노,KT,#000000,스윙,-0.13,7.15,5.5,39.0,23,8
2016,김재영,한,#f37321,스윙,-0.13,10.32,8.47,11.1,4,2
2016,김학성,N,#002b69,스윙,-0.13,14.54,7.1,4.1,0,1
2016,이현승,두,#042071,불펜,-0.14,4.84,5.3,57.2,41,0
2016,레온,삼,#0061aa,스윙,-0.14,11.25,5.8,8.0,7,2
2016,김경태,한,#f37321,불펜,-0.14,7.71,6.1,11.2,12,0
2016,정용운,KIA,#ed1c24,스윙,-0.15,7.89,6.12,21.2,12,3
2016,최원재,KT,#000000,불펜,-0.15,8.68,3.9,9.1,11,0
2016,송승준,롯,#888888,선발,-0.15,8.71,5.58,41.1,35,10
2016,신재웅,S,#ff0000,불펜,-0.16,5.5,7.97,18.0,17,0
2016,플란데,삼,#0061aa,선발,-0.16,7.6,5.99,68.2,56,13
2016,정현욱,L,#fc1cad,불펜,-0.17,7.29,6.43,21.0,18,0
2016,곽정철,KIA,#ed1c24,불펜,-0.17,7.9,6.81,27.1,16,0
2016,배힘찬,KIA,#ed1c24,불펜,-0.17,7.94,7.1,5.2,2,0
2016,전상현,KIA,#ed1c24,스윙,-0.18,8.1,6.72,13.1,11,1
2016,홍성용,KT,#000000,불펜,-0.18,6.02,6.05,46.1,33,0
2016,박준영,N,#002b69,불펜,-0.18,6.95,5.14,33.2,33,0
2016,이준영,KIA,#ed1c24,스윙,-0.19,8.66,7.88,17.2,7,1
2016,윤지웅,L,#fc1cad,불펜,-0.19,6.55,4.63,44.0,37,0
2016,고효준,KIA,#ed1c24,스윙,-0.21,6.07,4.99,46.0,52,6
2016,김용주,한,#f37321,스윙,-0.21,9.77,6.81,15.2,12,2
2016,벨레스터,삼,#0061aa,스윙,-0.22,8.03,7.21,12.1,5,3
2016,박정배,S,#ff0000,불펜,-0.22,5.4,5.51,51.2,26,0
2016,조승수,두,#042071,불펜,-0.22,10.8,9.47,8.1,2,0
2016,엄상백,KT,#000000,스윙,-0.23,6.75,5.46,73.1,57,6
2016,유재유,L,#fc1cad,스윙,-0.27,13.5,9.94,6.2,3,1
2016,라라,S,#ff0000,스윙,-0.27,6.7,5.39,48.1,40,9
2016,김성재,롯,#888888,불펜,-0.28,7.36,10.38,3.2,3,0
2016,최충연,삼,#0061aa,스윙,-0.29,12.91,9.84,7.2,6,3
2016,장시환,KT,#000000,스윙,-0.3,6.33,5.1,75.1,67,7
2016,최성훈,L,#fc1cad,불펜,-0.31,7.15,5.25,22.2,8,0
2016,박정준,키,#86001f,불펜,-0.32,19.29,7.28,4.2,3,0
2016,장진용,L,#fc1cad,스윙,-0.33,20.25,13.48,5.1,2,2
2016,한승혁,KIA,#ed1c24,불펜,-0.34,4.86,4.94,33.1,31,0
2016,이명우,롯,#888888,스윙,-0.34,9.27,5.65,33.0,25,2
2016,황재규,한,#f37321,불펜,-0.34,24.55,8.66,3.2,2,0
2016,김성배,두,#042071,불펜,-0.36,6.03,5.77,37.1,27,0
2016,조현근,삼,#0061aa,불펜,-0.36,13.5,8.68,5.1,5,0
2016,이상화,KT,#000000,불펜,-0.37,7.99,5.9,32.2,24,0
2016,임정호,N,#002b69,불펜,-0.37,5.4,3.39,23.1,29,0
2016,이현호,두,#042071,스윙,-0.37,7.09,5.45,47.0,32,1
2016,한기주,KIA,#ed1c24,스윙,-0.44,7.62,7.22,56.2,27,5
2016,안영명,한,#f37321,스윙,-0.44,20.25,7.95,2.2,1,1
2016,양훈,키,#86001f,선발,-0.45,8.28,6.3,70.2,24,13
2016,문광은,S,#ff0000,불펜,-0.52,9.53,7.81,17.0,13,0
2016,임준혁,S,#ff0000,선발,-0.6,10.06,5.96,34.0,20,11
2016,마에스트리,한,#f37321,스윙,-0.71,9.42,7.68,28.2,23,8
2016,유원상,L,#fc1cad,불펜,-0.74,6.38,6.1,24.0,15,0
2016,김민우,한,#f37321,스윙,-0.8,15.83,7.46,9.2,7,3
2017,헥터,KIA,#ed1c24,선발,6.45,3.48,4.35,201.2,149,30
2017,박세웅,롯,#888888,선발,5.72,3.68,5.13,171.1,117,28
2017,장원준,두,#042071,선발,5.65,3.14,4.38,180.1,125,29
2017,레일리,롯,#888888,선발,5.55,3.8,4.34,187.1,156,30
2017,해커,N,#002b69,선발,5.52,3.42,4.56,160.1,97,26
2017,양현종,KIA,#ed1c24,선발,5.45,3.44,3.93,193.1,158,31
2017,켈리,S,#ff0000,선발,5.35,3.6,3.6,190.0,189,30
2017,차우찬,L,#fc1cad,선발,5.1,3.43,4.12,175.2,157,28
2017,허프,L,#fc1cad,선발,4.99,2.38,3.31,124.2,98,17
2017,피어밴드,KT,#000000,선발,4.92,3.04,4.37,160.0,132,26
2017,윤성환,삼,#0061aa,선발,4.8,4.28,4.77,174.1,130,28
2017,소사,L,#fc1cad,선발,4.8,3.88,3.53,185.1,153,29
2017,팻딘,KIA,#ed1c24,선발,4.36,4.14,4.61,176.0,143,29
2017,니퍼트,두,#042071,선발,4.07,4.06,4.79,179.2,161,30
2017,박종훈,S,#ff0000,선발,3.72,4.1,5.44,151.1,107,28
2017,최원태,키,#86001f,선발,3.65,4.46,4.57,149.1,126,25
2017,밴헤켄,키,#86001f,선발,3.6,3.77,3.8,138.1,139,24
2017,함덕주,두,#042071,선발,3.46,3.67,3.88,137.1,139,24
2017,송승준,롯,#888888,선발,3.45,4.21,4.84,130.1,113,22
2017,맨쉽,N,#002b69,선발,3.37,3.67,4.14,112.2,86,21
2017,유희관,두,#042071,선발,3.31,4.53,4.9,188.2,106,29
2017,임기영,KIA,#ed1c24,선발,3.25,3.65,4.17,118.1,73,19
2017,다이아몬드,S,#ff0000,선발,3.25,4.42,5.1,134.1,59,24
2017,브리검,키,#86001f,선발,3.23,4.38,4.75,144.0,98,24
2017,오간도,한,#f37321,선발,2.65,3.93,4.55,110.0,74,19
2017,비야누에바,한,#f37321,선발,2.62,4.18,4.74,112.0,68,20
2017,고영표,KT,#000000,선발,2.58,5.08,3.75,141.2,125,24
2017,임찬규,L,#fc1cad,선발,2.53,4.63,4.78,124.1,113,26
2017,손승락,롯,#888888,불펜,2.51,2.18,3.55,62.0,62,0
2017,백정현,삼,#0061aa,선발,2.5,4.38,4.47,100.2,94,14
2017,린드블럼,롯,#888888,선발,2.45,3.72,4.08,72.2,76,12
2017,신재영,키,#86001f,선발,2.44,4.54,5.03,125.0,75,15
2017,로치,KT,#000000,선발,2.35,4.69,5.38,165.0,99,28
2017,김진성,N,#002b69,불펜,2.18,3.61,4.13,89.2,98,0
2017,배영수,한,#f37321,선발,1.96,5.06,5.12,128.0,86,25
2017,문승원,S,#ff0000,선발,1.95,5.33,6.03,155.1,86,29
2017,김강률,두,#042071,불펜,1.94,3.44,4.18,89.0,73,0
2017,윤규진,한,#f37321,선발,1.93,5.22,5.4,119.0,93,18
2017,임창민,N,#002b69,불펜,1.92,3.68,4.79,66.0,62,0
2017,정우람,한,#f37321,불펜,1.87,2.75,3.01,59.0,78,0
2017,김원중,롯,#888888,선발,1.72,5.7,5.53,107.1,87,24
2017,심창민,삼,#0061aa,불펜,1.72,4.18,4.58,75.1,103,0
2017,박진형,롯,#888888,스윙,1.72,5.11,4.35,88.0,95,9
2017,장현식,N,#002b69,선발,1.61,5.29,5.21,134.1,120,22
2017,보우덴,두,#042071,선발,1.61,4.64,6.35,87.1,51,17
2017,한현희,키,#86001f,선발,1.61,4.47,4.9,106.2,79,13
2017,원종현,N,#002b69,불펜,1.46,4.39,3.61,80.0,69,0
2017,김윤동,KIA,#ed1c24,스윙,1.43,4.59,5.56,80.1,66,1
2017,김상수,키,#86001f,불펜,1.39,3.82,4.39,61.1,62,0
2017,김성민,키,#86001f,선발,1.37,4.93,5.43,87.2,75,15
2017,박정배,S,#ff0000,불펜,1.3,3.57,5.39,68.0,49,0
2017,류제국,L,#fc1cad,선발,1.27,5.35,4.82,131.1,107,25
2017,이민호,N,#002b69,스윙,1.25,4.06,4.35,88.2,86,3
2017,페트릭,삼,#0061aa,선발,1.24,6.18,5.5,134.0,87,24
2017,이상화,KT,#000000,불펜,1.18,3.95,3.61,66.0,57,0
2017,이용찬,두,#042071,불펜,1.14,4.4,4.35,71.2,57,0
2017,김대현,L,#fc1cad,선발,1.13,5.36,5.74,94.0,49,16
2017,윤희상,S,#ff0000,선발,1.12,6.0,5.2,120.0,82,22
2017,임창용,KIA,#ed1c24,불펜,1.12,3.78,3.57,50.0,58,0
2017,엄상백,KT,#000000,불펜,1.1,4.15,4.57,52.0,39,0
2017,오주원,키,#86001f,스윙,1.08,4.76,4.59,73.2,56,3
2017,구창모,N,#002b69,선발,1.06,5.32,4.99,115.0,118,25
2017,장필준,삼,#0061aa,불펜,1.02,4.68,3.47,67.1,82,0
2017,김재영,한,#f37321,선발,1.01,4.54,5.09,85.1,51,15
2017,우규민,삼,#0061aa,선발,1.0,5.21,4.94,133.0,100,25
2017,서진용,S,#ff0000,불펜,0.99,3.91,3.8,46.0,55,0
2017,배장호,롯,#888888,불펜,0.97,4.34,5.12,66.1,47,0
2017,고효준,KIA,#ed1c24,스윙,0.94,4.27,4.41,40.0,35,1
2017,진해수,L,#fc1cad,불펜,0.9,3.93,4.23,52.2,48,0
2017,장시환,롯,#888888,불펜,0.88,4.38,4.81,51.1,57,0
2017,김명신,두,#042071,스윙,0.85,4.37,3.94,45.1,38,2
2017,김유영,롯,#888888,스윙,0.8,4.44,5.04,48.2,41,1
2017,조상우,키,#86001f,스윙,0.79,4.87,3.59,44.1,45,7
2017,신재웅,S,#ff0000,불펜,0.76,3.19,4.52,31.0,29,0
2017,김승회,두,#042071,불펜,0.72,4.96,4.7,69.0,41,0
2017,이재학,N,#002b69,선발,0.7,5.67,5.36,119.0,117,23
2017,임기준,KIA,#ed1c24,스윙,0.68,3.27,5.5,22.0,12,4
2017,이동걸,한,#f37321,불펜,0.67,4.17,5.01,36.2,22,0
2017,백인식,S,#ff0000,스윙,0.67,2.41,4.36,18.2,10,2
2017,하영민,키,#86001f,스윙,0.65,4.76,6.3,45.1,23,2
2017,이현승,두,#042071,불펜,0.6,3.98,4.37,52.0,38,0
2017,애디튼,롯,#888888,선발,0.58,5.91,4.58,70.0,60,13
2017,조정훈,롯,#888888,불펜,0.58,3.91,3.62,23.0,25,0
2017,박정진,한,#f37321,불펜,0.57,3.94,4.78,48.0,51,0
2017,강동호,롯,#888888,불펜,0.54,4.79,6.06,41.1,26,0
2017,임정우,L,#fc1cad,불펜,0.54,2.7,3.67,16.2,17,0
2017,김재윤,KT,#000000,불펜,0.52,5.79,3.28,37.1,31,0
2017,권오준,삼,#0061aa,불펜,0.51,5.14,5.09,56.0,55,0
2017,김경태,한,#f37321,불펜,0.49,1.42,3.54,12.2,17,0
2017,이민우,KIA,#ed1c24,스윙,0.49,2.84,4.55,12.2,9,2
2017,심동섭,KIA,#ed1c24,스윙,0.46,5.68,4.19,50.2,50,2
2017,안영명,한,#f37321,선발,0.46,5.75,5.16,87.2,54,16
2017,장원삼,삼,#0061aa,스윙,0.46,5.61,4.59,67.1,55,5
2017,강윤구,N,#002b69,스윙,0.44,4.45,6.4,54.2,51,5
2017,이동현,L,#fc1cad,불펜,0.43,4.8,3.71,50.2,39,0
2017,이형범,N,#002b69,스윙,0.42,3.07,5.73,29.1,14,4
2017,임정호,N,#002b69,불펜,0.42,4.45,4.3,30.1,33,0
2017,정재원,한,#f37321,불펜,0.4,3.43,5.5,21.0,9,0
2017,이보근,키,#86001f,불펜,0.38,5.47,4.49,52.2,58,0
2017,윤지웅,L,#fc1cad,스윙,0.37,3.86,5.06,35.0,22,3
2017,박상원,한,#f37321,불펜,0.37,4.15,5.36,21.2,13,0
2017,윤근영,KT,#000000,불펜,0.35,3.5,6.18,18.0,11,0
2017,임준혁,S,#ff0000,불펜,0.33,4.57,5.52,45.1,30,0
2017,금민철,키,#86001f,스윙,0.31,6.33,4.99,54.0,42,7
2017,이영하,두,#042071,스윙,0.29,5.55,6.7,35.2,26,3
2017,정용운,KIA,#ed1c24,선발,0.27,5.92,6.56,59.1,32,11
2017,서균,한,#f37321,불펜,0.27,4.4,5.42,14.1,10,0
2017,심수창,한,#f37321,불펜,0.25,4.74,4.76,57.0,54,0
2017,고우석,L,#fc1cad,불펜,0.24,4.5,4.46,26.0,23,0
2017,강승현,한,#f37321,스윙,0.22,5.87,4.05,38.1,40,1
2017,이정민,롯,#888888,불펜,0.2,5.4,6.69,26.2,11,0
2017,진명호,롯,#888888,불펜,0.18,0.0,3.81,5.0,7,0
2017,손주영,L,#fc1cad,불펜,0.18,4.5,3.16,6.0,5,0
2017,양훈,키,#86001f,스윙,0.17,7.16,5.5,16.1,5,2
2017,김정인,키,#86001f,스윙,0.16,5.93,2.96,13.2,13,1
2017,김명찬,KIA,#ed1c24,불펜,0.15,3.6,4.45,5.0,2,0
2017,윤수호,N,#002b69,불펜,0.15,5.36,4.97,47.0,42,0
2017,이태양,한,#f37321,선발,0.13,7.17,6.87,59.0,29,12
2017,윤길현,롯,#888888,불펜,0.13,6.41,3.96,39.1,43,0
2017,홍성용,KT,#000000,스윙,0.13,6.23,6.44,39.0,22,1
2017,이영준,키,#86001f,불펜,0.11,5.4,5.24,8.1,4,0
2017,신승현,L,#fc1cad,불펜,0.11,0.0,4.37,3.2,1,0
2017,김동호,삼,#0061aa,스윙,0.1,6.75,5.75,36.0,16,1
2017,윤영삼,키,#86001f,스윙,0.1,5.62,4.87,49.2,46,2
2017,최지광,삼,#0061aa,스윙,0.1,6.48,5.71,25.0,23,6
2017,장지훈,삼,#0061aa,불펜,0.09,0.0,0.18,2.1,5,0
2017,차재용,롯,#888888,불펜,0.09,0.0,2.06,2.1,2,0
2017,김주한,S,#ff0000,스윙,0.08,5.94,5.86,69.2,45,3
2017,김승현,삼,#0061aa,불펜,0.08,5.77,6.84,43.2,37,0
2017,장민익,두,#042071,불펜,0.08,0.0,4.81,2.0,2,0
2017,강장산,KT,#000000,불펜,0.08,5.47,6.28,26.1,16,0
2017,유재유,L,#fc1cad,불펜,0.07,3.6,6.19,5.0,1,0
2017,박승주,키,#86001f,불펜,0.07,3.0,8.34,3.0,0,0
2017,임현준,삼,#0061aa,불펜,0.07,5.06,5.01,10.2,4,0
2017,최성훈,L,#fc1cad,불펜,0.07,4.09,5.58,22.0,16,0
2017,이명우,롯,#888888,불펜,0.06,5.74,5.19,26.2,15,0
2017,이승현,삼,#0061aa,불펜,0.06,5.12,7.87,31.2,25,0
2017,여건욱,L,#fc1cad,불펜,0.06,0.0,3.82,3.1,3,0
2017,심재민,KT,#000000,스윙,0.06,5.18,5.02,74.2,69,2
2017,성영훈,두,#042071,불펜,0.04,0.0,7.31,1.0,0,0
2017,송은범,한,#f37321,스윙,0.04,6.51,6.64,37.1,15,6
2017,손동욱,키,#86001f,불펜,0.04,0.0,4.81,1.0,1,0
2017,고봉재,두,#042071,불펜,0.04,0.0,7.31,1.0,0,0
2017,김도영,KT,#000000,불펜,0.04,0.0,4.21,1.0,0,0
2017,류재인,N,#002b69,불펜,0.03,0.0,4.21,0.2,0,0
2017,김성배,두,#042071,불펜,0.02,5.32,5.55,44.0,33,0
2017,김지용,L,#fc1cad,불펜,0.02,5.09,6.16,53.0,39,0
2017,박종윤,키,#86001f,불펜,0.02,6.75,6.06,4.0,2,0
2017,강영식,롯,#888888,불펜,0.02,3.86,3.39,2.1,2,0
2017,유원상,L,#fc1cad,불펜,0.01,6.14,5.98,7.1,1,0
2017,민태호,N,#002b69,불펜,0.01,6.23,5.35,8.2,7,0
2017,김사율,KT,#000000,스윙,0.01,7.27,5.39,34.2,28,5
2017,김해수,키,#86001f,불펜,-0.01,9.0,11.01,1.0,1,0
2017,임치영,S,#ff0000,불펜,-0.01,9.0,1.71,1.0,1,0
2017,김정빈,S,#ff0000,불펜,-0.02,9.0,5.84,3.0,3,0
2017,안규현,삼,#0061aa,불펜,-0.02,9.0,9.16,2.0,1,0
2017,김세현,KIA,#ed1c24,불펜,-0.02,5.4,3.8,50.0,47,0
2017,안성무,삼,#0061aa,스윙,-0.03,7.71,7.46,11.2,8,3
2017,정동윤,S,#ff0000,불펜,-0.03,9.0,9.41,3.0,1,0
2017,전용훈,두,#042071,불펜,-0.03,6.0,3.23,9.0,6,0
2017,김홍빈,키,#86001f,불펜,-0.03,7.36,4.53,7.1,4,0
2017,이용호,두,#042071,불펜,-0.03,27.0,22.81,0.1,0,0
2017,정동현,KIA,#ed1c24,스윙,-0.06,11.57,9.82,2.1,2,1
2017,허건엽,S,#ff0000,불펜,-0.06,8.64,5.48,8.1,3,0
2017,홍건희,KIA,#ed1c24,스윙,-0.06,6.41,4.69,59.0,41,2
2017,배민관,L,#fc1cad,불펜,-0.07,9.82,9.47,3.2,2,0
2017,김시현,삼,#0061aa,불펜,-0.08,7.59,7.03,21.1,16,0
2017,박진태,KIA,#ed1c24,스윙,-0.09,6.55,5.6,57.2,24,2
2017,김찬호,S,#ff0000,불펜,-0.09,11.81,4.88,5.1,6,0
2017,송신영,한,#f37321,불펜,-0.09,4.26,2.82,6.1,6,0
2017,배재환,N,#002b69,스윙,-0.1,9.0,11.23,8.0,4,1
2017,김진영,한,#f37321,불펜,-0.1,10.13,2.78,2.2,4,0
2017,정대현,키,#86001f,선발,-0.1,7.06,6.74,66.1,27,10
2017,고원준,두,#042071,스윙,-0.11,10.61,5.26,9.1,6,3
2017,최동환,L,#fc1cad,불펜,-0.11,5.68,6.62,38.0,31,0
2017,김태훈,S,#ff0000,스윙,-0.12,6.53,6.03,41.1,34,6
2017,박경태,KIA,#ed1c24,불펜,-0.12,9.0,4.66,4.0,3,0
2017,임진우,두,#042071,불펜,-0.12,27.0,4.81,1.0,1,0
2017,신정락,L,#fc1cad,불펜,-0.13,5.34,4.24,59.0,58,0
2017,주권,KT,#000000,선발,-0.13,6.61,6.36,81.2,47,12
2017,박세진,KT,#000000,스윙,-0.13,9.53,4.63,11.1,8,3
2017,김종훈,KIA,#ed1c24,불펜,-0.14,36.0,17.31,1.0,2,0
2017,최영필,KIA,#ed1c24,불펜,-0.14,20.25,4.66,1.1,1,0
2017,안규영,두,#042071,불펜,-0.14,13.5,6.98,5.1,4,0
2017,정수민,N,#002b69,스윙,-0.14,6.75,6.56,28.0,28,1
2017,이수민,삼,#0061aa,불펜,-0.14,10.13,5.59,2.2,1,0
2017,이건욱,S,#ff0000,불펜,-0.15,33.75,18.23,1.1,1,0
2017,조근종,KT,#000000,불펜,-0.15,22.5,5.46,2.0,5,0
2017,박정준,키,#86001f,불펜,-0.15,9.64,6.61,4.2,4,0
2017,최원재,KT,#000000,불펜,-0.16,13.5,10.76,2.0,2,0
2017,문광은,S,#ff0000,불펜,-0.16,7.05,4.84,44.2,41,0
2017,최금강,N,#002b69,선발,-0.16,7.33,6.37,89.2,51,13
2017,홍상삼,두,#042071,스윙,-0.16,7.94,6.95,17.0,7,2
2017,배제성,KT,#000000,스윙,-0.16,8.72,6.48,32.0,21,1
2017,최충연,삼,#0061aa,스윙,-0.16,7.61,5.77,84.0,74,6
2017,정인욱,삼,#0061aa,스윙,-0.18,9.84,7.19,32.0,27,7
2017,이종혁,KT,#000000,불펜,-0.18,6.63,7.22,19.0,10,0
2017,박지훈,KIA,#ed1c24,불펜,-0.19,7.07,5.49,14.0,10,0
2017,오윤성,키,#86001f,불펜,-0.2,11.74,6.95,7.2,4,0
2017,남재현,KIA,#ed1c24,불펜,-0.2,11.74,6.79,7.2,8,0
2017,마정길,키,#86001f,불펜,-0.2,10.45,7.47,10.1,7,0
2017,레나도,삼,#0061aa,선발,-0.22,6.8,7.54,49.0,28,11
2017,김현우,삼,#0061aa,불펜,-0.22,9.28,7.54,10.2,11,0
2017,전유수,S,#ff0000,불펜,-0.23,6.53,4.76,20.2,20,0
2017,박치국,두,#042071,스윙,-0.25,6.75,5.46,32.0,23,3
2017,송창식,한,#f37321,불펜,-0.25,6.63,5.49,73.1,64,0
2017,박근홍,삼,#0061aa,불펜,-0.27,9.39,6.71,15.1,14,0
2017,황덕균,키,#86001f,불펜,-0.28,9.6,7.37,15.0,5,0
2017,홍성무,KT,#000000,불펜,-0.28,12.79,7.44,6.1,4,0
2017,김건태,키,#86001f,불펜,-0.29,12.0,5.14,6.0,5,0
2017,조무근,KT,#000000,불펜,-0.3,7.36,5.14,14.2,9,0
2017,최성영,N,#002b69,불펜,-0.3,9.53,9.1,11.1,8,0
2017,박시영,롯,#888888,스윙,-0.3,6.47,6.53,57.0,52,3
2017,김대유,S,#ff0000,불펜,-0.31,9.64,5.81,4.2,3,0
2017,황수범,삼,#0061aa,스윙,-0.31,8.04,6.87,31.1,26,7
2017,김진우,KIA,#ed1c24,스윙,-0.31,7.93,6.79,36.1,21,8
2017,이현호,두,#042071,스윙,-0.37,5.7,6.45,30.0,19,2
2017,임대한,삼,#0061aa,불펜,-0.39,9.0,7.76,14.0,13,0
2017,배우열,KT,#000000,불펜,-0.4,8.65,5.4,34.1,33,0
2017,류희운,KT,#000000,선발,-0.4,7.67,7.58,81.0,52,14
2017,권혁,한,#f37321,불펜,-0.4,6.32,6.51,31.1,17,0
2017,채병용,S,#ff0000,불펜,-0.43,6.84,5.01,50.0,43,0
2017,김범수,한,#f37321,스윙,-0.46,8.71,8.3,31.0,16,5
2017,배힘찬,KIA,#ed1c24,스윙,-0.48,29.7,11.92,3.1,4,1
2017,오설리반,키,#86001f,스윙,-0.54,15.75,6.47,8.0,6,2
2017,노경은,롯,#888888,스윙,-0.56,11.66,7.99,14.2,8,2
2017,정성곤,KT,#000000,선발,-0.58,8.11,6.1,107.2,72,20
2017,정영일,S,#ff0000,불펜,-0.59,10.13,10.76,8.0,2,0
2017,김민우,한,#f37321,스윙,-0.59,17.18,7.93,7.1,5,2
2017,박희수,S,#ff0000,불펜,-0.61,6.63,6.52,38.0,29,0
2017,이충호,한,#f37321,불펜,-0.62,13.5,9.69,11.1,8,0
2017,한승혁,KIA,#ed1c24,불펜,-0.65,7.15,4.56,39.0,42,0
2017,손영민,KIA,#ed1c24,불펜,-0.66,10.8,6.13,13.1,9,0
2017,박주현,키,#86001f,불펜,-0.66,34.71,13.29,2.1,0,0
2017,정찬헌,L,#fc1cad,불펜,-0.66,5.84,3.97,61.2,57,0
2017,김광수,KIA,#ed1c24,불펜,-0.83,11.76,7.35,20.2,10,0
2017,장민재,한,#f37321,스윙,-0.97,7.76,6.34,62.2,30,5
2017,김대우,삼,#0061aa,스윙,-1.17,9.54,6.58,50.0,28,7
2017,조승수,두,#042071,불펜,0.0,0.0,0.0,0.0,0,0
2018,린드블럼,두,#042071,선발,6.71,2.88,3.99,168.2,157,26
2018,윌슨,L,#fc1cad,선발,6.28,3.07,3.66,170.0,149,26
2018,브리검,키,#86001f,선발,6.13,3.84,4.36,199.0,175,30
2018,김광현,S,#ff0000,선발,5.39,2.98,4.09,136.0,130,25
2018,소사,L,#fc1cad,선발,5.21,3.52,3.43,181.1,181,27
2018,양현종,KIA,#ed1c24,선발,5.14,4.15,4.4,184.1,152,29
2018,후랭코프,두,#042071,선발,4.72,3.74,4.66,149.1,134,28
2018,이용찬,두,#042071,선발,4.69,3.63,4.68,144.0,102,24
2018,니퍼트,KT,#000000,선발,4.62,4.25,4.59,175.2,165,28
2018,켈리,S,#ff0000,선발,4.32,4.09,4.33,158.1,161,28
2018,박종훈,S,#ff0000,선발,4.27,4.18,4.89,159.1,133,30
2018,최원태,키,#86001f,선발,4.16,3.95,4.24,134.1,101,23
2018,노경은,롯,#888888,선발,3.69,4.08,5.06,132.1,89,19
2018,레일리,롯,#888888,선발,3.66,4.74,4.69,178.1,178,30
2018,아델만,삼,#0061aa,선발,3.5,5.05,4.91,171.0,137,31
2018,피어밴드,KT,#000000,선발,3.39,4.3,4.7,163.1,141,26
2018,한현희,키,#86001f,선발,3.28,4.79,5.61,169.0,105,28
2018,이재학,N,#002b69,선발,3.26,4.79,4.64,152.1,116,29
2018,최충연,삼,#0061aa,불펜,3.08,3.6,3.2,85.0,101,0
2018,보니야,삼,#0061aa,선발,3.08,5.3,5.11,168.0,151,29
2018,샘슨,한,#f37321,선발,3.07,4.68,4.19,161.2,195,29
2018,헥터,KIA,#ed1c24,선발,2.98,4.6,4.78,174.0,137,29
2018,백정현,삼,#0061aa,선발,2.93,4.58,5.04,125.2,99,23
2018,문승원,S,#ff0000,선발,2.89,4.6,5.06,150.2,122,27
2018,듀브론트,롯,#888888,선발,2.7,4.92,5.05,137.1,109,25
2018,왕웨이중,N,#002b69,선발,2.58,4.26,4.68,141.2,108,25
2018,김태훈,S,#ff0000,스윙,2.55,3.83,4.04,94.0,93,4
2018,베렛,N,#002b69,선발,2.54,5.28,5.23,155.0,144,29
2018,송은범,한,#f37321,불펜,2.46,2.5,4.21,79.1,61,0
2018,산체스,S,#ff0000,선발,2.43,4.89,5.3,145.1,124,26
2018,함덕주,두,#042071,불펜,2.42,2.96,4.02,67.0,75,0
2018,로저스,키,#86001f,선발,2.38,3.8,4.18,83.0,65,13
2018,고영표,KT,#000000,선발,2.28,5.13,4.26,142.0,134,23
2018,이태양,한,#f37321,불펜,2.27,2.84,4.18,79.1,85,0
2018,손승락,롯,#888888,불펜,2.23,3.9,2.92,57.2,60,0
2018,박상원,한,#f37321,불펜,2.12,2.1,3.65,60.0,62,0
2018,금민철,KT,#000000,선발,2.06,5.41,6.0,156.1,79,29
2018,김윤동,KIA,#ed1c24,불펜,1.81,3.7,5.17,82.2,79,0
2018,장필준,삼,#0061aa,불펜,1.8,4.34,4.04,66.1,74,0
2018,김재영,한,#f37321,선발,1.78,5.66,6.06,111.1,56,21
2018,양창섭,삼,#0061aa,선발,1.75,5.05,6.14,87.1,49,17
2018,심창민,삼,#0061aa,불펜,1.74,4.07,5.34,66.1,68,0
2018,휠러,한,#f37321,선발,1.72,5.13,4.78,101.2,94,19
2018,박치국,두,#042071,불펜,1.72,3.63,3.97,67.0,60,0
2018,구창모,N,#002b69,선발,1.68,5.35,5.42,133.0,116,23
2018,헤일,한,#f37321,선발,1.66,4.34,4.69,66.1,55,12
2018,우규민,삼,#0061aa,불펜,1.64,4.3,4.36,58.2,48,0
2018,이영하,두,#042071,선발,1.59,5.28,5.56,122.2,90,17
2018,김강률,두,#042071,불펜,1.53,4.62,3.84,76.0,81,0
2018,신재웅,S,#ff0000,불펜,1.5,2.77,5.15,52.0,43,0
2018,정우람,한,#f37321,불펜,1.44,3.4,3.81,53.0,56,0
2018,해커,키,#86001f,선발,1.37,5.2,6.34,79.2,56,13
2018,구승민,롯,#888888,불펜,1.34,3.67,5.04,73.2,75,0
2018,오현택,롯,#888888,불펜,1.29,3.76,4.65,64.2,63,0
2018,차우찬,L,#fc1cad,선발,1.14,6.09,5.84,170.0,136,29
2018,임창용,KIA,#ed1c24,선발,1.13,5.42,5.56,86.1,84,12
2018,한승혁,KIA,#ed1c24,선발,1.11,5.83,5.27,88.0,65,19
2018,임찬규,L,#fc1cad,선발,1.1,5.77,5.33,146.2,125,27
2018,임기준,KIA,#ed1c24,불펜,1.06,3.54,5.26,56.0,45,0
2018,김승회,두,#042071,불펜,1.0,3.46,5.69,54.2,34,0
2018,진명호,롯,#888888,불펜,0.99,4.38,5.22,61.2,65,0
2018,팻딘,KIA,#ed1c24,선발,0.96,6.26,5.21,129.1,101,21
2018,임기영,KIA,#ed1c24,선발,0.91,6.26,6.29,105.0,68,19
2018,김재윤,KT,#000000,불펜,0.9,4.57,4.4,61.0,66,0
2018,최채흥,삼,#0061aa,스윙,0.87,3.21,5.24,28.0,25,4
2018,윤희상,S,#ff0000,스윙,0.87,5.12,4.6,51.0,44,1
2018,이보근,키,#86001f,불펜,0.85,4.28,4.17,61.0,54,0
2018,김원중,롯,#888888,선발,0.81,6.94,6.14,145.1,137,30
2018,문경찬,KIA,#ed1c24,불펜,0.8,4.72,5.37,55.1,46,0
2018,장민재,한,#f37321,스윙,0.8,4.68,5.23,59.2,42,3
2018,정성곤,KT,#000000,불펜,0.8,2.96,4.85,24.1,23,0
2018,박희수,S,#ff0000,불펜,0.79,3.27,4.13,33.0,30,0
2018,김성훈,한,#f37321,스윙,0.75,3.58,4.25,27.2,28,5
2018,안영명,한,#f37321,스윙,0.73,5.73,5.54,66.0,48,1
2018,윤규진,한,#f37321,선발,0.73,5.89,5.25,84.0,81,17
2018,윤길현,롯,#888888,불펜,0.69,4.64,5.0,33.0,29,0
2018,송승준,롯,#888888,선발,0.69,6.15,4.93,79.0,68,15
2018,권오준,삼,#0061aa,불펜,0.68,3.95,4.34,43.1,52,0
2018,최성영,N,#002b69,스윙,0.65,5.88,5.56,64.1,57,8
2018,임현준,삼,#0061aa,불펜,0.65,3.9,5.08,27.2,26,0
2018,양현,키,#86001f,불펜,0.62,3.58,5.6,32.2,20,0
2018,윤성빈,롯,#888888,선발,0.62,6.39,4.7,50.2,65,10
2018,유승철,KIA,#ed1c24,불펜,0.61,4.37,5.38,47.1,44,0
2018,신재영,키,#86001f,선발,0.58,6.75,7.6,101.1,53,21
2018,황인준,KIA,#ed1c24,스윙,0.57,4.96,5.78,52.2,35,2
2018,이승호,키,#86001f,스윙,0.57,5.6,6.14,45.0,38,4
2018,유희관,두,#042071,선발,0.55,6.7,5.86,141.0,81,28
2018,최동환,L,#fc1cad,불펜,0.54,4.62,5.56,37.0,28,0
2018,윤성환,삼,#0061aa,선발,0.53,6.98,6.37,117.1,89,24
2018,김민,KT,#000000,스윙,0.51,5.06,6.52,37.1,25,9
2018,류희운,KT,#000000,스윙,0.49,4.91,6.86,44.0,28,2
2018,배재환,N,#002b69,불펜,0.48,4.5,6.12,36.0,34,0
2018,이승진,S,#ff0000,스윙,0.48,4.57,5.56,41.1,37,2
2018,정인욱,삼,#0061aa,불펜,0.46,3.48,4.52,31.0,27,0
2018,장원삼,삼,#0061aa,스윙,0.46,6.16,4.97,38.0,27,8
2018,김상수,키,#86001f,불펜,0.44,5.17,4.55,55.2,68,0
2018,심재민,KT,#000000,불펜,0.44,4.61,4.96,41.0,36,0
2018,오주원,키,#86001f,불펜,0.43,6.19,5.16,52.1,36,0
2018,박신지,두,#042071,불펜,0.42,3.0,6.19,21.0,16,0
2018,김민우,한,#f37321,선발,0.42,6.52,6.32,99.1,73,20
2018,배영수,한,#f37321,선발,0.42,6.63,4.69,55.2,47,11
2018,원종현,N,#002b69,불펜,0.41,5.18,5.35,64.1,36,0
2018,신정락,L,#fc1cad,스윙,0.4,5.86,4.17,50.2,56,1
2018,김사율,KT,#000000,스윙,0.39,5.76,6.39,45.1,35,3
2018,정수민,N,#002b69,스윙,0.38,6.05,6.68,58.0,38,7
2018,박진우,N,#002b69,스윙,0.37,3.66,4.75,19.2,15,1
2018,김건국,롯,#888888,스윙,0.36,2.53,3.64,10.2,9,1
2018,이현승,두,#042071,불펜,0.36,4.99,5.6,30.2,21,0
2018,김정후,두,#042071,불펜,0.34,3.63,7.0,17.1,12,0
2018,김건태,N,#002b69,스윙,0.33,5.43,5.89,53.0,39,9
2018,이형범,N,#002b69,스윙,0.31,5.17,5.75,54.0,22,4
2018,이명우,롯,#888888,스윙,0.3,5.32,3.76,44.0,25,1
2018,채병용,S,#ff0000,불펜,0.29,4.8,7.2,30.0,15,0
2018,김승현,삼,#0061aa,불펜,0.28,4.45,5.13,32.1,29,0
2018,서진용,S,#ff0000,불펜,0.28,6.12,6.21,50.0,58,0
2018,윤영삼,키,#86001f,불펜,0.27,4.85,3.29,29.2,32,0
2018,배재준,L,#fc1cad,스윙,0.26,4.42,4.3,38.2,41,5
2018,이현호,두,#042071,스윙,0.26,6.11,5.54,28.0,23,2
2018,김동준,키,#86001f,스윙,0.26,6.04,6.39,47.2,36,3
2018,최성훈,L,#fc1cad,불펜,0.25,3.78,6.78,16.2,14,0
2018,홍성용,KT,#000000,불펜,0.25,5.4,5.31,45.0,42,0
2018,김범수,한,#f37321,스윙,0.23,5.77,5.2,48.1,54,3
2018,홍상삼,두,#042071,불펜,0.22,4.3,5.9,14.2,13,0
2018,전유수,S,#ff0000,불펜,0.22,5.5,5.97,18.0,15,0
2018,장시환,롯,#888888,불펜,0.22,4.66,4.83,36.2,44,0
2018,김영준,L,#fc1cad,스윙,0.21,4.35,6.84,20.2,16,2
2018,이상민,키,#86001f,불펜,0.21,0.0,3.94,4.2,2,0
2018,고우석,L,#fc1cad,불펜,0.2,5.91,6.42,67.0,44,0
2018,배민관,L,#fc1cad,불펜,0.2,1.64,3.54,11.0,11,0
2018,송창식,한,#f37321,불펜,0.16,4.97,5.87,12.2,8,0
2018,임준섭,한,#f37321,불펜,0.15,4.32,6.58,8.1,6,0
2018,이종혁,KT,#000000,불펜,0.15,4.66,4.75,48.1,31,0
2018,정성종,롯,#888888,불펜,0.15,6.16,5.49,19.0,12,0
2018,전인환,L,#fc1cad,불펜,0.14,4.76,4.22,5.2,4,0
2018,정용운,KIA,#ed1c24,스윙,0.14,6.3,6.77,10.0,5,3
2018,엄상백,KT,#000000,불펜,0.14,5.44,4.47,46.1,44,0
2018,정영일,S,#ff0000,불펜,0.14,5.32,6.13,44.0,33,0
2018,김종수,한,#f37321,불펜,0.13,1.8,6.23,5.0,1,0
2018,박준표,KIA,#ed1c24,불펜,0.12,0.0,4.95,2.0,2,0
2018,김진영,한,#f37321,스윙,0.12,7.94,4.51,11.1,9,2
2018,배우열,KT,#000000,불펜,0.11,1.59,2.02,5.2,9,0
2018,남윤성,S,#ff0000,불펜,0.11,5.19,6.29,8.2,3,0
2018,여건욱,L,#fc1cad,스윙,0.1,4.76,4.86,22.2,15,1
2018,김재균,N,#002b69,스윙,0.1,3.18,7.51,5.2,4,1
2018,이상화,KT,#000000,불펜,0.09,2.61,2.76,10.1,14,0
2018,전상현,KIA,#ed1c24,스윙,0.09,6.1,5.31,10.1,7,2
2018,김택형,S,#ff0000,불펜,0.09,7.71,5.67,11.2,11,0
2018,김성민,키,#86001f,스윙,0.09,6.19,4.91,48.0,45,1
2018,김진욱,한,#f37321,스윙,0.08,6.35,5.86,5.2,4,1
2018,배장호,롯,#888888,불펜,0.08,5.92,5.75,24.1,13,0
2018,한기주,삼,#0061aa,스윙,0.07,6.69,6.22,39.0,30,1
2018,유재유,두,#042071,스윙,0.07,7.11,7.19,6.1,5,1
2018,정동윤,S,#ff0000,불펜,0.06,3.38,7.16,2.2,3,0
2018,권혁,한,#f37321,불펜,0.06,4.91,5.14,11.0,11,0
2018,배제성,KT,#000000,불펜,0.06,0.0,3.87,4.0,2,0
2018,김대우,삼,#888888,스윙,0.04,7.93,7.4,36.1,15,7
2018,고창성,KT,#000000,불펜,0.04,6.69,6.27,37.2,23,0
2018,문성현,키,#86001f,불펜,0.04,0.0,4.95,1.0,1,0
2018,장지훈,삼,#0061aa,불펜,0.04,0.0,1.85,1.0,1,0
2018,임정우,L,#fc1cad,불펜,0.04,0.0,9.9,0.2,1,0
2018,박정준,키,#86001f,불펜,0.03,0.0,6.5,2.0,2,0
2018,심규범,N,#002b69,불펜,0.03,0.0,4.35,0.2,0,0
2018,강승현,한,#f37321,불펜,0.02,5.4,8.49,1.2,2,0
2018,김민수,KT,#000000,불펜,0.02,9.0,4.95,1.0,1,0
2018,김태오,KT,#000000,스윙,0.02,6.0,6.57,21.0,14,4
2018,김용하,삼,#0061aa,불펜,0.02,9.0,8.25,3.0,4,0
2018,성동현,L,#fc1cad,불펜,0.01,0.0,4.35,0.1,0,0
2018,이우석,N,#002b69,불펜,0.01,0.0,6.15,0.1,1,0
2018,봉민호,S,#ff0000,불펜,0.01,6.75,9.52,1.1,2,0
2018,손주영,L,#fc1cad,스윙,0.0,8.49,7.1,11.2,7,3
2018,조무근,롯,#888888,불펜,-0.01,13.5,14.55,0.2,1,0
2018,홍성민,롯,#888888,불펜,-0.01,12.27,6.39,3.2,3,0
2018,고효준,롯,#888888,불펜,-0.01,6.96,4.64,32.1,39,0
2018,김태형,L,#fc1cad,불펜,-0.02,5.4,11.85,1.2,1,0
2018,박경태,KIA,#ed1c24,불펜,-0.02,5.68,3.45,6.1,6,0
2018,임준혁,S,#ff0000,불펜,-0.03,7.36,4.93,7.1,2,0
2018,고영창,KIA,#ed1c24,불펜,-0.03,99.99,0.0,0.0,0,0
2018,안성무,삼,#0061aa,불펜,-0.03,11.57,10.52,2.1,5,0
2018,민태호,N,#002b69,불펜,-0.03,5.59,6.15,9.2,4,0
2018,김민규,두,#042071,불펜,-0.04,54.0,22.95,0.1,0,0
2018,황수범,삼,#0061aa,불펜,-0.04,11.57,10.18,2.1,2,0
2018,김정인,키,#86001f,스윙,-0.04,8.59,6.3,7.1,4,2
2018,최건,KT,#000000,불펜,-0.05,13.5,4.95,2.0,2,0
2018,한주성,두,#042071,불펜,-0.05,6.75,5.27,4.0,1,0
2018,조덕길,키,#86001f,불펜,-0.05,7.43,6.19,26.2,25,0
2018,윤지웅,L,#fc1cad,불펜,-0.06,4.26,5.7,6.1,4,0
2018,김대우,롯,#888888,불펜,-0.06,13.5,10.92,3.1,2,0
2018,조상우,키,#86001f,불펜,-0.06,3.79,3.25,19.0,23,0
2018,서균,한,#f37321,불펜,-0.07,5.79,7.01,37.1,22,0
2018,정태승,롯,#888888,불펜,-0.07,6.75,5.02,2.2,3,0
2018,김유신,KIA,#ed1c24,스윙,-0.07,9.69,4.86,13.0,6,2
2018,강동연,두,#042071,불펜,-0.07,5.4,6.64,11.2,5,0
2018,김태형,L,#fc1cad,불펜,-0.08,36.0,16.75,1.0,0,0
2018,박민호,S,#ff0000,불펜,-0.08,15.43,12.1,2.1,0,0
2018,심동섭,KIA,#ed1c24,불펜,-0.08,6.35,3.78,5.2,5,0
2018,류재인,N,#002b69,불펜,-0.09,16.2,17.79,1.2,2,0
2018,현도훈,두,#042071,스윙,-0.09,7.27,8.15,8.2,5,1
2018,서의태,키,#86001f,불펜,-0.09,54.0,14.55,0.2,1,0
2018,이동걸,한,#f37321,불펜,-0.1,18.0,7.8,2.0,2,0
2018,김세현,KIA,#ed1c24,불펜,-0.1,6.75,4.85,40.0,32,0
2018,김시현,삼,#0061aa,불펜,-0.11,12.6,9.09,5.0,5,0
2018,박주홍,한,#f37321,불펜,-0.11,8.68,6.48,18.2,18,0
2018,김용주,KT,#000000,스윙,-0.11,18.0,10.9,2.0,2,1
2018,조성훈,S,#ff0000,불펜,-0.13,27.0,4.35,0.2,0,0
2018,최지광,삼,#0061aa,불펜,-0.14,11.42,4.83,8.2,7,0
2018,박성모,두,#042071,불펜,-0.15,9.0,10.6,2.0,1,0
2018,박정배,S,#ff0000,불펜,-0.15,5.84,5.18,44.2,44,0
2018,김경태,한,#f37321,불펜,-0.16,16.88,17.21,2.2,2,0
2018,노성호,N,#002b69,스윙,-0.16,7.16,6.53,32.2,36,4
2018,강윤구,N,#002b69,불펜,-0.18,6.09,5.08,54.2,65,0
2018,최민준,S,#ff0000,불펜,-0.18,14.4,14.75,5.0,3,0
2018,김기태,삼,#0061aa,불펜,-0.18,27.0,24.63,1.2,2,0
2018,박근홍,삼,#0061aa,불펜,-0.18,7.43,5.39,23.0,27,0
2018,이민우,KIA,#ed1c24,스윙,-0.19,7.17,6.06,37.2,28,2
2018,신병률,KT,#000000,스윙,-0.19,7.01,6.97,25.2,14,1
2018,이우찬,L,#fc1cad,불펜,-0.2,54.0,22.95,0.2,0,0
2018,변진수,두,#042071,불펜,-0.2,10.13,6.45,10.2,8,0
2018,하영민,키,#86001f,스윙,-0.21,7.71,6.52,16.1,10,1
2018,윤석민,KIA,#ed1c24,스윙,-0.22,6.75,5.83,40.0,29,3
2018,임창민,N,#002b69,불펜,-0.23,6.43,4.98,7.0,9,0
2018,허준혁,두,#042071,스윙,-0.23,27.0,8.43,1.2,1,1
2018,이승현,삼,#0061aa,불펜,-0.24,7.94,6.73,17.0,14,0
2018,강지광,S,#ff0000,불펜,-0.26,21.0,9.95,3.0,3,0
2018,유원상,N,#002b69,불펜,-0.26,6.46,5.39,47.1,30,0
2018,하준영,KIA,#ed1c24,불펜,-0.26,9.2,6.64,14.2,12,0
2018,장민익,두,#042071,불펜,-0.26,27.0,24.35,2.0,2,0
2018,정찬헌,L,#fc1cad,불펜,-0.27,4.85,4.77,65.0,50,0
2018,조정훈,롯,#888888,불펜,-0.27,16.62,5.75,4.1,5,0
2018,이민호,N,#002b69,불펜,-0.27,4.68,5.45,50.0,42,0
2018,백인식,S,#ff0000,불펜,-0.28,9.42,7.82,14.1,14,0
2018,박시영,롯,#888888,스윙,-0.28,8.54,7.02,26.1,19,1
2018,이영준,키,#86001f,불펜,-0.3,22.5,6.5,2.0,2,0
2018,최금강,N,#002b69,스윙,-0.3,8.44,7.68,37.1,18,4
2018,안우진,키,#86001f,스윙,-0.31,7.19,5.62,41.1,46,5
2018,최대성,두,#042071,불펜,-0.33,11.7,7.59,10.0,10,0
2018,장현식,N,#002b69,불펜,-0.33,7.43,7.2,26.2,24,0
2018,곽빈,두,#042071,불펜,-0.33,7.55,6.55,31.0,26,0
2018,박진형,롯,#888888,불펜,-0.34,6.23,5.29,13.0,11,0
2018,윤강민,N,#002b69,불펜,-0.34,17.47,8.51,5.2,4,0
2018,박정수,KIA,#ed1c24,불펜,-0.35,11.48,4.99,13.1,16,0
2018,김주한,S,#ff0000,불펜,-0.37,13.5,9.33,6.0,5,0
2018,박세웅,롯,#888888,선발,-0.38,9.92,6.82,49.0,40,12
2018,진해수,L,#fc1cad,불펜,-0.39,7.21,5.2,43.2,37,0
2018,김진성,N,#002b69,불펜,-0.4,7.15,7.03,45.1,38,0
2018,김지용,L,#fc1cad,불펜,-0.43,5.36,5.3,47.0,42,0
2018,홍건희,KIA,#ed1c24,스윙,-0.44,10.26,6.56,16.2,13,1
2018,윤근영,KT,#000000,불펜,-0.46,9.72,5.8,16.2,17,0
2018,문광은,L,#fc1cad,불펜,-0.49,12.15,10.15,6.2,5,0
2018,이동현,L,#fc1cad,불펜,-0.5,7.93,5.58,36.1,23,0
2018,김선기,키,#86001f,불펜,-0.57,7.94,6.71,22.2,21,0
2018,최원준,두,#042071,불펜,-0.57,10.61,7.22,9.1,5,0
2018,박세진,KT,#000000,스윙,-0.58,10.68,8.23,30.1,24,8
2018,이원준,S,#ff0000,스윙,-0.59,29.45,13.57,3.2,2,1
2018,임지섭,L,#fc1cad,스윙,-0.59,25.07,14.5,4.2,4,2
2018,김대현,L,#fc1cad,선발,-0.61,7.54,6.21,105.0,64,21
2018,윤수호,두,#042071,불펜,-0.64,9.24,6.43,25.1,19,0
2018,정재원,S,#ff0000,불펜,-0.66,30.86,5.68,2.1,0,0
2018,심수창,한,#f37321,불펜,-0.73,15.43,12.4,2.1,2,0
2018,주권,KT,#000000,선발,-0.84,8.39,6.14,88.0,54,10
2018,장원준,두,#042071,선발,-1.15,9.92,6.64,71.2,46,16
2019,린드블럼,두,#042071,선발,6.75,2.5,2.73,194.2,189,30
2019,양현종,KIA,#ed1c24,선발,6.75,2.29,2.58,184.2,163,29
2019,김광현,S,#ff0000,선발,6.32,2.51,2.91,190.1,180,30
2019,산체스,S,#ff0000,선발,5.74,2.62,2.54,165.0,148,28
2019,루친스키,N,#002b69,선발,5.31,3.05,3.98,177.1,119,30
2019,요키시,키,#86001f,선발,4.67,3.13,3.31,181.1,141,30
2019,채드벨,한,#f37321,선발,4.29,3.5,4.14,177.1,134,29
2019,브리검,키,#86001f,선발,4.28,2.96,3.27,158.1,130,28
2019,쿠에바스,KT,#000000,선발,4.27,3.62,4.4,184.0,135,30
2019,박진우,N,#002b69,선발,4.24,3.14,3.99,140.2,92,18
2019,켈리,L,#fc1cad,선발,4.22,2.55,3.5,180.1,126,29
2019,서폴드,한,#f37321,선발,4.21,3.51,3.53,192.1,135,31
2019,윌슨,L,#fc1cad,선발,4.09,2.92,3.23,185.0,137,30
2019,이영하,두,#042071,선발,3.99,3.64,4.12,163.1,90,27
2019,유희관,두,#042071,선발,3.94,3.25,4.26,166.1,64,27
2019,알칸타라,KT,#000000,선발,3.84,4.01,4.02,172.2,100,27
2019,레일리,롯,#888888,선발,3.81,3.88,3.78,181.0,140,30
2019,최원태,키,#86001f,선발,3.78,3.38,3.33,157.1,105,27
2019,문승원,S,#ff0000,선발,3.53,3.88,4.77,144.0,99,23
2019,고우석,L,#fc1cad,불펜,3.49,1.52,3.16,71.0,76,0
2019,구창모,N,#002b69,선발,3.17,3.2,3.62,107.0,114,19
2019,박종훈,S,#ff0000,선발,2.85,3.88,4.62,144.0,100,28
2019,하재훈,S,#ff0000,불펜,2.8,1.98,2.61,59.0,64,0
2019,이재학,N,#002b69,선발,2.8,3.75,3.85,129.2,91,23
2019,배제성,KT,#000000,선발,2.69,3.76,4.01,131.2,91,21
2019,프리드릭,N,#002b69,선발,2.66,2.75,3.56,72.0,56,12
2019,후랭코프,두,#042071,선발,2.65,3.61,3.09,117.1,111,22
2019,정우람,한,#f37321,불펜,2.54,1.54,3.42,58.1,48,0
2019,백정현,삼,#0061aa,선발,2.44,4.24,5.02,157.0,82,27
2019,주권,KT,#000000,불펜,2.35,2.99,4.01,75.1,47,0
2019,이용찬,두,#042071,선발,2.31,4.07,4.34,148.1,102,26
2019,다익손,롯,#888888,선발,2.29,4.34,4.0,149.1,117,28
2019,서진용,S,#ff0000,불펜,2.2,2.38,2.6,68.0,76,0
2019,문경찬,KIA,#ed1c24,불펜,2.13,1.31,2.48,55.0,50,0
2019,소사,S,#ff0000,선발,2.07,3.82,3.98,94.1,96,16
2019,전상현,KIA,#ed1c24,불펜,1.97,3.12,2.92,60.2,62,0
2019,김재윤,KT,#000000,불펜,1.97,2.27,3.32,47.2,42,0
2019,차우찬,L,#fc1cad,선발,1.95,4.12,4.28,168.1,124,28
2019,오주원,키,#86001f,불펜,1.9,2.32,2.71,54.1,41,0
2019,최성영,N,#002b69,선발,1.89,3.94,4.32,82.1,62,15
2019,윌랜드,KIA,#ed1c24,선발,1.86,4.75,4.14,165.0,137,28
2019,박준표,KIA,#ed1c24,불펜,1.81,2.09,3.82,56.0,30,0
2019,우규민,삼,#0061aa,불펜,1.79,2.75,4.31,59.0,40,0
2019,윤성환,삼,#0061aa,선발,1.7,4.77,5.05,145.1,65,27
2019,김민,KT,#000000,선발,1.68,4.96,4.98,150.2,91,26
2019,진명호,롯,#888888,불펜,1.63,3.41,4.16,63.1,51,0
2019,김상수,키,#86001f,불펜,1.49,3.02,3.38,56.2,60,0
2019,양현,키,#86001f,스윙,1.45,1.99,3.48,40.2,25,3
2019,이승호,키,#86001f,선발,1.44,4.48,4.42,122.2,82,23
2019,배재환,N,#002b69,불펜,1.37,3.81,3.77,54.1,61,0
2019,라이블리,삼,#0061aa,스윙,1.36,3.95,3.08,57.0,58,9
2019,조상우,키,#86001f,불펜,1.33,2.66,2.79,47.1,46,0
2019,윤영삼,키,#86001f,불펜,1.28,2.87,3.22,62.2,56,0
2019,김태훈,S,#ff0000,불펜,1.28,3.88,3.1,69.2,76,0
2019,최원준,두,#042071,스윙,1.24,2.65,3.36,54.1,38,3
2019,맥과이어,삼,#0061aa,선발,1.22,5.05,4.84,112.1,100,21
2019,장시환,롯,#888888,선발,1.21,4.95,4.23,125.1,109,27
2019,윤명준,두,#042071,불펜,1.21,2.63,3.91,68.1,40,0
2019,김대현,L,#fc1cad,스윙,1.2,3.78,4.06,66.2,40,2
2019,원태인,삼,#0061aa,선발,1.18,4.82,4.78,112.0,68,20
2019,김민수,KT,#000000,선발,1.15,4.96,4.73,81.2,56,11
2019,김성민,키,#86001f,불펜,1.15,2.56,2.84,56.1,38,0
2019,한현희,키,#86001f,불펜,1.14,3.41,3.29,58.0,49,0
2019,박시영,롯,#888888,스윙,1.13,4.23,3.9,61.2,60,6
2019,이승현,삼,#0061aa,불펜,1.1,1.95,3.36,37.0,31,0
2019,정영일,S,#ff0000,불펜,1.05,3.21,3.63,42.0,35,0
2019,김건태,N,#002b69,불펜,1.02,3.68,4.62,51.1,32,0
2019,최지광,삼,#0061aa,불펜,1.0,4.1,4.22,68.0,60,0
2019,이형범,두,#042071,불펜,0.97,2.66,4.69,61.0,31,0
2019,정우영,L,#fc1cad,불펜,0.95,3.72,3.91,65.1,38,0
2019,강윤구,N,#002b69,불펜,0.95,4.47,4.02,56.1,49,0
2019,이대은,KT,#000000,스윙,0.95,4.08,5.1,86.0,59,8
2019,장필준,삼,#0061aa,불펜,0.93,3.62,4.62,69.2,53,0
2019,임현준,삼,#0061aa,불펜,0.9,3.4,3.4,42.1,35,0
2019,이영준,키,#86001f,불펜,0.85,2.97,2.85,33.1,19,0
2019,박희수,S,#ff0000,불펜,0.83,1.57,4.73,28.2,14,0
2019,함덕주,두,#042071,불펜,0.79,3.46,4.85,54.2,48,0
2019,장민재,한,#f37321,선발,0.79,5.43,3.91,119.1,103,22
2019,서준원,롯,#888888,선발,0.78,5.47,5.06,97.0,60,16
2019,박세웅,롯,#888888,선발,0.77,4.2,3.76,60.0,44,12
2019,김승회,두,#042071,불펜,0.77,3.07,3.0,58.2,46,0
2019,버틀러,N,#002b69,선발,0.75,4.76,4.34,73.2,49,13
2019,전유수,KT,#000000,스윙,0.72,3.39,3.37,66.1,46,1
2019,김건국,롯,#888888,스윙,0.72,4.46,4.62,66.2,43,5
2019,손승락,롯,#888888,불펜,0.71,3.93,3.58,52.2,44,0
2019,김대유,KT,#000000,불펜,0.7,2.33,3.84,27.0,23,0
2019,류제국,L,#fc1cad,선발,0.69,4.22,5.16,53.1,31,11
2019,임기준,KIA,#ed1c24,불펜,0.68,3.44,4.19,36.2,24,0
2019,김이환,한,#f37321,스윙,0.68,4.26,5.33,38.0,15,8
2019,진해수,L,#fc1cad,불펜,0.68,3.43,3.44,42.0,38,0
2019,톰슨,롯,#888888,선발,0.64,4.74,3.56,62.2,60,11
2019,신재영,키,#86001f,스윙,0.61,3.68,3.8,29.1,21,6
2019,이우찬,L,#fc1cad,선발,0.6,4.85,5.25,91.0,58,13
2019,박민호,S,#ff0000,불펜,0.6,2.68,4.3,50.1,22,0
2019,김진영,한,#f37321,스윙,0.56,4.05,4.92,26.2,14,5
2019,김동준,키,#86001f,스윙,0.55,4.5,3.89,70.0,50,5
2019,차명진,KIA,#ed1c24,스윙,0.55,4.36,4.61,33.0,19,6
2019,김선기,키,#86001f,스윙,0.54,4.18,4.58,28.0,17,6
2019,강지광,S,#ff0000,불펜,0.54,3.95,3.57,27.1,15,0
2019,신재웅,S,#ff0000,스윙,0.53,3.32,4.32,21.2,14,1
2019,최채흥,삼,#0061aa,선발,0.46,4.81,3.89,106.2,89,15
2019,김기훈,KIA,#ed1c24,선발,0.45,5.56,6.81,79.1,49,16
2019,안영명,한,#f37321,불펜,0.43,3.92,3.63,62.0,48,0
2019,권혁,두,#042071,불펜,0.42,4.91,4.11,36.2,21,0
2019,김영규,N,#002b69,선발,0.42,5.29,5.06,66.1,46,10
2019,백승건,S,#ff0000,불펜,0.42,2.33,4.7,19.1,14,0
2019,문광은,L,#fc1cad,불펜,0.41,4.09,4.24,33.0,26,0
2019,헤일리,삼,#0061aa,선발,0.4,5.75,3.51,87.2,84,19
2019,임찬규,L,#fc1cad,선발,0.35,4.97,4.97,88.2,72,13
2019,박진형,롯,#888888,불펜,0.32,4.02,3.87,40.1,40,0
2019,고효준,롯,#888888,불펜,0.3,4.76,3.81,62.1,72,0
2019,하준호,KT,#000000,불펜,0.3,1.13,3.41,8.0,11,0
2019,금민철,KT,#000000,선발,0.27,5.05,5.45,57.0,26,14
2019,임창민,N,#002b69,불펜,0.25,2.4,4.59,15.0,10,0
2019,이현승,두,#042071,불펜,0.23,3.0,2.14,6.0,4,0
2019,여건욱,L,#fc1cad,불펜,0.23,3.94,3.53,29.2,24,0
2019,김시현,삼,#0061aa,불펜,0.22,4.41,6.17,16.1,10,0
2019,임준섭,한,#f37321,스윙,0.22,4.2,4.56,49.1,26,6
2019,고영창,KIA,#ed1c24,불펜,0.22,3.5,4.38,54.0,22,0
2019,임정호,N,#002b69,불펜,0.22,3.86,1.92,4.2,6,0
2019,원종현,N,#002b69,불펜,0.21,3.9,3.13,60.0,59,0
2019,김대우,삼,#0061aa,불펜,0.21,5.13,5.42,59.2,40,0
2019,이동현,L,#fc1cad,불펜,0.19,0.0,1.31,5.0,5,0
2019,손동현,KT,#000000,스윙,0.18,4.75,4.75,47.1,29,3
2019,김현수,롯,#888888,불펜,0.17,1.42,2.72,6.1,4,0
2019,김윤수,삼,#0061aa,스윙,0.16,4.63,6.58,11.2,9,2
2019,안우진,키,#86001f,선발,0.15,5.2,3.99,88.1,80,15
2019,조현우,KT,#000000,불펜,0.15,3.52,3.3,7.2,9,0
2019,이현호,두,#042071,스윙,0.14,5.13,4.28,40.1,22,8
2019,박진태,KIA,#ed1c24,스윙,0.14,4.32,5.66,8.1,5,2
2019,이케빈,S,#ff0000,스윙,0.13,3.0,4.41,3.0,3,1
2019,권오준,삼,#0061aa,불펜,0.13,5.23,5.24,43.0,26,0
2019,조무근,롯,#888888,불펜,0.13,1.86,5.08,9.2,5,0
2019,박상원,한,#f37321,불펜,0.12,3.97,4.85,59.0,39,0
2019,박윤철,한,#f37321,스윙,0.11,5.1,7.06,30.0,21,3
2019,김주한,S,#ff0000,스윙,0.11,5.25,3.79,12.0,10,1
2019,한선태,L,#fc1cad,불펜,0.1,3.68,3.29,7.1,4,0
2019,강정현,L,#fc1cad,스윙,0.08,5.06,7.61,10.2,8,1
2019,김진성,N,#002b69,불펜,0.07,4.29,4.61,42.0,35,0
2019,김민규,두,#042071,불펜,0.07,0.0,5.36,2.0,0,0
2019,임기영,KIA,#ed1c24,스윙,0.07,5.73,4.96,48.2,37,8
2019,송승준,롯,#888888,스윙,0.06,4.4,4.5,14.1,13,1
2019,터너,KIA,#ed1c24,선발,0.06,5.46,4.28,153.1,121,28
2019,김범수,한,#f37321,선발,0.06,5.68,5.62,103.0,85,16
2019,이종혁,KT,#000000,불펜,0.06,1.69,4.26,5.1,4,0
2019,차재용,롯,#888888,불펜,0.05,3.72,4.56,9.2,7,0
2019,강백호,KT,#000000,불펜,0.04,0.0,6.91,1.0,0,0
2019,김윤동,KIA,#ed1c24,불펜,0.04,6.55,4.7,11.0,12,0
2019,홍성민,롯,#888888,불펜,0.04,4.26,2.67,12.2,7,0
2019,소이현,N,#002b69,불펜,0.04,0.0,4.41,1.0,1,0
2019,임규빈,키,#86001f,불펜,0.04,0.0,-1.19,1.0,2,0
2019,김진욱,한,#f37321,불펜,0.04,0.0,10.01,1.0,0,0
2019,전사민,N,#002b69,불펜,0.04,0.0,1.31,1.0,1,0
2019,김원중,롯,#888888,선발,0.03,5.63,4.65,102.1,93,17
2019,김종수,한,#f37321,불펜,0.03,5.81,6.49,31.0,28,0
2019,김정후,L,#fc1cad,불펜,0.03,0.0,4.17,1.2,1,0
2019,배민서,N,#002b69,불펜,0.03,5.4,3.99,3.1,1,0
2019,조한욱,KT,#000000,불펜,0.02,3.38,4.97,2.2,0,0
2019,홍상삼,두,#042071,스윙,0.02,4.76,6.44,5.2,5,1
2019,오석주,L,#fc1cad,불펜,0.02,5.4,8.43,5.0,4,0
2019,이상규,L,#fc1cad,불펜,0.01,0.0,22.41,0.1,0,0
2019,이선우,KT,#000000,불펜,0.01,5.4,9.81,1.2,2,0
2019,정인욱,삼,#0061aa,스윙,0.01,7.06,5.06,21.2,15,2
2019,장원준,두,#042071,불펜,0.0,9.0,8.76,2.0,1,0
2019,배재준,L,#fc1cad,선발,0.0,5.23,4.66,62.0,44,12
2019,김성훈,한,#f37321,스윙,0.0,4.84,4.72,22.1,26,1
2019,윤정현,키,#86001f,불펜,-0.01,9.0,4.41,2.0,2,0
2019,황영국,한,#f37321,불펜,-0.01,6.75,6.78,4.0,6,0
2019,황인준,KIA,#ed1c24,스윙,-0.01,6.35,4.85,11.1,11,2
2019,박신지,두,#042071,불펜,-0.01,99.99,0.0,0.0,0,0
2019,김정우,S,#ff0000,불펜,-0.01,9.0,6.91,1.0,0,0
2019,박진,롯,#888888,불펜,-0.01,9.0,4.41,1.0,1,0
2019,최대성,두,#042071,불펜,-0.01,99.99,0.0,0.0,0,0
2019,조덕길,키,#86001f,불펜,-0.01,7.2,3.55,5.0,3,0
2019,최건,KT,#000000,불펜,-0.01,0.0,10.01,1.0,0,0
2019,류원석,L,#fc1cad,불펜,-0.03,5.4,9.03,3.1,4,0
2019,장현식,N,#002b69,불펜,-0.04,4.61,5.06,54.2,49,0
2019,송창현,한,#f37321,스윙,-0.05,6.39,7.56,12.2,5,2
2019,송명기,N,#002b69,스윙,-0.05,9.0,9.01,3.0,1,1
2019,배영수,두,#042071,불펜,-0.06,4.57,5.13,45.1,10,0
2019,김승범,KIA,#ed1c24,불펜,-0.06,18.0,6.91,1.0,0,0
2019,채병용,S,#ff0000,불펜,-0.07,9.82,8.39,3.2,3,0
2019,민태호,N,#002b69,불펜,-0.07,11.81,3.81,5.1,6,0
2019,정성종,롯,#888888,불펜,-0.08,5.44,5.66,49.2,24,0
2019,윤성빈,롯,#888888,스윙,-0.09,81.0,31.71,0.1,0,1
2019,윤규진,한,#f37321,불펜,-0.09,10.38,3.95,4.1,1,0
2019,정찬헌,L,#fc1cad,불펜,-0.09,1.64,3.0,11.0,11,0
2019,조근종,KT,#000000,불펜,-0.1,5.91,5.26,10.2,6,0
2019,윤지웅,N,#002b69,불펜,-0.1,4.97,6.08,12.2,9,0
2019,이원준,S,#ff0000,스윙,-0.11,19.29,12.08,2.1,2,1
2019,이민호,N,#002b69,불펜,-0.11,6.52,5.98,9.2,4,0
2019,최영환,롯,#888888,불펜,-0.11,6.41,3.45,19.2,20,0
2019,윤호솔,한,#f37321,불펜,-0.11,17.18,8.23,3.2,2,0
2019,정태승,롯,#888888,불펜,-0.11,27.0,1.91,1.0,2,0
2019,홍성무,N,#002b69,불펜,-0.12,6.28,7.15,14.1,10,0
2019,박근홍,롯,#888888,불펜,-0.13,6.11,8.6,17.2,11,0
2019,조영우,S,#ff0000,스윙,-0.14,8.03,6.09,12.1,8,1
2019,장원삼,L,#fc1cad,스윙,-0.14,7.98,6.11,14.2,7,3
2019,강동연,두,#042071,불펜,-0.14,5.4,7.07,5.0,3,0
2019,김승현,삼,#0061aa,불펜,-0.14,6.39,5.47,12.2,4,0
2019,하준영,KIA,#ed1c24,불펜,-0.14,4.96,4.28,52.2,51,0
2019,김택형,S,#ff0000,불펜,-0.15,5.79,4.88,23.1,27,0
2019,유승철,KIA,#ed1c24,불펜,-0.15,11.25,9.73,4.0,5,0
2019,노성호,N,#002b69,불펜,-0.15,12.27,7.22,3.2,1,0
2019,정재원,S,#ff0000,불펜,-0.15,16.88,8.5,2.2,1,0
2019,심수창,L,#fc1cad,스윙,-0.16,6.17,4.12,11.2,12,1
2019,백청훈,S,#ff0000,불펜,-0.16,6.75,2.08,4.0,4,0
2019,이우석,N,#002b69,불펜,-0.16,10.13,4.84,5.1,4,0
2019,박주성,키,#86001f,불펜,-0.16,13.5,10.81,4.0,1,0
2019,오현택,롯,#888888,불펜,-0.16,4.97,8.36,12.2,8,0
2019,김경태,한,#f37321,불펜,-0.16,4.09,3.79,11.0,10,0
2019,이민우,KIA,#ed1c24,스윙,-0.17,5.43,3.82,61.1,56,6
2019,박정준,두,#042071,불펜,-0.17,32.4,13.11,1.2,0,0
2019,임지섭,L,#fc1cad,불펜,-0.17,2.7,4.62,6.2,9,0
2019,장지훈,삼,#0061aa,불펜,-0.17,6.28,4.31,14.1,12,0
2019,윤강민,N,#002b69,스윙,-0.18,8.22,6.97,7.2,5,1
2019,조영건,키,#86001f,스윙,-0.18,81.0,24.21,0.1,1,1
2019,홍정우,삼,#0061aa,불펜,-0.19,10.13,10.24,5.1,2,0
2019,김태오,KT,#000000,불펜,-0.19,6.0,7.94,3.0,0,0
2019,이상영,L,#fc1cad,불펜,-0.19,16.88,8.5,2.2,1,0
2019,서균,한,#f37321,불펜,-0.21,14.54,4.23,4.1,3,0
2019,이충호,한,#f37321,불펜,-0.21,45.0,18.81,1.0,0,0
2019,이정현,KT,#000000,스윙,-0.21,9.75,6.98,12.0,9,2
2019,전용주,KT,#000000,불펜,-0.22,15.0,13.14,3.0,1,0
2019,유원상,N,#002b69,스윙,-0.22,5.23,4.77,20.2,14,1
2019,송창식,한,#f37321,불펜,-0.24,54.0,-3.69,0.1,1,0
2019,신정락,한,#f37321,스윙,-0.26,5.84,5.32,44.2,35,1
2019,류희운,KT,#000000,스윙,-0.26,23.14,5.4,2.1,1,1
2019,박치국,두,#042071,불펜,-0.26,4.5,4.28,52.0,35,0
2019,이상동,KT,#000000,불펜,-0.26,14.21,9.04,6.1,0,0
2019,최동환,L,#fc1cad,불펜,-0.26,6.26,6.22,23.0,13,0
2019,강이준,KIA,#ed1c24,스윙,-0.27,11.0,8.09,9.0,3,3
2019,최하늘,롯,#888888,스윙,-0.27,27.0,19.11,2.0,1,1
2019,양기현,키,#86001f,불펜,-0.29,15.19,2.98,5.1,3,0
2019,이승헌,롯,#888888,스윙,-0.31,31.5,10.01,2.0,0,1
2019,장지수,KIA,#ed1c24,불펜,-0.32,7.71,6.06,16.1,6,0
2019,박정수,KIA,#ed1c24,불펜,-0.37,12.6,5.91,5.0,2,0
2019,김재영,한,#f37321,스윙,-0.42,12.96,5.9,8.1,4,1
2019,송은범,L,#fc1cad,불펜,-0.42,5.25,4.64,60.0,36,0
2019,홍건희,KIA,#ed1c24,선발,-0.43,7.16,5.33,81.2,52,14
2019,박정배,S,#ff0000,불펜,-0.47,10.07,5.72,19.2,9,0
2019,이보근,키,#86001f,불펜,-0.5,9.72,3.47,16.2,12,0
2019,이승진,S,#ff0000,스윙,-0.5,8.05,5.97,19.0,14,2
2019,김세현,KIA,#ed1c24,불펜,-0.52,6.23,5.94,8.2,5,0
2019,정수민,N,#002b69,스윙,-0.59,16.39,7.67,9.1,4,1
2019,김민우,한,#f37321,선발,-0.61,6.75,4.81,68.0,46,12
2019,엄상백,KT,#000000,불펜,-0.69,8.04,6.87,31.1,20,0
2019,양승철,KIA,#ed1c24,스윙,-0.71,12.12,7.16,16.1,11,1
2019,박주홍,한,#f37321,스윙,-0.73,7.98,6.63,38.1,27,6
2019,이태양,한,#f37321,스윙,-0.76,5.81,3.58,66.2,64,1
2019,이준영,KIA,#ed1c24,스윙,-0.79,6.35,4.1,51.0,43,1
2019,최충연,삼,#0061aa,스윙,-0.82,7.36,5.05,36.2,41,2
2019,문동욱,한,#f37321,스윙,-0.86,12.06,5.56,15.2,12,1
2019,정성곤,KT,#000000,불펜,-0.91,5.53,4.71,53.2,40,0
2019,구승민,롯,#888888,불펜,-0.91,6.25,4.28,36.0,43,0
2019,윤길현,롯,#888888,불펜,-0.98,10.8,9.17,5.0,5,0
2019,이인복,롯,#888888,불펜,-1.02,11.68,6.33,12.1,7,0
2020,스트레일리,롯,#888888,선발,8.12,2.5,2.9,194.2,205,31
2020,알칸타라,두,#042071,선발,8.0,2.54,3.03,198.2,182,31
2020,루친스키,N,#002b69,선발,6.97,3.05,3.78,183.0,167,30
2020,브룩스,KIA,#ed1c24,선발,6.48,2.5,2.72,151.1,130,23
2020,요키시,키,#86001f,선발,6.02,2.14,3.24,159.2,115,27
2020,뷰캐넌,삼,#0061aa,선발,5.98,3.45,4.36,174.2,121,27
2020,켈리,L,#fc1cad,선발,5.17,3.32,4.07,173.1,134,28
2020,구창모,N,#002b69,선발,4.9,1.74,2.75,93.1,102,14
2020,데스파이네,KT,#000000,선발,4.88,4.33,4.33,207.2,152,34
2020,최채흥,삼,#0061aa,선발,4.29,3.58,4.1,146.0,123,26
2020,문승원,S,#ff0000,선발,3.87,3.65,4.13,145.2,117,25
2020,쿠에바스,KT,#000000,선발,3.82,4.1,4.54,158.0,110,27
2020,배제성,KT,#000000,선발,3.76,3.95,5.29,141.1,83,26
2020,소형준,KT,#000000,선발,3.56,3.86,3.99,133.0,92,24
2020,플렉센,두,#042071,선발,3.53,3.01,2.58,116.2,132,21
2020,라이트,N,#002b69,선발,3.4,4.68,4.35,157.2,125,29
2020,양현종,KIA,#ed1c24,선발,3.35,4.7,3.97,172.1,149,31
2020,가뇽,KIA,#ed1c24,선발,3.31,4.34,3.73,159.2,141,28
2020,브리검,키,#86001f,선발,3.23,3.62,3.57,107.0,105,21
2020,최원준,두,#042071,선발,3.18,3.8,4.59,123.0,94,18
2020,정찬헌,L,#fc1cad,선발,2.97,3.51,4.13,110.1,85,19
2020,라이블리,삼,#0061aa,선발,2.79,4.26,4.45,112.0,95,21
2020,박종훈,S,#ff0000,선발,2.77,4.81,4.9,157.1,134,28
2020,임찬규,L,#fc1cad,선발,2.7,4.08,4.26,147.2,138,26
2020,김민우,한,#f37321,선발,2.59,4.34,4.83,132.2,124,25
2020,노경은,롯,#888888,선발,2.51,4.87,5.2,133.0,77,24
2020,한현희,키,#86001f,선발,2.48,4.98,4.01,135.2,109,25
2020,원태인,삼,#0061aa,선발,2.47,4.89,5.55,140.0,78,26
2020,박세웅,롯,#888888,선발,2.46,4.7,4.94,147.1,108,28
2020,조상우,키,#86001f,불펜,2.42,2.15,2.79,54.1,64,0
2020,이민호,L,#fc1cad,선발,2.4,3.69,4.57,97.2,67,16
2020,송명기,N,#002b69,선발,2.36,3.7,4.99,87.2,72,12
2020,윌슨,L,#fc1cad,선발,2.26,4.42,4.19,144.2,109,25
2020,정우영,L,#fc1cad,불펜,2.2,3.12,4.08,75.0,59,0
2020,주권,KT,#000000,불펜,2.14,2.7,5.11,70.0,37,0
2020,박준표,KIA,#ed1c24,불펜,2.1,1.57,2.92,51.2,44,0
2020,임기영,KIA,#ed1c24,선발,2.04,5.15,4.06,127.2,106,25
2020,이영하,두,#042071,선발,2.02,4.64,4.82,132.0,85,19
2020,오승환,삼,#0061aa,불펜,1.92,2.64,3.55,47.2,39,0
2020,이승호,키,#86001f,선발,1.91,5.08,5.14,118.2,73,23
2020,김재윤,KT,#000000,불펜,1.87,3.26,3.64,60.2,58,0
2020,조현우,KT,#000000,불펜,1.87,3.09,4.01,46.2,33,0
2020,강재민,한,#f37321,불펜,1.81,2.57,2.89,49.0,57,0
2020,샘슨,롯,#888888,선발,1.7,5.4,4.61,130.0,87,25
2020,서폴드,한,#f37321,선발,1.59,4.91,4.93,165.0,97,28
2020,박치국,두,#042071,불펜,1.51,2.89,4.04,71.2,66,0
2020,장시환,한,#f37321,선발,1.51,5.02,5.09,132.2,115,26
2020,구승민,롯,#888888,불펜,1.51,3.58,4.45,60.1,58,0
2020,이승현,삼,#0061aa,불펜,1.47,3.48,5.44,54.1,52,0
2020,최원태,키,#86001f,선발,1.44,5.07,5.42,110.0,67,21
2020,박민호,S,#ff0000,불펜,1.42,2.42,4.43,52.0,36,0
2020,이건욱,S,#ff0000,선발,1.36,5.68,5.41,122.0,91,25
2020,이보근,KT,#000000,불펜,1.34,2.51,3.99,46.2,27,0
2020,임정호,N,#002b69,불펜,1.31,4.61,4.59,41.0,38,0
2020,서준원,롯,#888888,선발,1.28,5.18,5.38,107.2,60,20
2020,전상현,KIA,#ed1c24,불펜,1.27,2.45,3.07,47.2,64,0
2020,김진성,N,#002b69,불펜,1.21,2.66,2.7,47.1,56,0
2020,윤대경,한,#f37321,불펜,1.21,1.59,4.22,51.0,42,0
2020,김원중,롯,#888888,불펜,1.2,3.94,4.19,59.1,57,0
2020,홍성민,N,#002b69,불펜,1.17,1.04,4.4,26.0,14,0
2020,유희관,두,#042071,선발,1.14,5.02,5.15,136.1,56,27
2020,유원상,KT,#000000,불펜,1.11,3.8,5.39,64.0,37,0
2020,양현,키,#86001f,스윙,1.1,3.3,4.45,60.0,33,1
2020,안우진,키,#86001f,불펜,1.08,3.0,3.6,36.0,41,0
2020,김대우,삼,#888888,스윙,1.04,5.1,5.46,77.2,37,9
2020,김대우,롯,#888888,스윙,0.96,3.1,3.82,49.1,43,1
2020,정수민,S,#ff0000,스윙,0.94,1.15,3.23,15.2,11,3
2020,이영준,키,#86001f,불펜,0.92,4.73,5.11,40.0,32,0
2020,허윤동,삼,#0061aa,선발,0.9,4.8,6.33,45.0,18,11
2020,함덕주,두,#042071,스윙,0.88,3.9,3.06,55.1,55,6
2020,최동환,L,#fc1cad,불펜,0.87,3.47,4.17,57.0,42,0
2020,진해수,L,#fc1cad,불펜,0.84,4.32,3.31,50.0,59,0
2020,오현택,롯,#888888,불펜,0.84,3.75,5.24,36.0,17,0
2020,전유수,KT,#000000,불펜,0.81,5.12,4.72,45.2,27,0
2020,김진영,한,#f37321,불펜,0.8,3.33,4.16,54.0,56,0
2020,김건태,N,#002b69,불펜,0.8,4.89,5.1,35.0,37,0
2020,정우람,한,#f37321,불펜,0.79,4.8,3.35,54.1,53,0
2020,김민규,두,#042071,스윙,0.78,4.89,3.53,53.1,54,4
2020,이재학,N,#002b69,선발,0.78,6.55,5.79,90.2,61,19
2020,홍상삼,KIA,#ed1c24,불펜,0.75,5.06,5.74,48.0,61,0
2020,정해영,KIA,#ed1c24,불펜,0.75,3.29,4.47,38.1,32,0
2020,최지광,삼,#0061aa,불펜,0.73,4.87,4.16,44.1,45,0
2020,원종현,N,#002b69,불펜,0.71,4.26,4.17,57.0,41,0
2020,김건국,롯,#888888,불펜,0.65,3.98,3.47,31.2,31,0
2020,최성훈,L,#fc1cad,불펜,0.65,3.51,3.95,33.1,24,0
2020,양기현,키,#86001f,불펜,0.62,3.86,5.7,23.1,12,0
2020,이승헌,롯,#002b69,스윙,0.62,4.66,3.02,36.2,34,8
2020,이정용,L,#fc1cad,불펜,0.58,3.71,5.13,34.0,33,0
2020,이인복,롯,#888888,스윙,0.56,3.97,4.18,45.1,21,1
2020,임현준,삼,#0061aa,불펜,0.54,1.78,4.63,25.1,18,0
2020,조영우,S,#ff0000,스윙,0.52,5.96,5.7,77.0,38,7
2020,신민혁,N,#002b69,스윙,0.52,5.79,6.46,42.0,26,7
2020,채드벨,한,#f37321,선발,0.52,5.96,5.17,77.0,61,16
2020,김범수,한,#f37321,스윙,0.52,5.24,5.92,55.0,55,8
2020,김태훈,키,#ff0000,스윙,0.47,4.22,3.88,64.0,40,2
2020,하준호,KT,#000000,스윙,0.47,6.05,4.88,41.2,26,1
2020,박정수,N,#002b69,스윙,0.46,4.64,6.06,33.0,29,3
2020,윤명준,두,#042071,불펜,0.46,4.83,5.0,41.0,20,0
2020,김선기,키,#86001f,불펜,0.45,2.05,4.98,22.0,11,0
2020,최준용,롯,#888888,불펜,0.45,4.85,3.95,29.2,26,0
2020,송은범,L,#fc1cad,스윙,0.44,4.5,4.81,56.0,28,1
2020,핀토,S,#ff0000,선발,0.43,6.17,5.58,162.0,112,30
2020,노성호,삼,#0061aa,불펜,0.42,4.46,5.28,36.1,34,0
2020,차우찬,L,#fc1cad,선발,0.41,5.34,4.94,64.0,51,13
2020,이태양,S,#ff0000,불펜,0.4,5.46,4.57,56.0,45,0
2020,송윤준,한,#f37321,불펜,0.39,4.3,4.66,23.0,16,0
2020,문경찬,N,#002b69,불펜,0.39,5.02,5.41,52.0,44,0
2020,고우석,L,#fc1cad,불펜,0.39,4.1,2.99,41.2,51,0
2020,우규민,삼,#0061aa,불펜,0.38,6.19,3.76,48.0,30,0
2020,서진용,S,#ff0000,불펜,0.35,4.13,5.62,61.0,56,0
2020,김상수,키,#86001f,불펜,0.35,4.73,3.74,51.1,48,0
2020,문동욱,한,#f37321,불펜,0.35,4.5,7.34,18.0,9,0
2020,이현승,두,#042071,불펜,0.35,5.31,3.76,42.1,42,0
2020,김명신,두,#042071,불펜,0.33,3.52,5.95,15.1,11,0
2020,박종기,두,#042071,스윙,0.31,5.54,5.11,26.0,20,5
2020,문성현,키,#86001f,스윙,0.3,4.2,4.9,15.0,13,2
2020,김재웅,키,#86001f,스윙,0.3,4.68,4.5,59.2,51,7
2020,김윤수,삼,#0061aa,불펜,0.29,4.66,5.06,58.0,41,0
2020,장필준,삼,#0061aa,스윙,0.29,5.75,5.55,36.0,26,2
2020,최성영,N,#002b69,선발,0.27,6.08,7.37,60.2,27,13
2020,김진욱,한,#f37321,스윙,0.26,5.64,6.85,44.2,29,6
2020,이상화,KT,#000000,불펜,0.25,5.4,6.07,15.0,7,0
2020,김영규,N,#002b69,선발,0.25,5.45,4.81,67.2,55,13
2020,배재환,N,#002b69,불펜,0.24,3.98,6.28,43.0,33,0
2020,장웅정,한,#f37321,스윙,0.24,3.52,4.79,7.2,5,2
2020,서균,한,#f37321,불펜,0.23,0.0,6.61,7.1,1,0
2020,박진형,롯,#888888,불펜,0.22,5.7,4.18,42.2,50,0
2020,임규빈,키,#86001f,불펜,0.21,4.54,7.13,37.2,20,0
2020,남호,L,#fc1cad,스윙,0.2,3.93,4.93,18.1,14,3
2020,양창섭,삼,#0061aa,불펜,0.2,2.7,5.21,6.2,4,0
2020,백정현,삼,#0061aa,선발,0.19,5.19,5.61,59.0,46,11
2020,이승진,두,#042071,스윙,0.18,5.61,3.51,51.1,54,5
2020,조영건,키,#86001f,선발,0.18,5.28,6.94,44.1,23,10
2020,김정빈,S,#ff0000,불펜,0.17,5.13,6.5,47.1,42,0
2020,권휘,두,#042071,불펜,0.17,5.27,4.85,13.2,10,0
2020,김유영,롯,#888888,불펜,0.14,4.91,5.25,7.1,5,0
2020,김기훈,KIA,#ed1c24,스윙,0.14,5.37,5.92,52.0,39,7
2020,홍건희,두,#042071,불펜,0.14,4.98,4.42,68.2,60,0
2020,이승민,삼,#0061aa,스윙,0.13,6.84,6.97,26.1,16,5
2020,성재헌,L,#fc1cad,불펜,0.12,4.15,4.85,4.1,1,0
2020,한승혁,롯,#888888,불펜,0.11,5.14,4.7,7.0,3,0
2020,손동현,KT,#000000,불펜,0.11,5.31,6.97,20.1,12,0
2020,소이현,N,#002b69,불펜,0.11,6.57,7.11,12.1,8,0
2020,김동혁,키,#86001f,불펜,0.11,5.19,4.35,8.2,6,0
2020,윤희상,S,#ff0000,스윙,0.11,3.0,4.4,3.0,2,1
2020,손정욱,N,#002b69,불펜,0.09,5.25,5.5,12.0,5,0
2020,윤성환,삼,#0061aa,스윙,0.09,5.79,5.78,18.2,4,5
2020,김태훈,S,#ff0000,스윙,0.08,7.4,5.95,62.0,43,8
2020,이상민,삼,#0061aa,스윙,0.08,6.43,7.51,14.0,13,1
2020,김성훈,KT,#000000,불펜,0.07,3.0,5.63,3.0,3,0
2020,김이환,한,#f37321,선발,0.07,6.82,6.37,64.2,41,15
2020,김태경,N,#002b69,불펜,0.06,0.0,4.6,1.0,1,0
2020,이창재,KT,#000000,불펜,0.06,5.63,3.36,8.0,7,0
2020,박주성,키,#86001f,불펜,0.06,4.5,7.4,2.0,1,0
2020,안인산,N,#002b69,불펜,0.05,0.0,4.0,1.0,0,0
2020,채지선,두,#042071,불펜,0.04,4.91,5.23,33.0,34,0
2020,차재용,키,#86001f,불펜,0.04,0.0,4.0,1.0,0,0
2020,황인준,KIA,#ed1c24,불펜,0.04,4.5,7.9,4.0,1,0
2020,홍원표,삼,#0061aa,불펜,0.04,0.0,10.2,1.0,0,0
2020,이호중,N,#002b69,불펜,0.04,6.23,7.16,4.1,3,0
2020,박진우,N,#002b69,스윙,0.03,5.23,4.57,43.0,22,1
2020,진명호,롯,#888888,불펜,0.03,7.18,4.96,31.1,32,0
2020,박희수,S,#ff0000,불펜,0.03,5.47,4.55,24.2,26,0
2020,조성운,키,#86001f,불펜,0.03,5.4,5.35,45.0,29,0
2020,김윤식,L,#fc1cad,선발,0.03,6.25,5.2,67.2,38,11
2020,류진욱,N,#002b69,불펜,0.03,6.0,6.5,3.0,3,0
2020,최세창,두,#042071,불펜,0.03,3.0,7.13,3.0,1,0
2020,신정락,한,#f37321,불펜,0.03,9.0,5.39,12.0,14,0
2020,서동민,S,#ff0000,불펜,0.02,5.4,6.24,8.1,7,0
2020,강윤구,N,#002b69,불펜,0.02,6.86,5.53,21.0,15,0
2020,이대은,KT,#000000,스윙,0.01,5.83,5.92,29.1,15,4
2020,배창현,두,#042071,불펜,0.01,0.0,22.6,0.1,0,0
2020,황윤호,KIA,#ed1c24,불펜,0.01,0.0,4.0,0.1,0,0
2020,이찬혁,L,#fc1cad,불펜,0.01,5.4,10.54,3.1,1,0
2020,송승준,롯,#888888,스윙,0.01,6.2,4.31,24.2,25,1
2020,이주엽,두,#042071,불펜,0.0,8.1,9.01,3.1,2,0
2020,임형원,N,#002b69,불펜,-0.01,99.99,0.0,0.0,0,0
2020,강지광,S,#ff0000,불펜,-0.01,4.91,5.36,3.2,4,0
2020,김승범,KIA,#ed1c24,불펜,-0.01,9.0,10.2,1.0,0,0
2020,정인욱,삼,#0061aa,불펜,-0.01,8.44,7.73,5.1,3,0
2020,조병욱,KT,#000000,스윙,-0.01,7.62,6.24,28.1,11,4
2020,배민서,N,#002b69,불펜,-0.01,7.43,7.51,13.1,9,0
2020,이동원,두,#042071,불펜,-0.01,99.99,0.0,0.0,0,0
2020,한승지,KT,#000000,불펜,-0.01,99.99,0.0,0.0,0,0
2020,강동연,N,#002b69,불펜,-0.02,6.0,5.26,24.0,17,0
2020,이승헌,N,#002b69,불펜,-0.02,9.0,10.55,2.0,2,0
2020,김태현,N,#002b69,불펜,-0.02,6.75,11.42,1.1,1,0
2020,고효준,롯,#888888,불펜,-0.02,5.74,7.29,15.2,11,0
2020,홍정우,삼,#0061aa,불펜,-0.03,6.6,4.91,30.0,29,0
2020,이우찬,L,#fc1cad,스윙,-0.04,11.57,10.38,4.2,4,1
2020,장민재,한,#f37321,선발,-0.04,6.75,4.45,57.1,32,10
2020,김현수,KIA,#ed1c24,스윙,-0.04,7.24,6.79,32.1,19,4
2020,정대현,키,#86001f,스윙,-0.05,10.13,5.65,2.2,3,1
2020,한선태,L,#fc1cad,불펜,-0.05,18.0,10.2,1.0,0,0
2020,조제영,두,#042071,스윙,-0.06,10.5,7.61,6.0,6,1
2020,노시환,한,#f37321,불펜,-0.06,18.0,19.0,1.0,0,0
2020,김진호,N,#002b69,스윙,-0.06,8.71,10.76,10.1,7,3
2020,정용운,L,#fc1cad,불펜,-0.06,16.2,1.36,1.2,3,0
2020,서덕원,KIA,#ed1c24,불펜,-0.06,8.53,9.22,12.2,6,0
2020,이준영,KIA,#ed1c24,불펜,-0.07,5.32,3.88,23.2,22,0
2020,김재열,KIA,#ed1c24,불펜,-0.07,7.27,6.68,17.1,13,0
2020,김대현,L,#fc1cad,불펜,-0.07,5.85,6.24,32.1,28,0
2020,박명현,롯,#888888,불펜,-0.08,27.0,8.65,0.2,0,0
2020,양선률,S,#ff0000,불펜,-0.09,9.0,22.1,1.0,0,0
2020,변시원,KIA,#ed1c24,불펜,-0.09,3.6,5.36,5.0,1,0
2020,오주원,키,#86001f,불펜,-0.09,5.4,6.12,18.1,13,0
2020,최영환,롯,#888888,스윙,-0.09,6.3,8.25,10.0,7,1
2020,이상동,KT,#000000,불펜,-0.09,9.0,4.3,6.0,3,0
2020,문광은,L,#fc1cad,불펜,-0.09,11.25,6.02,4.0,4,0
2020,오원석,S,#ff0000,스윙,-0.1,5.59,5.14,9.2,9,1
2020,권혁,두,#042071,불펜,-0.11,9.39,3.33,7.2,7,0
2020,안현준,KT,#000000,불펜,-0.11,99.99,22.6,0.1,0,0
2020,박관진,키,#86001f,불펜,-0.11,27.0,5.8,0.1,1,0
2020,장원삼,롯,#888888,스윙,-0.11,7.68,6.09,34.0,15,4
2020,신재웅,S,#ff0000,불펜,-0.11,9.31,7.9,19.1,11,0
2020,남재현,KIA,#ed1c24,불펜,-0.11,4.02,5.85,15.2,8,0
2020,이교훈,두,#042071,불펜,-0.11,10.38,7.87,4.1,3,0
2020,한승주,한,#f37321,스윙,-0.11,16.2,11.86,1.2,2,1
2020,이선우,KT,#000000,불펜,-0.12,13.5,10.25,2.0,1,0
2020,이강준,KT,#000000,불펜,-0.12,6.35,9.15,5.2,3,0
2020,박상원,한,#f37321,불펜,-0.12,4.66,4.62,58.0,52,0
2020,김찬호,S,#ff0000,불펜,-0.12,27.0,14.9,2.0,1,0
2020,심창민,삼,#0061aa,불펜,-0.13,7.52,6.22,20.1,21,0
2020,임창민,N,#002b69,불펜,-0.13,5.26,4.31,37.2,44,0
2020,차명진,KIA,#ed1c24,불펜,-0.13,99.99,22.6,0.1,0,0
2020,백청훈,L,#fc1cad,불펜,-0.14,20.25,12.92,1.1,0,0
2020,김지용,L,#fc1cad,불펜,-0.14,14.73,6.2,3.2,4,0
2020,윤규진,한,#f37321,불펜,-0.14,7.36,5.36,3.2,4,0
2020,윤강민,S,#ff0000,불펜,-0.15,67.5,9.55,0.2,1,0
2020,박세진,KT,#000000,불펜,-0.16,99.99,22.6,0.1,0,0
2020,금민철,KT,#000000,불펜,-0.16,15.43,5.84,2.1,2,0
2020,박신지,두,#042071,불펜,-0.18,18.0,2.53,3.0,3,0
2020,안영명,한,#f37321,불펜,-0.18,5.91,5.84,45.2,34,0
2020,김정후,키,#86001f,불펜,-0.19,12.0,9.6,3.0,3,0
2020,강동호,롯,#888888,불펜,-0.19,7.36,7.11,11.0,8,0
2020,이현호,한,#f37321,불펜,-0.2,6.46,6.88,15.1,15,0
2020,이용찬,두,#042071,스윙,-0.21,8.44,6.41,26.2,15,5
2020,김주온,S,#ff0000,불펜,-0.21,7.55,7.16,31.0,18,0
2020,장원준,두,#042071,스윙,-0.21,12.71,8.5,5.2,2,2
2020,이민우,KIA,#ed1c24,선발,-0.22,6.79,5.2,106.0,67,22
2020,정태승,롯,#888888,불펜,-0.22,21.6,13.36,1.2,1,0
2020,김기탁,한,#f37321,불펜,-0.22,9.0,6.84,7.0,3,0
2020,김대유,L,#fc1cad,불펜,-0.23,23.14,5.58,2.1,1,0
2020,킹엄,S,#ff0000,스윙,-0.23,6.75,4.87,10.2,6,2
2020,신재영,키,#86001f,불펜,-0.23,12.6,10.74,5.0,1,0
2020,김민,KT,#000000,스윙,-0.23,6.54,6.26,42.2,32,6
2020,김정인,키,#86001f,불펜,-0.24,54.0,10.8,1.0,1,0
2020,류희운,KT,#000000,불펜,-0.24,10.8,4.81,8.1,7,0
2020,윤호솔,한,#f37321,불펜,-0.25,10.5,9.4,6.0,4,0
2020,김민수,KT,#000000,선발,-0.26,6.1,5.1,103.1,63,18
2020,문대원,두,#042071,불펜,-0.27,9.53,9.29,5.2,0,0
2020,박주홍,한,#f37321,스윙,-0.3,8.39,6.49,24.2,19,5
2020,이원준,S,#ff0000,불펜,-0.3,7.45,5.89,19.1,17,0
2020,백승건,S,#ff0000,스윙,-0.32,7.98,7.94,29.1,28,7
2020,김성민,키,#86001f,불펜,-0.34,6.46,4.99,23.2,21,0
2020,김명찬,KIA,#ed1c24,불펜,-0.37,6.23,8.58,8.2,11,0
2020,이재익,삼,#0061aa,불펜,-0.37,99.99,45.25,0.2,1,0
2020,김종수,한,#f37321,불펜,-0.39,5.94,5.07,50.0,43,0
2020,권오준,삼,#0061aa,불펜,-0.41,8.44,5.25,16.0,10,0
2020,김세현,S,#ff0000,불펜,-0.42,5.79,5.59,42.0,35,0
2020,이상규,L,#fc1cad,불펜,-0.43,6.68,6.28,31.0,18,0
2020,홍성무,N,#002b69,불펜,-0.44,12.6,7.27,15.0,12,0
2020,박시영,롯,#888888,불펜,-0.46,8.01,6.68,30.1,21,0
2020,김주한,S,#ff0000,스윙,-0.46,7.43,6.5,46.0,22,7
2020,양승철,KIA,#ed1c24,스윙,-0.47,7.85,7.44,28.2,13,1
2020,하재훈,S,#ff0000,불펜,-0.48,7.62,5.81,13.0,10,0
2020,김현준,KIA,#ed1c24,불펜,-0.49,12.56,6.37,14.1,12,0
2020,류원석,L,#fc1cad,스윙,-0.49,11.57,13.83,4.2,5,1
2020,황동재,삼,#0061aa,불펜,-0.5,54.0,16.6,1.1,3,0
2020,여건욱,L,#fc1cad,불펜,-0.53,7.16,6.59,27.2,18,0
2020,박승주,키,#86001f,불펜,-0.53,19.64,6.18,3.2,3,0
2020,오동욱,한,#f37321,스윙,-0.54,13.5,9.11,10.0,5,1
2020,정영일,S,#ff0000,불펜,-0.57,6.56,6.96,23.1,17,0
2020,김택형,S,#ff0000,불펜,-0.57,8.61,6.89,23.0,22,0
2020,임준섭,한,#f37321,스윙,-0.6,13.5,5.78,8.2,6,1
2020,김강률,두,#042071,불펜,-0.6,3.54,4.58,28.0,28,0
2020,황영국,한,#f37321,불펜,-0.61,10.24,6.21,19.1,17,0
2020,박진태,KIA,#ed1c24,불펜,-0.64,13.02,11.18,18.2,14,0
2020,장지훈,삼,#0061aa,불펜,-0.72,10.08,7.53,27.2,24,0
2020,윤정현,키,#86001f,스윙,-0.74,8.89,5.66,27.1,11,4
2020,고영창,KIA,#ed1c24,불펜,-0.82,6.83,4.74,58.0,23,0
2020,이형범,두,#042071,불펜,-0.82,7.71,7.1,25.2,13,0
2020,장현식,KIA,#ed1c24,스윙,-1.85,10.76,6.62,41.0,26,3
2021,미란다,두,#042071,선발,6.73,2.33,2.42,173.2,225,28
2021,고영표,KT,#000000,선발,5.58,2.92,3.22,166.2,130,25
2021,백정현,삼,#0061aa,선발,5.54,2.63,4.23,157.2,109,27
2021,요키시,키,#86001f,선발,5.43,2.93,3.59,181.1,131,31
2021,원태인,삼,#0061aa,선발,5.36,3.06,3.65,158.2,129,26
2021,데스파이네,KT,#000000,선발,5.25,3.39,3.61,188.2,165,33
2021,켈리,L,#fc1cad,선발,5.22,3.15,3.76,177.0,142,30
2021,뷰캐넌,삼,#0061aa,선발,5.09,3.1,3.39,177.0,162,30
2021,루친스키,N,#002b69,선발,4.96,3.17,3.22,178.2,177,30
2021,박세웅,롯,#0061aa,선발,4.46,3.98,4.51,163.0,125,28
2021,최원준,두,#042071,선발,4.31,3.3,4.01,158.1,113,29
2021,수아레즈,L,#fc1cad,선발,4.23,2.18,2.66,115.1,126,22
2021,킹험,한,#f37321,선발,4.05,3.19,3.39,144.0,131,25
2021,로켓,두,#042071,선발,3.93,2.98,3.34,124.0,112,21
2021,김민우,한,#f37321,선발,3.86,4.0,4.56,155.1,125,28
2021,파슨스,N,#002b69,선발,3.81,3.72,3.51,133.0,148,24
2021,스트레일리,롯,#888888,선발,3.74,4.07,3.54,165.2,164,31
2021,폰트,S,#cf152d,선발,3.5,3.46,3.12,145.2,157,25
2021,배제성,KT,#000000,선발,3.42,3.68,3.69,141.2,136,26
2021,멩덴,KIA,#ed1c24,선발,2.86,3.6,3.9,120.0,104,21
2021,신민혁,N,#002b69,선발,2.8,4.41,4.36,145.0,107,25
2021,카펜터,한,#f37321,선발,2.74,3.97,3.91,170.0,179,30
2021,임기영,KIA,#ed1c24,선발,2.7,4.88,3.96,153.0,129,28
2021,안우진,키,#86001f,선발,2.65,3.26,4.0,107.2,110,21
2021,쿠에바스,KT,#000000,선발,2.49,4.12,3.44,133.1,137,23
2021,정우영,L,#fc1cad,불펜,2.44,2.22,3.76,65.0,41,0
2021,오승환,삼,#0061aa,불펜,2.42,2.03,2.79,62.0,57,0
2021,이의리,KIA,#ed1c24,선발,2.42,3.61,3.96,94.2,93,19
2021,정해영,KIA,#ed1c24,불펜,2.41,2.2,4.27,65.1,49,0
2021,김재윤,KT,#000000,불펜,2.41,2.42,3.24,67.0,64,0
2021,홍건희,두,#042071,불펜,2.37,2.78,2.62,74.1,82,0
2021,고우석,L,#fc1cad,불펜,2.37,2.17,2.63,58.0,68,0
2021,장현식,KIA,#ed1c24,불펜,2.26,3.29,4.06,76.2,80,0
2021,김택형,S,#cf152d,불펜,2.14,2.39,3.95,75.1,62,0
2021,최채흥,삼,#0061aa,선발,2.11,4.56,4.61,122.1,82,20
2021,곽빈,두,#042071,선발,2.09,4.1,5.04,98.2,96,21
2021,소형준,KT,#000000,선발,2.07,4.16,4.01,119.0,85,24
2021,정찬헌,키,#86001f,선발,2.04,4.01,4.0,114.1,59,23
2021,이민호,L,#fc1cad,선발,2.01,4.3,4.53,115.0,100,22
2021,브룩스,KIA,#ed1c24,선발,1.99,3.35,3.29,78.0,55,13
2021,강재민,한,#f37321,불펜,1.97,2.13,3.39,63.1,55,0
2021,한현희,키,#86001f,선발,1.95,3.89,3.85,85.2,61,15
2021,최준용,롯,#888888,불펜,1.95,2.85,3.95,47.1,45,0
2021,박종훈,S,#cf152d,스윙,1.87,2.82,3.69,54.1,41,9
2021,김원중,롯,#888888,불펜,1.83,3.59,3.79,62.2,64,0
2021,김대유,L,#fc1cad,불펜,1.8,2.13,2.94,50.2,56,0
2021,김강률,두,#042071,불펜,1.75,2.09,3.68,51.2,41,0
2021,프랑코,롯,#888888,선발,1.7,5.4,5.25,150.0,124,27
2021,브리검,키,#86001f,선발,1.68,2.95,4.45,61.0,49,10
2021,임찬규,L,#fc1cad,선발,1.6,3.87,4.31,90.2,67,17
2021,이정용,L,#fc1cad,불펜,1.49,2.97,2.82,69.2,74,0
2021,문승원,S,#cf152d,스윙,1.47,2.86,3.65,50.1,32,9
2021,장지훈,S,#cf152d,불펜,1.47,3.92,3.96,80.1,51,0
2021,윤대경,한,#f37321,스윙,1.46,3.94,4.81,77.2,54,9
2021,주권,KT,#000000,불펜,1.4,3.31,4.66,49.0,19,0
2021,이재학,N,#002b69,선발,1.39,5.2,5.84,83.0,65,17
2021,김태훈,키,#cf152d,불펜,1.39,3.22,3.47,64.1,52,0
2021,엄상백,KT,#000000,스윙,1.37,4.1,5.04,52.2,45,9
2021,구승민,롯,#888888,불펜,1.35,4.33,3.86,62.1,65,0
2021,최원태,키,#86001f,선발,1.31,4.58,4.38,143.1,93,28
2021,서진용,S,#cf152d,불펜,1.27,3.34,4.85,67.1,62,0
2021,이용찬,N,#002b69,불펜,1.26,2.19,2.97,37.0,35,0
2021,심재민,KT,#000000,스윙,1.23,2.89,3.58,46.2,35,2
2021,박시영,KT,#000000,불펜,1.2,2.4,3.02,45.0,51,0
2021,윤중현,KIA,#ed1c24,선발,1.15,3.92,5.46,82.2,33,13
2021,이승진,두,#042071,불펜,1.14,3.91,5.11,48.1,28,0
2021,김민수,KT,#888888,스윙,1.12,2.95,3.2,58.0,55,1
2021,이인복,롯,#888888,스윙,1.08,4.11,3.81,61.1,45,8
2021,홍성민,N,#002b69,불펜,1.05,3.92,4.03,41.1,26,0
2021,송명기,N,#002b69,선발,1.01,5.91,4.52,123.1,102,24
2021,조현우,KT,#000000,불펜,1.0,2.61,3.52,31.0,13,0
2021,김재웅,키,#86001f,불펜,0.88,3.54,4.6,53.1,47,0
2021,류진욱,N,#002b69,불펜,0.85,2.08,4.1,43.1,31,0
2021,진해수,L,#fc1cad,불펜,0.83,2.44,3.5,44.1,39,0
2021,이현승,두,#042071,불펜,0.83,1.93,2.8,23.1,20,0
2021,라이블리,삼,#0061aa,스윙,0.82,4.05,4.02,33.1,38,6
2021,조상우,키,#86001f,불펜,0.82,3.48,3.59,44.0,47,0
2021,주현상,한,#f37321,불펜,0.81,3.58,4.78,50.1,33,0
2021,안영명,KT,#000000,불펜,0.77,4.08,3.23,35.1,32,0
2021,김태훈,S,#cf152d,불펜,0.76,4.97,5.55,58.0,49,0
2021,우규민,삼,#0061aa,불펜,0.76,3.31,3.83,49.0,35,0
2021,임준형,L,#fc1cad,스윙,0.72,3.13,2.43,23.0,21,4
2021,김범수,한,#f37321,스윙,0.7,5.22,3.56,70.2,70,2
2021,송은범,L,#fc1cad,불펜,0.69,4.1,4.06,37.1,19,0
2021,박민호,S,#cf152d,불펜,0.68,3.73,4.61,41.0,19,0
2021,김상수,S,#cf152d,불펜,0.67,5.09,5.46,58.1,44,0
2021,가빌리오,S,#cf152d,선발,0.67,5.86,3.97,81.1,70,15
2021,임정호,N,#002b69,불펜,0.65,4.15,5.23,34.2,24,0
2021,이창재,KT,#000000,불펜,0.63,2.7,2.92,26.2,19,0
2021,이승헌,롯,#002b69,선발,0.62,5.77,5.52,57.2,31,12
2021,백승현,L,#fc1cad,불펜,0.61,2.16,3.38,16.2,10,0
2021,몽고메리,삼,#0061aa,선발,0.6,5.37,4.31,52.0,55,11
2021,이대은,KT,#000000,불펜,0.6,3.48,4.73,31.0,22,0
2021,최민준,S,#cf152d,선발,0.59,5.86,5.54,86.0,62,12
2021,김성민,키,#86001f,불펜,0.58,3.28,5.52,46.2,36,0
2021,이태양,S,#cf152d,선발,0.51,5.73,6.1,103.2,62,14
2021,김동혁,키,#86001f,스윙,0.51,5.05,5.24,82.0,30,8
2021,김영규,N,#002b69,스윙,0.5,5.37,5.4,63.2,42,8
2021,이상영,L,#fc1cad,스윙,0.5,4.32,6.41,50.0,30,9
2021,최성훈,L,#fc1cad,불펜,0.46,2.43,3.85,40.2,33,0
2021,김기중,한,#f37321,선발,0.45,4.7,5.29,53.2,36,12
2021,김윤식,L,#fc1cad,스윙,0.44,4.46,4.11,66.2,56,3
2021,이재희,삼,#0061aa,스윙,0.44,5.4,4.33,21.2,17,5
2021,이승현,삼,#0061aa,불펜,0.43,5.26,3.8,39.1,46,0
2021,하재훈,S,#cf152d,불펜,0.43,4.0,6.59,18.0,8,0
2021,르위키,S,#cf152d,스윙,0.4,3.77,4.29,14.1,9,4
2021,최지광,삼,#0061aa,불펜,0.4,4.91,4.29,51.1,49,0
2021,장민재,한,#f37321,스윙,0.39,2.76,5.13,29.1,13,6
2021,문경찬,N,#002b69,불펜,0.38,4.94,6.05,31.0,25,0
2021,조영우,S,#cf152d,스윙,0.36,5.67,4.96,66.2,48,8
2021,배동현,한,#f37321,스윙,0.36,4.5,5.36,38.0,26,4
2021,윤정현,키,#86001f,불펜,0.36,1.46,3.86,12.1,7,0
2021,노성호,삼,#0061aa,불펜,0.36,4.74,4.97,19.0,19,0
2021,임창민,N,#002b69,불펜,0.35,3.79,4.33,40.1,29,0
2021,다카하시,KIA,#ed1c24,스윙,0.35,4.91,3.28,36.2,46,7
2021,박진우,N,#002b69,불펜,0.34,1.64,2.73,11.0,12,0
2021,전상현,KIA,#ed1c24,불펜,0.32,3.46,4.57,13.0,8,0
2021,송윤준,한,#f37321,불펜,0.31,3.55,4.84,12.2,8,0
2021,심창민,삼,#0061aa,불펜,0.3,5.08,5.09,51.1,58,0
2021,배재준,L,#fc1cad,스윙,0.29,4.13,3.89,32.2,23,6
2021,권휘,두,#042071,불펜,0.27,2.66,4.36,20.1,15,0
2021,김태경,N,#002b69,스윙,0.27,4.8,4.96,15.0,10,3
2021,차우찬,L,#fc1cad,스윙,0.26,5.24,5.71,22.1,12,5
2021,문용익,삼,#0061aa,불펜,0.26,4.5,4.78,22.0,19,0
2021,함덕주,L,#fc1cad,스윙,0.26,4.29,5.12,21.0,18,3
2021,김도규,롯,#888888,불펜,0.26,5.79,3.92,42.0,39,0
2021,김건우,S,#cf152d,스윙,0.25,4.91,6.64,11.0,7,4
2021,장지수,KIA,#ed1c24,불펜,0.25,3.14,7.19,14.1,5,0
2021,윤명준,두,#042071,불펜,0.25,4.73,4.69,45.2,26,0
2021,김인범,키,#86001f,불펜,0.23,0.0,2.0,5.1,5,0
2021,김재열,KIA,#ed1c24,불펜,0.22,3.86,5.93,32.2,18,0
2021,김명신,두,#042071,스윙,0.21,4.3,4.15,67.0,43,1
2021,한승혁,KT,#888888,스윙,0.18,4.56,3.54,23.2,17,5
2021,박치국,두,#042071,불펜,0.18,4.09,3.99,22.0,20,0
2021,서동민,S,#cf152d,불펜,0.17,5.13,5.87,26.1,24,0
2021,배민서,N,#002b69,스윙,0.17,4.95,4.85,40.0,23,2
2021,김진욱,롯,#888888,스윙,0.17,6.31,5.62,45.2,45,5
2021,최영환,롯,#888888,스윙,0.16,6.2,5.2,40.2,28,7
2021,채지선,L,#fc1cad,불펜,0.16,3.12,4.75,17.1,18,0
2021,이영하,두,#042071,선발,0.16,6.29,5.73,78.2,53,11
2021,진명호,롯,#888888,불펜,0.16,4.81,4.81,24.1,24,0
2021,홍정우,삼,#0061aa,불펜,0.15,3.45,4.92,15.2,12,0
2021,김지용,L,#fc1cad,불펜,0.15,0.0,2.19,4.0,5,0
2021,김현준,KIA,#ed1c24,불펜,0.15,5.49,5.66,19.2,19,0
2021,김준형,키,#86001f,불펜,0.15,3.14,6.19,14.1,8,0
2021,김대우,롯,#0061aa,불펜,0.13,5.09,5.38,35.1,31,0
2021,강태경,N,#002b69,스윙,0.11,5.68,6.61,12.2,10,3
2021,노시훈,N,#002b69,불펜,0.11,3.86,7.9,4.2,2,0
2021,박건우,KIA,#ed1c24,불펜,0.11,0.0,3.33,3.0,3,0
2021,김진영,한,#f37321,불펜,0.11,3.93,6.34,18.1,8,0
2021,지명성,KT,#000000,불펜,0.1,0.0,2.82,4.0,4,0
2021,류원석,L,#fc1cad,불펜,0.1,6.0,5.6,6.0,8,0
2021,장민기,KIA,#ed1c24,불펜,0.1,3.47,6.3,23.1,22,0
2021,신재영,S,#cf152d,스윙,0.09,5.72,3.3,28.1,27,1
2021,신재웅,S,#cf152d,불펜,0.08,4.32,2.93,8.1,9,0
2021,이우석,N,#002b69,불펜,0.08,5.59,6.14,9.2,8,0
2021,전유수,KT,#000000,불펜,0.08,3.38,4.52,10.2,9,0
2021,김건국,롯,#888888,불펜,0.08,6.55,5.43,22.0,17,0
2021,박선우,롯,#888888,불펜,0.07,0.0,5.62,2.0,1,0
2021,배성근,롯,#888888,불펜,0.07,0.0,4.07,2.0,1,0
2021,정동윤,S,#cf152d,불펜,0.07,0.0,5.32,2.0,0,0
2021,김주온,S,#cf152d,불펜,0.07,0.0,4.67,2.0,3,0
2021,이상민,삼,#0061aa,불펜,0.06,4.74,5.07,24.2,14,0
2021,정진호,한,#f37321,불펜,0.06,0.0,5.63,1.2,0,0
2021,박승주,키,#86001f,불펜,0.06,4.15,5.34,4.1,1,0
2021,문동욱,한,#f37321,불펜,0.05,0.0,2.34,1.1,2,0
2021,최세창,두,#042071,불펜,0.05,0.0,6.09,1.1,0,0
2021,정수민,S,#cf152d,스윙,0.04,6.82,7.07,30.1,22,7
2021,윤성빈,롯,#888888,불펜,0.04,0.0,6.87,1.0,0,0
2021,김민수,롯,#888888,불펜,0.04,0.0,4.37,1.0,1,0
2021,김도윤,두,#042071,불펜,0.04,0.0,-1.23,1.0,2,0
2021,추재현,롯,#888888,불펜,0.04,0.0,9.97,1.0,0,0
2021,김진수,L,#fc1cad,불펜,0.03,3.86,1.62,2.1,2,0
2021,박웅,두,#042071,불펜,0.03,5.4,4.13,11.2,7,0
2021,김민규,두,#042071,스윙,0.03,6.07,5.7,56.1,39,6
2021,오윤석,KT,#000000,불펜,0.02,0.0,3.77,0.2,0,0
2021,원종현,N,#002b69,불펜,0.02,4.25,4.17,53.0,45,0
2021,김대우,삼,#0061aa,스윙,0.02,6.35,5.05,51.0,27,4
2021,최금강,N,#002b69,불펜,0.02,4.5,5.34,28.0,25,0
2021,유원상,KT,#000000,불펜,0.01,6.08,2.96,13.1,13,0
2021,강동호,롯,#888888,불펜,0.01,6.75,6.54,1.1,1,0
2021,나균안,롯,#888888,스윙,0.01,6.41,4.94,46.1,27,7
2021,남지민,한,#f37321,스윙,0.01,7.36,8.59,7.1,3,3
2021,양창섭,삼,#0061aa,불펜,0.0,6.6,5.63,15.0,13,0
2021,스미스,키,#86001f,스윙,0.0,6.3,5.26,10.0,5,2
2021,최승용,두,#042071,스윙,-0.01,3.93,5.39,18.1,16,2
2021,이승헌,N,#002b69,불펜,-0.01,6.75,1.07,5.1,7,0
2021,홍민기,롯,#888888,불펜,-0.01,27.0,22.37,0.1,0,0
2021,고효준,L,#fc1cad,불펜,-0.01,3.86,2.7,2.1,1,0
2021,정우준,롯,#888888,불펜,-0.01,9.53,7.93,5.2,4,0
2021,신지후,한,#f37321,불펜,-0.02,0.0,13.07,0.1,0,0
2021,강태율,롯,#888888,불펜,-0.02,0.0,3.77,0.1,0,0
2021,문대원,두,#042071,불펜,-0.02,6.75,15.47,1.1,1,0
2021,김강민,S,#cf152d,불펜,-0.02,13.5,22.52,0.2,1,0
2021,박주홍,한,#f37321,스윙,-0.02,12.0,10.57,3.0,3,1
2021,문성현,키,#86001f,불펜,-0.02,5.4,7.1,3.1,3,0
2021,조요한,S,#cf152d,불펜,-0.03,7.71,6.32,7.0,4,0
2021,박주성,키,#86001f,불펜,-0.03,4.91,4.64,18.1,12,0
2021,정인욱,한,#f37321,스윙,-0.03,4.82,8.03,9.1,6,1
2021,이재익,삼,#0061aa,불펜,-0.03,4.5,7.12,10.0,5,0
2021,황영국,한,#f37321,불펜,-0.03,5.52,3.54,14.2,15,0
2021,조영건,키,#86001f,불펜,-0.03,0.0,2.47,1.0,3,0
2021,김동욱,키,#86001f,불펜,-0.03,9.0,11.07,3.0,2,0
2021,정영일,S,#cf152d,불펜,-0.04,9.0,9.72,2.0,0,0
2021,김태형,L,#fc1cad,불펜,-0.04,27.0,10.57,1.0,1,0
2021,윤산흠,한,#f37321,불펜,-0.04,6.0,6.23,3.0,2,0
2021,남호,두,#042071,불펜,-0.04,10.13,5.38,2.2,2,0
2021,최동환,L,#fc1cad,불펜,-0.04,9.53,6.17,5.2,2,0
2021,윤호솔,한,#f37321,불펜,-0.05,4.62,5.36,48.2,42,0
2021,황윤호,KIA,#ed1c24,불펜,-0.05,0.0,3.77,0.2,0,0
2021,오석주,L,#fc1cad,불펜,-0.05,6.48,3.9,8.1,7,0
2021,김종수,한,#f37321,불펜,-0.06,4.82,5.84,46.2,38,0
2021,안인산,N,#002b69,불펜,-0.06,5.4,5.04,6.2,9,0
2021,변시원,KIA,#ed1c24,불펜,-0.06,27.0,22.37,0.2,0,0
2021,이찬혁,L,#fc1cad,불펜,-0.06,18.0,4.97,1.0,2,0
2021,이상규,L,#fc1cad,불펜,-0.07,9.0,5.63,6.0,4,0
2021,최정용,KIA,#ed1c24,불펜,-0.07,0.0,3.77,0.1,0,0
2021,박재민,롯,#888888,불펜,-0.07,16.88,8.68,2.2,2,0
2021,하준호,KT,#000000,불펜,-0.08,6.75,5.22,12.0,10,0
2021,나원탁,롯,#888888,불펜,-0.09,13.5,4.67,2.0,3,0
2021,김이환,한,#f37321,스윙,-0.1,7.62,6.53,26.0,13,5
2021,임현준,삼,#0061aa,불펜,-0.1,6.55,5.05,11.0,8,0
2021,이용준,N,#002b69,불펜,-0.1,21.6,9.71,1.2,1,0
2021,차명진,KIA,#ed1c24,스윙,-0.1,7.59,7.54,10.2,6,3
2021,조병현,S,#cf152d,스윙,-0.11,8.1,5.34,6.2,8,3
2021,오동욱,한,#f37321,불펜,-0.11,5.4,6.5,25.0,13,0
2021,이정현,KT,#000000,스윙,-0.11,9.35,9.39,8.2,1,1
2021,양현,키,#86001f,불펜,-0.11,4.69,4.98,48.0,22,0
2021,고봉재,두,#042071,불펜,-0.12,27.0,12.69,1.1,0,0
2021,박진태,KIA,#ed1c24,불펜,-0.12,5.95,5.47,65.0,45,0
2021,김건태,N,#002b69,불펜,-0.12,5.4,6.93,6.2,5,0
2021,김정인,키,#86001f,스윙,-0.13,7.11,6.32,31.2,21,6
2021,김진호,N,#002b69,스윙,-0.13,27.0,10.57,1.0,1,1
2021,김성진,키,#86001f,불펜,-0.13,5.18,4.69,41.2,31,0
2021,강지광,S,#cf152d,불펜,-0.14,36.0,13.67,1.0,1,0
2021,이상동,KT,#000000,불펜,-0.15,8.53,3.26,6.1,5,0
2021,박소준,두,#042071,스윙,-0.15,5.73,4.65,59.2,33,5
2021,김윤수,삼,#0061aa,스윙,-0.15,6.63,4.67,19.0,25,1
2021,유재유,두,#042071,불펜,-0.16,10.8,14.81,3.1,1,0
2021,장재영,키,#86001f,스윙,-0.16,9.17,6.52,17.2,14,2
2021,정성종,롯,#888888,불펜,-0.16,8.25,7.24,12.0,4,0
2021,이채호,S,#cf152d,불펜,-0.16,7.2,8.89,5.0,3,0
2021,오현택,롯,#888888,불펜,-0.16,6.61,5.33,16.1,8,0
2021,김세현,S,#cf152d,불펜,-0.16,10.38,5.17,4.1,5,0
2021,김동우,롯,#888888,불펜,-0.17,10.8,7.75,5.0,3,0
2021,박세웅,삼,#0061aa,불펜,-0.17,9.0,10.2,3.0,2,0
2021,양선률,S,#cf152d,스윙,-0.17,27.0,13.67,1.0,1,1
2021,장웅정,한,#f37321,불펜,-0.17,9.82,9.74,7.1,4,0
2021,강경학,KIA,#ed1c24,불펜,-0.17,54.0,17.72,0.2,0,0
2021,이형범,두,#042071,불펜,-0.18,0.0,8.87,2.2,2,0
2021,소이현,N,#002b69,불펜,-0.19,6.75,6.03,10.2,10,0
2021,이종민,키,#86001f,불펜,-0.19,23.14,14.95,2.1,3,0
2021,이준영,KIA,#ed1c24,스윙,-0.19,5.55,4.51,35.2,26,1
2021,이승민,삼,#0061aa,선발,-0.2,8.58,6.05,35.2,22,11
2021,구준범,삼,#0061aa,스윙,-0.2,22.5,20.62,2.0,1,1
2021,박준표,KIA,#ed1c24,불펜,-0.2,5.91,5.99,32.0,18,0
2021,최용준,KIA,#ed1c24,스윙,-0.21,14.21,10.95,6.1,6,2
2021,서균,한,#f37321,불펜,-0.21,10.8,7.49,1.2,0,0
2021,이우찬,L,#fc1cad,스윙,-0.21,5.56,5.2,34.0,27,5
2021,허윤동,삼,#0061aa,스윙,-0.22,12.27,6.66,3.2,3,1
2021,한차현,KT,#000000,불펜,-0.22,19.64,13.15,3.2,3,0
2021,김기탁,한,#f37321,불펜,-0.23,5.84,3.35,12.1,12,0
2021,고영창,KIA,#ed1c24,불펜,-0.25,5.79,4.72,23.1,6,0
2021,박정수,두,#042071,스윙,-0.25,7.42,5.32,30.1,26,5
2021,현도훈,두,#042071,스윙,-0.25,12.46,7.19,8.2,9,2
2021,임규빈,키,#86001f,불펜,-0.25,10.38,7.59,8.2,6,0
2021,이충호,한,#f37321,불펜,-0.26,7.71,5.85,16.1,11,0
2021,김태현,N,#002b69,불펜,-0.26,11.81,8.75,5.1,3,0
2021,김유영,롯,#888888,불펜,-0.28,7.23,4.78,18.2,17,0
2021,오원석,S,#cf152d,선발,-0.29,5.89,5.14,110.0,95,21
2021,이강준,롯,#888888,불펜,-0.29,10.8,9.57,8.1,4,0
2021,이교훈,두,#042071,불펜,-0.3,10.8,5.71,8.1,8,0
2021,이승현,삼,#0061aa,불펜,-0.3,9.53,8.4,17.0,7,0
2021,정우람,한,#f37321,불펜,-0.31,5.64,4.9,44.2,32,0
2021,김대현,L,#fc1cad,불펜,-0.32,12.27,10.91,3.2,4,0
2021,김창훈,롯,#888888,불펜,-0.33,11.25,5.7,8.0,6,0
2021,강동연,N,#002b69,스윙,-0.33,7.83,6.2,23.0,14,3
2021,장원준,두,#042071,불펜,-0.34,6.75,6.65,18.2,8,0
2021,홍상삼,KIA,#ed1c24,불펜,-0.34,4.75,5.18,36.0,33,0
2021,강윤구,롯,#888888,스윙,-0.35,8.44,6.37,16.0,15,1
2021,손정욱,N,#002b69,불펜,-0.36,6.57,4.87,12.1,8,0
2021,이건욱,S,#cf152d,스윙,-0.36,11.37,11.43,12.2,5,4
2021,김선기,키,#86001f,스윙,-0.37,6.52,5.56,48.1,25,7
2021,조제영,두,#042071,스윙,-0.37,10.97,6.91,10.2,5,1
2021,박관진,키,#86001f,불펜,-0.37,81.0,22.37,0.2,0,0
2021,남재현,KIA,#ed1c24,스윙,-0.37,14.63,9.05,8.0,5,1
2021,한승혁,롯,#888888,불펜,-0.38,13.5,8.27,4.0,5,0
2021,서준원,롯,#888888,스윙,-0.39,7.33,4.82,54.0,37,8
2021,김정빈,S,#cf152d,스윙,-0.4,9.87,8.46,17.1,21,6
2021,노경은,롯,#888888,선발,-0.41,7.35,6.08,56.1,35,11
2021,이승호,키,#86001f,스윙,-0.43,5.51,4.78,47.1,37,3
2021,이승재,KIA,#ed1c24,불펜,-0.43,7.5,7.19,24.0,17,0
2021,손주영,L,#fc1cad,스윙,-0.43,8.44,6.02,26.2,21,6
2021,서덕원,KIA,#ed1c24,불펜,-0.45,7.44,5.81,32.2,24,0
2021,장시환,한,#f37321,선발,-0.48,7.04,5.18,69.0,47,16
2021,박진형,롯,#888888,불펜,-0.52,7.88,2.66,16.0,23,0
2021,오주원,키,#86001f,불펜,-0.52,9.31,4.67,19.1,11,0
2021,김유신,KIA,#ed1c24,선발,-0.53,7.62,6.95,54.1,29,11
2021,김현수,KIA,#ed1c24,스윙,-0.58,7.88,7.02,45.2,27,8
2021,송재영,롯,#888888,불펜,-0.58,13.5,6.73,14.2,13,0
2021,유희관,두,#042071,선발,-0.66,7.71,6.07,63.0,23,15
2021,이민우,KIA,#ed1c24,선발,-0.71,8.05,6.17,57.0,28,12
2021,장필준,삼,#0061aa,불펜,-0.77,7.27,5.82,34.2,24,0
2021,이승관,한,#f37321,스윙,-0.78,27.0,12.41,5.2,5,2
2021,임준섭,한,#f37321,불펜,-0.83,10.97,5.79,10.2,11,0
2021,이보근,KT,#000000,불펜,-0.89,15.55,8.02,11.0,9,0
2021,김진성,N,#002b69,불펜,-0.98,7.17,5.0,37.2,37,0
2021,신정락,한,#f37321,불펜,-1.21,8.55,6.28,20.0,14,0
2022,안우진,키,#86001f,선발,7.77,2.11,2.09,196.0,224,30
2022,김광현,S,#cf152d,선발,6.63,2.13,3.14,173.1,153,28
2022,폰트,S,#cf152d,선발,5.78,2.69,3.31,184.0,170,28
2022,요키시,키,#86001f,선발,5.74,2.57,2.86,185.1,154,30
2022,수아레즈,삼,#0061aa,선발,5.54,2.49,2.94,173.2,159,29
2022,켈리,L,#fc1cad,선발,5.47,2.54,2.89,166.1,153,27
2022,고영표,KT,#000000,선발,5.43,3.26,2.75,182.1,156,28
2022,플럿코,L,#fc1cad,선발,5.29,2.39,3.19,162.0,149,28
2022,루친스키,N,#002b69,선발,4.99,2.97,2.8,193.2,194,31
2022,뷰캐넌,삼,#0061aa,선발,4.85,3.04,3.61,160.0,117,26
2022,소형준,KT,#000000,선발,4.75,3.05,3.41,171.1,117,27
2022,반즈,롯,#888888,선발,4.46,3.62,3.21,186.1,160,31
2022,구창모,N,#002b69,선발,4.3,2.1,3.03,111.2,108,19
2022,엄상백,KT,#000000,선발,4.19,2.95,3.6,140.1,139,22
2022,놀린,KIA,#ed1c24,선발,4.11,2.47,3.05,124.0,108,21
2022,원태인,삼,#0061aa,선발,3.8,3.92,3.72,165.1,130,27
2022,벤자민,KT,#000000,선발,3.1,2.7,4.04,96.2,77,17
2022,모리만도,S,#cf152d,선발,3.09,1.67,2.99,75.1,67,12
2022,양현종,KIA,#ed1c24,선발,2.93,3.85,3.66,175.1,141,30
2022,김민수,KT,#000000,불펜,2.9,1.9,2.1,80.2,91,0
2022,장민재,한,#f37321,선발,2.89,3.55,4.74,126.2,75,25
2022,김민우,한,#f37321,선발,2.86,4.36,4.61,163.0,129,29
2022,김윤식,L,#fc1cad,선발,2.83,3.31,3.29,114.1,81,23
2022,박세웅,롯,#0061aa,선발,2.82,3.89,2.84,157.1,146,28
2022,곽빈,두,#042071,선발,2.8,3.78,3.99,147.2,138,27
2022,고우석,L,#fc1cad,불펜,2.78,1.48,2.69,60.2,80,0
2022,최원준,두,#042071,선발,2.73,3.6,4.41,165.0,113,30
2022,이인복,롯,#888888,선발,2.6,4.19,3.78,126.2,71,23
2022,김재웅,키,#86001f,불펜,2.6,2.01,3.84,62.2,56,0
2022,노경은,S,#cf152d,스윙,2.49,3.05,3.86,79.2,55,8
2022,파노니,KIA,#ed1c24,선발,2.44,2.72,3.27,82.2,73,14
2022,임기영,KIA,#ed1c24,선발,2.44,4.24,4.81,129.1,82,23
2022,이태양,S,#cf152d,선발,2.4,3.62,4.76,112.0,61,17
2022,데스파이네,KT,#000000,선발,2.22,4.53,3.98,163.0,123,29
2022,이의리,KIA,#ed1c24,선발,2.21,3.86,4.23,154.0,161,28
2022,이용찬,N,#002b69,불펜,2.15,2.08,2.68,60.2,61,0
2022,애플러,키,#86001f,선발,2.14,4.3,4.37,140.1,86,25
2022,나균안,롯,#888888,선발,2.12,3.98,2.73,117.2,123,13
2022,오원석,S,#cf152d,선발,2.11,4.5,4.48,144.0,112,24
2022,스탁,두,#042071,선발,2.07,3.6,4.09,165.0,138,29
2022,김재윤,KT,#000000,불펜,2.0,3.26,2.54,66.1,78,0
2022,김시훈,N,#002b69,스윙,1.96,3.24,4.16,83.1,79,7
2022,스트레일리,롯,#888888,선발,1.9,2.31,3.93,62.1,55,11
2022,최원태,키,#86001f,선발,1.9,3.75,4.18,105.2,63,20
2022,배제성,KT,#000000,선발,1.79,4.21,3.96,107.0,89,18
2022,신민혁,N,#002b69,선발,1.6,4.56,4.12,118.1,105,23
2022,구승민,롯,#888888,불펜,1.58,2.9,2.91,62.0,77,0
2022,정철원,두,#042071,불펜,1.54,3.1,3.93,72.2,47,0
2022,정해영,KIA,#ed1c24,불펜,1.51,3.38,3.44,56.0,43,0
2022,오승환,삼,#0061aa,불펜,1.34,3.32,3.98,57.0,51,0
2022,김대유,L,#fc1cad,불펜,1.32,2.04,3.76,39.2,36,0
2022,이우찬,L,#fc1cad,불펜,1.32,1.81,3.42,44.2,42,0
2022,김태경,N,#002b69,스윙,1.31,3.25,4.93,44.1,31,7
2022,페냐,한,#f37321,선발,1.31,3.72,3.39,67.2,72,13
2022,브랜든,두,#042071,선발,1.29,3.6,4.35,65.0,40,11
2022,김진성,L,#fc1cad,불펜,1.29,3.1,3.76,58.0,54,0
2022,이준영,KIA,#ed1c24,불펜,1.24,2.91,3.89,46.1,42,0
2022,진해수,L,#fc1cad,불펜,1.24,2.4,2.93,45.0,35,0
2022,김영규,N,#002b69,불펜,1.23,3.41,4.16,66.0,46,0
2022,주권,KT,#000000,불펜,1.2,3.91,3.45,50.2,31,0
2022,정우영,L,#fc1cad,불펜,1.18,2.64,4.49,58.0,40,0
2022,백정현,삼,#0061aa,선발,1.18,5.27,5.62,124.2,70,24
2022,서진용,S,#cf152d,불펜,1.16,4.01,4.33,67.1,55,0
2022,라미레즈,한,#f37321,선발,1.13,4.13,4.8,65.1,47,13
2022,전상현,KIA,#ed1c24,불펜,1.07,3.3,2.37,46.1,53,0
2022,김명신,두,#042071,불펜,0.96,3.62,3.71,79.2,61,0
2022,문성현,키,#86001f,불펜,0.94,3.27,3.84,41.1,32,0
2022,송명기,N,#002b69,선발,0.94,4.51,4.75,107.2,106,22
2022,윤산흠,한,#f37321,불펜,0.93,2.67,3.48,33.2,46,0
2022,장현식,KIA,#ed1c24,불펜,0.93,3.12,4.21,52.0,40,0
2022,원종현,N,#002b69,불펜,0.93,2.98,3.63,63.1,50,0
2022,서준원,롯,#888888,스윙,0.93,4.8,3.95,60.0,45,4
2022,최준용,롯,#888888,불펜,0.92,4.06,3.69,71.0,80,0
2022,한현희,키,#86001f,선발,0.91,4.75,4.54,77.2,59,14
2022,파슨스,N,#002b69,스윙,0.89,3.56,3.98,43.0,43,8
2022,임찬규,L,#fc1cad,선발,0.89,5.04,4.5,103.2,75,23
2022,배재준,L,#fc1cad,스윙,0.89,2.3,3.83,31.1,23,5
2022,이재학,N,#002b69,선발,0.82,4.75,4.57,91.0,72,17
2022,박영현,KT,#000000,불펜,0.78,3.66,3.41,51.2,55,0
2022,이승호,키,#86001f,불펜,0.75,3.58,5.1,50.1,44,0
2022,스파크맨,롯,#888888,선발,0.71,5.31,3.68,84.2,89,19
2022,김도규,롯,#888888,불펜,0.71,3.71,3.38,51.0,45,0
2022,최성훈,L,#fc1cad,불펜,0.68,2.16,3.79,33.1,22,0
2022,이채호,KT,#000000,불펜,0.65,2.95,3.12,36.2,32,0
2022,최민준,S,#cf152d,스윙,0.65,3.95,5.4,68.1,48,1
2022,김택형,S,#cf152d,불펜,0.63,4.92,4.03,60.1,62,0
2022,최승용,두,#042071,선발,0.62,5.3,4.58,93.1,64,15
2022,이정용,L,#fc1cad,불펜,0.62,3.34,3.75,59.1,40,0
2022,카펜터,한,#f37321,스윙,0.59,2.5,3.57,18.0,15,4
2022,홍정우,삼,#0061aa,불펜,0.58,3.04,4.53,26.2,20,0
2022,김범수,한,#f37321,불펜,0.54,4.36,4.13,66.0,58,0
2022,이승현,삼,#0061aa,불펜,0.53,4.68,4.51,50.0,39,0
2022,심재민,KT,#000000,스윙,0.52,3.74,4.82,43.1,21,1
2022,김원중,롯,#888888,불펜,0.5,3.98,2.41,43.0,60,0
2022,최동환,L,#fc1cad,불펜,0.5,4.14,4.59,50.0,30,0
2022,김기훈,KIA,#ed1c24,불펜,0.48,1.04,3.69,8.2,9,0
2022,김영준,L,#fc1cad,스윙,0.47,1.86,5.45,9.2,7,2
2022,송은범,L,#fc1cad,불펜,0.45,4.05,5.07,26.2,13,0
2022,킹험,한,#f37321,스윙,0.45,2.76,2.9,16.1,18,3
2022,우규민,삼,#0061aa,불펜,0.45,3.26,3.42,47.0,31,0
2022,장지훈,S,#cf152d,불펜,0.44,4.25,4.37,55.0,33,0
2022,이민호,L,#fc1cad,선발,0.43,5.51,4.95,119.1,73,26
2022,쿠에바스,KT,#000000,스윙,0.43,2.45,4.74,11.0,8,2
2022,김태훈,키,#cf152d,불펜,0.42,3.14,4.15,43.0,34,0
2022,함덕주,L,#fc1cad,불펜,0.39,2.13,4.16,12.2,13,0
2022,정찬헌,키,#86001f,선발,0.38,5.36,5.56,87.1,42,20
2022,김준형,키,#86001f,불펜,0.35,2.03,6.15,13.1,6,0
2022,홍건희,두,#042071,불펜,0.34,3.48,3.42,62.0,60,0
2022,장시환,한,#f37321,불펜,0.34,4.38,3.41,63.2,67,0
2022,박승주,키,#86001f,불펜,0.33,4.32,5.99,25.0,22,0
2022,문용익,삼,#0061aa,불펜,0.32,3.35,4.86,37.2,23,0
2022,박시영,KT,#000000,불펜,0.31,4.6,4.14,15.2,11,0
2022,강재민,한,#f37321,불펜,0.3,4.21,5.08,51.1,39,0
2022,고영창,KIA,#ed1c24,불펜,0.29,1.88,5.52,24.0,9,0
2022,임정호,N,#002b69,불펜,0.27,3.24,2.38,25.0,30,0
2022,박정수,두,#042071,불펜,0.27,3.2,3.68,19.2,18,0
2022,고효준,S,#cf152d,불펜,0.26,3.72,3.51,38.2,35,0
2022,서동민,S,#cf152d,불펜,0.26,2.57,4.99,21.0,19,0
2022,정우람,한,#f37321,불펜,0.24,2.95,2.55,18.1,20,0
2022,조현우,KT,#000000,불펜,0.21,4.5,4.81,12.0,5,0
2022,박상원,한,#f37321,불펜,0.2,2.25,2.0,12.0,16,0
2022,윤중현,KIA,#ed1c24,불펜,0.19,5.03,4.51,53.2,27,0
2022,이승민,삼,#0061aa,불펜,0.19,1.69,5.75,5.1,2,0
2022,김민,KT,#000000,불펜,0.19,2.35,3.94,7.2,8,0
2022,채지선,L,#fc1cad,불펜,0.18,0.0,3.15,3.0,2,0
2022,김동혁,키,#86001f,불펜,0.17,4.73,3.26,26.2,18,0
2022,조원태,L,#fc1cad,불펜,0.15,0.0,6.11,4.0,0,0
2022,이승현,삼,#0061aa,불펜,0.15,4.53,3.47,47.2,57,0
2022,최하늘,삼,#0061aa,스윙,0.14,6.15,5.78,33.2,18,5
2022,문동주,한,#f37321,스윙,0.14,5.65,4.34,28.2,36,4
2022,박주혁,삼,#0061aa,불펜,0.14,1.35,6.3,6.2,3,0
2022,김대우,삼,#888888,불펜,0.14,2.08,0.9,4.1,5,0
2022,이지강,L,#fc1cad,스윙,0.14,4.91,6.08,11.0,6,1
2022,더모디,N,#002b69,스윙,0.13,4.54,3.92,39.2,37,8
2022,하준영,N,#002b69,불펜,0.13,4.62,3.23,39.0,44,0
2022,강효종,L,#fc1cad,스윙,0.13,3.6,4.26,5.0,4,1
2022,박치국,두,#042071,불펜,0.12,5.4,4.14,11.2,12,0
2022,장지수,KIA,#ed1c24,불펜,0.12,0.0,4.08,2.0,1,0
2022,박민호,S,#cf152d,불펜,0.12,4.09,5.88,22.0,12,0
2022,전사민,N,#002b69,불펜,0.1,3.24,6.84,8.1,2,0
2022,이정현,KT,#000000,불펜,0.09,2.45,10.58,3.2,1,0
2022,이영하,두,#042071,선발,0.09,4.93,4.23,98.2,83,20
2022,이병헌,두,#042071,불펜,0.09,3.6,6.24,5.0,5,0
2022,한승혁,KIA,#ed1c24,선발,0.08,5.27,4.0,80.1,69,16
2022,손주영,L,#fc1cad,스윙,0.07,4.97,4.9,12.2,8,3
2022,박윤철,한,#f37321,스윙,0.07,4.59,6.69,33.1,16,7
2022,박웅,두,#042071,불펜,0.07,3.0,6.15,6.0,3,0
2022,이승재,KIA,#ed1c24,불펜,0.07,0.0,4.38,1.0,1,0
2022,안영명,KT,#000000,불펜,0.06,2.7,3.03,3.1,1,0
2022,박종훈,S,#cf152d,선발,0.05,6.0,5.06,48.0,40,11
2022,김주완,L,#fc1cad,불펜,0.05,0.0,6.88,1.0,0,0
2022,오석주,L,#fc1cad,불펜,0.05,2.45,5.67,3.2,2,0
2022,허윤동,삼,#0061aa,선발,0.03,6.55,6.13,55.0,36,12
2022,최충연,삼,#0061aa,불펜,0.03,4.7,4.6,38.1,29,0
2022,김윤수,삼,#0061aa,스윙,0.03,5.91,4.22,35.0,32,1
2022,한승주,한,#f37321,스윙,0.03,6.32,3.25,15.2,12,2
2022,지명성,KT,#000000,불펜,0.03,4.5,4.08,2.0,1,0
2022,김현수,KIA,#ed1c24,불펜,0.03,4.5,4.08,2.0,1,0
2022,박동수,N,#002b69,불펜,0.03,5.52,5.88,14.2,15,0
2022,김진욱,롯,#888888,선발,0.02,6.36,4.55,46.2,52,12
2022,임준섭,한,#f37321,불펜,0.02,2.45,5.48,3.2,0,0
2022,한재승,N,#002b69,불펜,0.02,2.53,4.4,10.2,11,0
2022,김창훈,롯,#888888,불펜,0.01,5.4,0.78,1.2,2,0
2022,윤정현,키,#86001f,스윙,0.01,6.35,5.15,22.2,17,2
2022,이대호,롯,#888888,불펜,0.01,0.0,3.78,0.1,0,0
2022,이명종,키,#86001f,불펜,0.01,5.27,5.3,27.1,20,0
2022,하준수,N,#002b69,불펜,0.01,6.0,6.05,3.0,1,0
2022,장재혁,KIA,#ed1c24,불펜,0.01,6.0,3.55,3.0,4,0
2022,조무근,롯,#888888,불펜,0.0,4.5,4.08,2.0,1,0
2022,이상우,KT,#000000,불펜,0.0,2.7,4.89,3.1,1,0
2022,이수민,삼,#0061aa,불펜,0.0,5.79,9.25,4.2,2,0
2022,김선기,키,#86001f,스윙,-0.01,5.15,3.84,36.2,30,2
2022,송승기,L,#fc1cad,불펜,-0.01,5.4,4.44,8.1,10,0
2022,노성호,삼,#0061aa,불펜,-0.01,4.5,5.93,2.0,2,0
2022,전영준,S,#cf152d,스윙,-0.02,7.2,7.52,5.0,7,1
2022,송윤준,한,#f37321,불펜,-0.02,6.23,4.91,4.1,3,0
2022,김주온,S,#cf152d,불펜,-0.02,11.25,8.13,4.0,4,0
2022,박세웅,삼,#0061aa,불펜,-0.02,6.75,8.88,2.2,2,0
2022,홍상삼,KIA,#ed1c24,불펜,-0.03,5.82,5.53,21.2,19,0
2022,김태오,KT,#000000,불펜,-0.03,4.15,0.9,4.1,5,0
2022,정성종,롯,#888888,불펜,-0.03,4.15,3.76,4.1,5,0
2022,박시후,S,#cf152d,불펜,-0.04,18.0,3.78,1.0,0,0
2022,이건욱,S,#cf152d,스윙,-0.04,9.0,10.22,3.0,2,1
2022,권휘,두,#042071,불펜,-0.04,5.79,5.71,9.1,5,0
2022,장필준,삼,#0061aa,스윙,-0.04,5.7,4.42,30.0,17,1
2022,이형범,두,#042071,불펜,-0.04,4.35,4.3,31.0,17,0
2022,이우석,N,#002b69,불펜,-0.05,21.6,11.58,1.2,1,0
2022,강윤구,롯,#888888,불펜,-0.05,5.48,1.64,21.1,27,0
2022,문승원,S,#cf152d,불펜,-0.05,5.11,3.83,24.2,25,0
2022,정구범,N,#002b69,불펜,-0.06,13.5,11.28,1.1,2,0
2022,이승관,한,#f37321,불펜,-0.06,10.13,5.28,5.1,3,0
2022,김건우,S,#cf152d,스윙,-0.06,9.0,11.05,3.0,1,1
2022,신헌민,S,#cf152d,불펜,-0.06,9.0,1.28,1.0,1,0
2022,박정준,삼,#0061aa,불펜,-0.06,6.3,7.02,10.0,4,0
2022,이영준,키,#86001f,불펜,-0.07,4.29,3.95,21.0,16,0
2022,김규연,한,#f37321,불펜,-0.07,5.27,6.24,13.2,11,0
2022,윤호솔,한,#f37321,불펜,-0.07,4.04,4.37,42.1,33,0
2022,임준형,L,#fc1cad,스윙,-0.07,6.0,4.17,30.0,26,5
2022,정성곤,S,#cf152d,불펜,-0.08,10.13,10.08,2.2,3,0
2022,이충호,한,#f37321,불펜,-0.09,9.64,8.18,4.2,4,0
2022,조민석,N,#002b69,불펜,-0.09,4.5,5.8,16.0,14,0
2022,김유신,KIA,#ed1c24,불펜,-0.1,6.14,8.07,14.2,9,0
2022,김지용,두,#042071,불펜,-0.1,6.05,6.14,19.1,13,0
2022,이도윤,한,#f37321,불펜,-0.1,20.25,3.78,1.1,0,0
2022,윤태현,S,#cf152d,불펜,-0.1,9.0,4.38,2.0,2,0
2022,이창재,KT,#000000,불펜,-0.11,33.75,7.01,1.1,2,0
2022,로니,KIA,#ed1c24,스윙,-0.12,5.89,6.03,44.1,32,9
2022,임대한,삼,#0061aa,불펜,-0.12,5.27,5.01,13.2,8,0
2022,조요한,S,#cf152d,불펜,-0.12,6.52,5.8,19.1,15,0
2022,김서준,삼,#0061aa,불펜,-0.12,10.13,12.18,2.2,2,0
2022,김도현,KIA,#ed1c24,스윙,-0.13,7.59,5.18,10.2,11,2
2022,김대우,롯,#888888,불펜,-0.13,4.5,4.26,10.0,8,0
2022,나원탁,롯,#888888,불펜,-0.13,9.0,6.05,6.0,8,0
2022,장재영,키,#86001f,불펜,-0.14,7.71,3.86,14.0,19,0
2022,류진욱,N,#002b69,불펜,-0.14,4.86,4.64,46.1,37,0
2022,김기중,한,#f37321,스윙,-0.14,6.0,9.18,12.0,8,3
2022,신재영,S,#cf152d,불펜,-0.15,12.46,6.97,4.1,4,0
2022,미란다,두,#042071,스윙,-0.15,8.22,8.86,7.2,8,3
2022,주승우,키,#86001f,스윙,-0.15,10.8,10.86,3.1,4,1
2022,이강준,롯,#888888,불펜,-0.16,10.24,9.88,9.2,6,0
2022,진명호,롯,#888888,불펜,-0.16,6.06,4.92,16.1,11,0
2022,신정락,한,#f37321,불펜,-0.16,4.02,4.96,47.0,23,0
2022,최지강,두,#042071,불펜,-0.16,21.6,4.5,1.2,2,0
2022,허준혁,L,#fc1cad,불펜,-0.16,9.64,10.62,4.2,4,0
2022,김상수,S,#cf152d,불펜,-0.17,9.0,7.76,8.0,3,0
2022,이상민,삼,#0061aa,불펜,-0.18,3.68,5.75,29.1,23,0
2022,심창민,N,#002b69,불펜,-0.19,14.21,6.31,6.1,6,0
2022,남지민,한,#f37321,선발,-0.19,6.37,5.51,89.0,41,20
2022,최영환,롯,#888888,스윙,-0.2,20.25,5.17,2.2,1,1
2022,장원준,두,#042071,불펜,-0.2,3.71,4.21,17.0,7,0
2022,양창섭,삼,#0061aa,스윙,-0.2,8.41,6.29,20.1,10,6
2022,송정인,키,#86001f,불펜,-0.2,22.5,8.43,2.0,0,0
2022,진승현,롯,#888888,불펜,-0.2,9.0,6.13,9.0,11,0
2022,이승헌,롯,#888888,스윙,-0.2,54.0,13.98,0.2,1,1
2022,이재익,삼,#0061aa,불펜,-0.2,5.94,4.57,33.1,21,0
2022,강동연,N,#002b69,불펜,-0.22,10.38,7.1,8.2,3,0
2022,전유수,KT,#000000,불펜,-0.22,8.18,5.82,11.0,2,0
2022,송후섭,KIA,#ed1c24,불펜,-0.23,99.99,22.38,0.1,0,0
2022,박준영,한,#f37321,스윙,-0.23,10.64,4.85,11.0,10,2
2022,김민기,롯,#888888,불펜,-0.23,67.5,26.28,0.2,0,0
2022,문경찬,롯,#888888,불펜,-0.23,5.8,4.63,40.1,31,0
2022,양현,키,#86001f,불펜,-0.25,5.15,5.48,36.2,14,0
2022,박주성,키,#86001f,불펜,-0.26,5.54,8.05,13.0,8,0
2022,김태훈,S,#cf152d,불펜,-0.27,10.13,13.59,5.1,1,0
2022,최지민,KIA,#ed1c24,불펜,-0.28,13.5,5.95,6.0,7,0
2022,최건,롯,#888888,불펜,-0.29,23.14,8.54,2.1,3,0
2022,노운현,키,#86001f,불펜,-0.29,11.25,5.01,4.0,3,0
2022,박준표,KIA,#ed1c24,불펜,-0.29,5.4,6.64,23.1,11,0
2022,이민우,한,#f37321,스윙,-0.3,6.25,4.68,44.2,23,5
2022,류희운,한,#f37321,불펜,-0.3,8.49,6.07,11.2,10,0
2022,이재민,한,#f37321,불펜,-0.31,36.0,13.08,2.0,0,0
2022,하준호,KT,#000000,불펜,-0.31,8.27,6.17,16.1,15,0
2022,김동주,두,#042071,불펜,-0.31,7.56,7.08,16.2,13,0
2022,김현준,KIA,#ed1c24,불펜,-0.31,5.52,3.31,14.2,9,0
2022,김승현,삼,#0061aa,불펜,-0.34,11.25,9.71,4.0,5,0
2022,노바,S,#cf152d,선발,-0.37,6.5,4.92,63.2,32,12
2022,김재열,KIA,#ed1c24,불펜,-0.38,6.07,4.66,43.0,36,0
2022,이민석,롯,#888888,스윙,-0.38,5.88,4.29,33.2,37,1
2022,남하준,KIA,#ed1c24,불펜,-0.4,8.71,9.04,10.1,6,0
2022,이승진,두,#042071,불펜,-0.4,6.61,4.66,31.1,29,0
2022,임창민,두,#042071,불펜,-0.42,3.95,4.64,27.1,21,0
2022,김강률,두,#042071,불펜,-0.44,4.38,4.36,24.2,15,0
2022,김정빈,KIA,#ed1c24,불펜,-0.45,7.0,5.75,27.0,23,0
2022,김진호,N,#002b69,불펜,-0.46,6.12,5.21,42.2,35,0
2022,김건태,N,#002b69,불펜,-0.47,4.42,4.93,18.1,16,0
2022,김재영,한,#f37321,스윙,-0.5,5.4,4.6,30.0,16,1
2022,한두솔,S,#cf152d,불펜,-0.54,16.88,5.64,5.1,1,0
2022,황동재,삼,#0061aa,선발,-0.56,7.06,4.85,66.1,53,13
2022,백승현,L,#fc1cad,불펜,-0.57,10.8,7.89,10.0,3,0
2022,윤대경,한,#f37321,선발,-0.58,7.53,4.03,75.1,51,14
2022,이용준,N,#002b69,스윙,-0.61,8.59,6.04,22.0,19,2
2022,이현승,두,#042071,불펜,-0.71,6.23,5.72,8.2,9,0
2022,전창민,두,#042071,불펜,-0.75,19.29,8.19,9.1,3,0
2022,박신지,두,#042071,스윙,-0.76,6.71,5.86,61.2,38,9
2022,하영민,키,#86001f,불펜,-0.77,3.43,5.19,39.1,23,0
2022,김종수,한,#f37321,불펜,-0.81,4.4,4.12,45.0,45,0
2022,유승철,KIA,#ed1c24,불펜,-0.93,7.58,7.52,19.0,14,0
2022,김성진,키,#86001f,불펜,-0.93,7.89,5.45,21.2,16,0
2022,주현상,한,#f37321,불펜,-0.94,6.83,4.38,55.1,33,0
2022,윤명준,두,#042071,불펜,-0.96,8.46,7.48,22.1,15,0
2022,김유영,롯,#888888,불펜,-0.99,5.65,4.44,51.0,44,0
2023,페디,N,#002b69,선발,7.63,2.0,2.22,180.1,209,30
2023,고영표,KT,#000000,선발,6.05,2.78,3.19,174.2,114,27
2023,안우진,키,#86001f,선발,5.94,2.39,2.33,150.2,164,24
2023,후라도,키,#86001f,선발,5.88,2.65,3.15,183.2,147,30
2023,뷰캐넌,삼,#0061aa,선발,5.57,2.54,3.05,188.0,139,30
2023,알칸타라,두,#042071,선발,5.36,2.67,3.38,192.0,162,31
2023,반즈,롯,#888888,선발,4.85,3.28,3.4,170.1,147,30
2023,쿠에바스,KT,#000000,선발,4.67,2.6,2.78,114.1,100,18
2023,플럿코,L,#fc1cad,선발,4.44,2.41,3.14,123.1,101,21
2023,곽빈,두,#042071,선발,3.92,2.9,3.96,127.1,106,23
2023,원태인,삼,#0061aa,선발,3.89,3.24,4.17,150.0,102,26
2023,페냐,한,#f37321,선발,3.7,3.6,4.06,177.1,147,32
2023,박세웅,롯,#0061aa,선발,3.68,3.45,3.62,154.0,129,27
2023,김광현,S,#cf152d,선발,3.63,3.53,4.19,168.1,119,30
2023,양현종,KIA,#ed1c24,선발,3.59,3.58,3.7,171.0,133,29
2023,켈리,L,#fc1cad,선발,3.37,3.83,3.49,178.2,129,30
2023,브랜든,두,#042071,선발,3.3,2.49,3.16,104.2,100,18
2023,임찬규,L,#fc1cad,선발,3.29,3.42,4.16,144.2,103,26
2023,벤자민,KT,#000000,선발,3.14,3.54,3.14,160.0,157,29
2023,엄상백,KT,#000000,선발,3.06,3.63,3.36,111.2,89,19
2023,엘리아스,S,#cf152d,선발,2.92,3.7,4.09,131.1,93,21
2023,나균안,롯,#888888,선발,2.9,3.8,3.51,130.1,114,23
2023,맥카티,S,#cf152d,선발,2.87,3.39,3.63,130.0,116,24
2023,이의리,KIA,#ed1c24,선발,2.85,3.96,3.63,131.2,156,28
2023,문동주,한,#f37321,선발,2.67,3.72,3.65,118.2,95,23
2023,서진용,S,#cf152d,불펜,2.65,2.59,4.27,73.0,64,0
2023,윌커슨,롯,#888888,선발,2.6,2.26,2.61,79.2,81,13
2023,백정현,삼,#0061aa,선발,2.56,3.67,3.91,100.2,61,18
2023,김재윤,KT,#000000,불펜,2.51,2.6,2.4,65.2,60,0
2023,최원태,L,#fc1cad,선발,2.48,4.3,3.89,146.2,118,26
2023,윤영철,KIA,#ed1c24,선발,2.45,4.04,4.55,122.2,74,24
2023,류진욱,N,#002b69,불펜,2.43,2.15,3.24,67.0,62,0
2023,함덕주,L,#fc1cad,불펜,2.41,1.62,2.69,55.2,59,0
2023,박영현,KT,#000000,불펜,2.39,2.75,2.65,75.1,79,0
2023,배제성,KT,#000000,선발,2.26,4.49,4.76,130.1,79,24
2023,산체스,한,#ed1c24,선발,2.2,3.79,3.92,126.0,99,24
2023,수아레즈,삼,#0061aa,선발,2.2,3.92,3.12,108.0,88,19
2023,주현상,한,#f37321,불펜,2.18,1.96,3.25,59.2,45,0
2023,김진성,L,#fc1cad,불펜,2.14,2.18,3.9,70.1,69,0
2023,임기영,KIA,#ed1c24,불펜,2.06,2.96,3.93,82.0,57,0
2023,백승현,L,#fc1cad,불펜,1.94,1.58,3.89,40.0,30,0
2023,신민혁,N,#002b69,선발,1.93,3.98,4.01,122.0,97,24
2023,태너,N,#002b69,선발,1.81,2.92,3.81,64.2,47,11
2023,손동현,KT,#000000,불펜,1.81,3.42,4.23,73.2,40,0
2023,파노니,KIA,#ed1c24,선발,1.77,4.26,3.65,82.1,66,15
2023,최승용,두,#042071,선발,1.69,3.97,4.03,111.0,82,20
2023,전상현,KIA,#ed1c24,불펜,1.67,2.15,3.3,58.2,50,0
2023,구창모,N,#002b69,스윙,1.66,2.96,3.02,51.2,56,9
2023,김동주,두,#042071,선발,1.62,4.14,4.27,78.1,59,17
2023,노경은,S,#cf152d,불펜,1.62,3.58,3.81,83.0,65,0
2023,김상수,롯,#888888,불펜,1.53,3.12,3.78,52.0,36,0
2023,와이드너,삼,#0061aa,선발,1.52,4.54,3.66,115.0,99,20
2023,이태양,한,#f37321,선발,1.49,3.23,3.6,100.1,72,12
2023,최준용,롯,#888888,불펜,1.47,2.45,3.42,47.2,40,0
2023,김윤식,L,#fc1cad,선발,1.44,4.22,4.24,74.2,42,16
2023,스트레일리,롯,#888888,선발,1.38,4.37,4.37,80.1,70,16
2023,유영찬,L,#fc1cad,불펜,1.35,3.44,4.67,68.0,55,0
2023,앤더슨,KIA,#ed1c24,선발,1.33,3.76,3.83,79.0,64,14
2023,정해영,KIA,#ed1c24,불펜,1.3,2.92,4.25,49.1,30,0
2023,김원중,롯,#888888,불펜,1.28,2.97,2.37,63.2,82,0
2023,김영규,N,#002b69,불펜,1.22,3.06,3.5,61.2,48,0
2023,윤대경,한,#f37321,불펜,1.22,2.45,5.01,47.2,28,0
2023,김재웅,키,#86001f,불펜,1.15,4.22,3.52,59.2,46,0
2023,김명신,두,#042071,불펜,1.14,3.65,3.42,79.0,65,0
2023,최원준,두,#042071,선발,1.13,4.93,4.57,107.2,71,20
2023,임창민,키,#86001f,불펜,1.12,2.51,3.6,46.2,40,0
2023,이재학,N,#002b69,선발,1.06,4.54,5.06,67.1,43,13
2023,오원석,S,#cf152d,선발,1.06,5.23,4.9,144.2,88,27
2023,홍건희,두,#042071,불펜,1.04,3.06,3.21,61.2,62,0
2023,이용찬,N,#002b69,불펜,1.03,4.13,3.8,61.0,51,0
2023,이정용,L,#fc1cad,선발,0.9,4.15,3.84,86.2,50,13
2023,최성영,N,#002b69,선발,0.89,4.86,5.22,66.2,38,13
2023,이우찬,L,#fc1cad,불펜,0.87,3.52,3.82,38.1,30,0
2023,이준영,KIA,#ed1c24,불펜,0.85,3.21,3.74,33.2,30,0
2023,심재민,롯,#888888,스윙,0.84,3.78,4.0,47.2,29,6
2023,송명기,N,#002b69,선발,0.84,4.83,5.38,104.1,65,17
2023,오승환,삼,#0061aa,스윙,0.82,3.45,4.59,62.2,44,1
2023,구승민,롯,#888888,불펜,0.81,3.96,3.66,63.2,66,0
2023,정찬헌,키,#86001f,선발,0.76,4.75,3.9,72.0,35,14
2023,최지민,KIA,#ed1c24,불펜,0.75,2.12,4.31,59.1,44,0
2023,김성진,키,#86001f,불펜,0.73,3.64,4.74,47.0,38,0
2023,이상동,KT,#000000,불펜,0.71,3.98,3.44,40.2,43,0
2023,김기중,한,#f37321,스윙,0.67,4.63,4.69,56.1,46,6
2023,최동환,L,#fc1cad,불펜,0.67,3.19,4.41,42.1,20,0
2023,고효준,S,#cf152d,불펜,0.67,4.5,4.03,58.0,66,0
2023,한승주,한,#f37321,스윙,0.67,3.95,4.45,70.2,55,6
2023,요키시,키,#86001f,선발,0.66,4.39,3.25,65.2,51,12
2023,고우석,L,#fc1cad,불펜,0.66,3.68,2.8,44.0,59,0
2023,이건욱,S,#cf152d,스윙,0.61,2.09,4.01,38.2,31,1
2023,문승원,S,#cf152d,선발,0.6,5.23,4.84,105.0,65,12
2023,박치국,두,#042071,불펜,0.59,3.59,3.49,52.2,48,0
2023,이호성,삼,#0061aa,스윙,0.58,2.65,4.76,17.0,11,2
2023,한현희,롯,#888888,선발,0.55,5.45,4.97,104.0,74,18
2023,이용준,N,#002b69,선발,0.55,4.3,5.0,67.0,50,12
2023,장시환,한,#f37321,불펜,0.55,3.38,4.61,34.2,24,0
2023,이승현,삼,#0061aa,불펜,0.53,3.6,3.81,60.0,42,0
2023,장현식,KIA,#ed1c24,불펜,0.5,4.06,4.67,51.0,44,0
2023,김진호,N,#002b69,불펜,0.46,2.76,2.57,16.1,22,0
2023,김규연,한,#f37321,불펜,0.46,2.75,3.2,19.2,20,0
2023,김강률,두,#042071,불펜,0.41,4.21,4.42,25.2,21,0
2023,윤중현,KIA,#ed1c24,불펜,0.41,3.86,5.09,28.0,8,0
2023,장재영,키,#86001f,선발,0.4,5.53,5.38,71.2,67,17
2023,조영건,키,#86001f,불펜,0.36,0.0,2.38,7.2,7,0
2023,슐서,KT,#000000,스윙,0.35,5.62,4.34,49.2,35,9
2023,임정호,N,#002b69,불펜,0.32,4.68,3.42,50.0,49,0
2023,하준영,N,#002b69,불펜,0.32,4.59,3.65,49.0,49,0
2023,전용주,KT,#000000,불펜,0.3,4.35,3.77,10.1,9,0
2023,주권,KT,#000000,스윙,0.3,4.4,5.28,47.0,17,3
2023,조민석,N,#002b69,불펜,0.27,4.06,4.06,31.0,28,0
2023,이선우,KT,#000000,스윙,0.26,4.34,4.92,37.1,24,4
2023,백승건,S,#cf152d,스윙,0.25,4.97,5.52,38.0,29,2
2023,김대우,삼,#0061aa,스윙,0.25,4.5,4.4,64.0,49,5
2023,정우람,한,#f37321,불펜,0.24,5.36,4.34,40.1,30,0
2023,박민호,S,#cf152d,불펜,0.24,0.9,3.78,10.0,4,0
2023,문용익,삼,#0061aa,불펜,0.24,4.15,4.88,13.0,12,0
2023,김도규,롯,#888888,불펜,0.24,4.55,3.52,29.2,26,0
2023,김영현,KT,#000000,불펜,0.22,5.45,4.61,33.0,35,0
2023,석상호,롯,#888888,불펜,0.22,0.0,2.2,5.1,6,0
2023,최민준,S,#cf152d,불펜,0.22,4.2,4.68,60.0,37,0
2023,이지강,L,#fc1cad,선발,0.21,3.97,4.84,68.0,38,12
2023,이상규,L,#fc1cad,불펜,0.21,2.35,3.91,7.2,6,0
2023,이민우,한,#f37321,불펜,0.2,2.63,4.94,13.2,11,0
2023,이재익,삼,#0061aa,불펜,0.2,3.95,4.27,41.0,26,0
2023,강건,KT,#000000,불펜,0.19,1.35,2.24,6.2,8,0
2023,우규민,삼,#0061aa,불펜,0.17,4.81,3.63,43.0,28,0
2023,이진하,롯,#888888,불펜,0.17,3.38,4.77,8.0,2,0
2023,김승현,KIA,#ed1c24,불펜,0.16,4.26,6.1,12.2,7,0
2023,정성종,롯,#888888,스윙,0.15,5.32,5.37,22.0,10,3
2023,백승우,두,#042071,불펜,0.15,0.0,6.32,4.0,1,0
2023,김범수,한,#f37321,불펜,0.14,4.19,3.93,62.1,52,0
2023,산체스,KIA,#ed1c24,선발,0.13,5.94,3.77,63.2,59,11
2023,이재희,삼,#0061aa,스윙,0.12,3.38,5.71,8.0,5,1
2023,이상영,L,#fc1cad,스윙,0.12,3.27,6.04,11.0,4,2
2023,윤정현,키,#86001f,불펜,0.12,1.5,6.12,6.0,2,0
2023,박종훈,S,#cf152d,선발,0.11,6.19,6.35,80.0,56,16
2023,홍원표,삼,#0061aa,불펜,0.11,2.45,4.86,3.2,1,0
2023,스미스,한,#f37321,스윙,0.09,6.75,3.14,2.2,2,1
2023,이승호,키,#86001f,스윙,0.09,5.4,8.21,5.0,1,1
2023,박정수,두,#042071,불펜,0.08,4.17,4.21,36.2,28,0
2023,박준표,KIA,#ed1c24,불펜,0.08,4.5,4.96,28.0,13,0
2023,김창훈,롯,#888888,불펜,0.08,2.08,3.99,4.1,1,0
2023,최지강,두,#042071,불펜,0.08,5.32,5.22,22.0,14,0
2023,이민석,롯,#888888,불펜,0.07,0.0,4.3,1.1,1,0
2023,김강현,롯,#888888,불펜,0.07,3.0,6.95,3.0,0,0
2023,심창민,N,#002b69,불펜,0.07,2.7,5.68,3.1,5,0
2023,전사민,N,#002b69,불펜,0.06,4.76,6.58,17.0,6,0
2023,김태현,N,#002b69,불펜,0.06,4.43,6.6,20.1,14,0
2023,김민규,두,#042071,스윙,0.06,4.32,4.58,8.1,5,1
2023,메디나,KIA,#ed1c24,선발,0.06,6.05,5.56,58.0,36,12
2023,윤호솔,L,#fc1cad,불펜,0.06,2.45,3.66,3.2,4,0
2023,송은범,L,#fc1cad,불펜,0.06,2.45,5.02,3.2,2,0
2023,장원준,두,#042071,선발,0.05,5.27,4.53,41.0,24,10
2023,이민호,L,#fc1cad,스윙,0.05,5.03,5.14,19.2,7,5
2023,김시훈,N,#002b69,불펜,0.04,4.44,4.26,52.2,49,0
2023,김대유,KIA,#ed1c24,불펜,0.04,5.11,4.42,24.2,20,0
2023,서동민,S,#cf152d,불펜,0.04,0.0,10.65,1.0,1,0
2023,박영완,롯,#888888,불펜,0.04,0.0,4.45,1.0,1,0
2023,유승철,KIA,#ed1c24,불펜,0.04,0.0,6.95,1.0,0,0
2023,진해수,L,#fc1cad,불펜,0.04,3.68,5.54,14.2,12,0
2023,김태욱,롯,#888888,불펜,0.04,0.0,3.85,1.0,0,0
2023,송승기,L,#fc1cad,불펜,0.04,0.0,6.95,1.0,0,0
2023,하준수,N,#002b69,불펜,0.04,0.0,7.55,1.0,1,0
2023,박세진,KT,#000000,불펜,0.03,3.86,6.45,11.2,10,0
2023,이명종,키,#86001f,스윙,0.03,5.21,5.38,57.0,26,2
2023,김준형,키,#86001f,불펜,0.03,7.04,5.86,7.2,5,0
2023,류원석,한,#f37321,불펜,0.03,4.5,4.15,2.0,1,0
2023,이우석,N,#002b69,불펜,0.02,0.0,8.5,0.2,0,0
2023,김정운,KT,#000000,불펜,0.01,3.86,6.32,7.0,3,0
2023,하준호,KT,#000000,불펜,0.01,4.15,6.27,13.0,6,0
2023,조현우,KT,#000000,불펜,0.01,6.0,5.08,3.0,1,0
2023,정철원,두,#042071,불펜,0.01,3.96,4.63,72.2,55,0
2023,조성훈,S,#cf152d,스윙,0.01,6.43,5.08,7.0,4,2
2023,박권후,삼,#0061aa,불펜,0.0,3.38,9.47,2.2,0,0
2023,한두솔,S,#cf152d,불펜,-0.01,9.0,5.05,1.0,2,0
2023,최이준,롯,#888888,불펜,-0.01,6.83,4.78,29.0,20,0
2023,김주한,S,#cf152d,불펜,-0.01,99.99,0.0,0.0,0,0
2023,김영준,L,#fc1cad,불펜,-0.02,27.0,13.15,0.1,0,0
2023,성동현,L,#fc1cad,불펜,-0.02,9.0,4.45,1.0,1,0
2023,한재승,N,#002b69,불펜,-0.02,4.66,5.33,9.2,10,0
2023,이승현,삼,#0061aa,불펜,-0.02,4.98,5.51,43.1,37,0
2023,우강훈,롯,#888888,스윙,-0.02,6.0,4.35,6.0,5,1
2023,오석주,L,#fc1cad,불펜,-0.02,6.3,4.41,10.0,11,0
2023,채지선,N,#002b69,불펜,-0.03,8.1,6.07,3.1,2,0
2023,김건국,KIA,#ed1c24,스윙,-0.03,6.75,3.41,16.0,9,5
2023,장민재,한,#f37321,선발,-0.03,4.83,4.83,69.0,61,13
2023,이준호,N,#002b69,스윙,-0.03,4.83,5.34,31.2,19,2
2023,박신지,두,#042071,스윙,-0.03,5.54,4.53,26.0,15,1
2023,이기순,S,#cf152d,불펜,-0.03,9.0,9.45,3.0,3,0
2023,양지율,키,#86001f,불펜,-0.04,13.5,10.3,0.2,2,0
2023,홍성민,키,#86001f,불펜,-0.04,9.0,10.1,2.0,1,0
2023,김서준,삼,#0061aa,스윙,-0.04,7.04,6.43,7.2,2,1
2023,임지민,N,#002b69,불펜,-0.04,13.5,7.52,1.1,3,0
2023,딜런,두,#042071,스윙,-0.05,8.0,7.66,9.0,2,2
2023,송윤준,한,#f37321,불펜,-0.06,8.31,3.55,4.1,3,0
2023,진승현,롯,#888888,불펜,-0.06,5.86,4.13,27.2,25,0
2023,서상준,S,#cf152d,불펜,-0.06,0.0,7.85,2.0,3,0
2023,강효종,L,#fc1cad,스윙,-0.06,6.23,4.79,21.2,14,7
2023,배재준,L,#fc1cad,불펜,-0.07,18.0,6.95,1.0,0,0
2023,신헌민,S,#cf152d,불펜,-0.07,6.0,4.47,12.0,8,0
2023,박진,롯,#888888,불펜,-0.08,9.0,9.57,5.0,2,0
2023,류희운,한,#f37321,불펜,-0.08,11.25,5.87,4.0,4,0
2023,박승주,키,#86001f,불펜,-0.09,3.5,5.67,18.0,15,0
2023,장세진,롯,#888888,불펜,-0.09,13.5,15.55,1.1,1,0
2023,오상원,키,#86001f,스윙,-0.09,6.6,5.16,15.0,7,1
2023,이채호,KT,#000000,불펜,-0.09,6.93,7.44,24.2,8,0
2023,김주온,S,#cf152d,불펜,-0.1,81.0,14.95,0.1,1,0
2023,박명근,L,#fc1cad,스윙,-0.1,5.08,4.82,51.1,40,1
2023,김호준,두,#042071,불펜,-0.11,12.0,10.28,3.0,2,0
2023,제환유,두,#042071,불펜,-0.11,13.5,7.55,2.0,2,0
2023,이승진,두,#042071,불펜,-0.11,0.0,9.4,0.2,1,0
2023,정구범,N,#002b69,스윙,-0.11,7.82,8.42,12.2,6,2
2023,문성현,키,#86001f,불펜,-0.11,4.45,5.02,28.1,21,0
2023,황동하,KIA,#ed1c24,스윙,-0.12,6.61,6.41,31.1,19,6
2023,윤산흠,한,#f37321,불펜,-0.12,6.0,7.55,3.0,3,0
2023,나원탁,롯,#888888,불펜,-0.12,40.5,22.6,0.2,1,0
2023,김시현,삼,#0061aa,불펜,-0.13,12.0,12.18,3.0,2,0
2023,이원재,두,#042071,스윙,-0.13,27.0,13.15,1.0,0,1
2023,김민수,KT,#000000,불펜,-0.13,6.92,5.19,13.0,4,0
2023,최충연,삼,#0061aa,불펜,-0.13,4.82,8.85,9.1,8,0
2023,김건희,키,#86001f,불펜,-0.14,22.5,18.85,2.0,0,0
2023,최채흥,삼,#0061aa,선발,-0.14,6.68,5.12,63.1,33,14
2023,박세웅,삼,#0061aa,불펜,-0.14,27.0,31.9,0.2,1,0
2023,고봉재,두,#042071,불펜,-0.14,6.35,4.49,11.1,7,0
2023,최지광,삼,#0061aa,불펜,-0.15,5.19,5.79,17.1,18,0
2023,김대현,L,#fc1cad,불펜,-0.16,10.8,7.96,3.1,3,0
2023,박준영,한,#f37321,불펜,-0.16,18.69,5.53,4.1,7,0
2023,장지수,한,#f37321,불펜,-0.16,18.0,6.95,2.0,0,0
2023,손주영,L,#fc1cad,스윙,-0.16,5.19,4.55,8.2,5,2
2023,송영진,S,#cf152d,스윙,-0.17,5.7,4.76,47.1,38,9
2023,이병헌,두,#042071,불펜,-0.17,4.67,4.78,27.0,28,0
2023,황동재,삼,#0061aa,스윙,-0.17,7.11,6.22,31.2,27,7
2023,이로운,S,#cf152d,불펜,-0.19,5.62,4.65,57.2,52,0
2023,신정락,롯,#888888,불펜,-0.19,4.66,4.47,29.0,28,0
2023,김재영,한,#f37321,불펜,-0.19,10.13,6.81,8.0,5,0
2023,곽도규,KIA,#ed1c24,불펜,-0.19,8.49,4.04,11.2,14,0
2023,이충호,한,#f37321,불펜,-0.21,9.35,6.72,8.2,7,0
2023,박상원,한,#f37321,불펜,-0.21,3.65,3.38,61.2,57,0
2023,김정우,두,#042071,불펜,-0.21,9.45,6.64,6.2,6,0
2023,김민,KT,#000000,스윙,-0.21,6.83,5.32,29.0,22,4
2023,김태오,KT,#000000,불펜,-0.22,7.36,4.09,7.1,3,0
2023,김진욱,롯,#888888,불펜,-0.22,6.44,5.4,36.1,35,0
2023,주승우,키,#86001f,스윙,-0.23,9.56,7.8,16.0,8,2
2023,소형준,KT,#000000,스윙,-0.23,11.45,5.71,11.0,4,3
2023,박윤철,한,#f37321,불펜,-0.24,21.6,14.89,3.1,1,0
2023,김유신,KIA,#ed1c24,불펜,-0.25,5.64,5.89,30.1,12,0
2023,임준섭,S,#cf152d,불펜,-0.26,5.79,4.12,32.2,26,0
2023,원종현,키,#86001f,불펜,-0.26,5.79,4.32,18.2,17,0
2023,배민서,N,#002b69,불펜,-0.26,6.75,3.74,6.2,4,0
2023,맥키니,키,#86001f,선발,-0.27,6.52,6.14,59.1,39,12
2023,이영준,키,#86001f,불펜,-0.28,21.6,5.71,1.2,0,0
2023,윤석원,키,#86001f,불펜,-0.28,4.5,4.91,24.0,8,0
2023,김서현,한,#f37321,스윙,-0.29,7.25,5.64,22.1,26,1
2023,이종민,키,#86001f,스윙,-0.3,7.24,3.61,13.2,10,2
2023,허윤동,삼,#0061aa,스윙,-0.3,10.13,5.46,10.2,8,1
2023,김기훈,KIA,#ed1c24,불펜,-0.31,4.6,5.53,31.1,26,0
2023,노건우,삼,#0061aa,불펜,-0.31,7.3,5.82,12.1,12,0
2023,남지민,한,#f37321,스윙,-0.32,6.45,3.8,37.2,23,7
2023,김유성,두,#042071,불펜,-0.32,9.95,11.11,6.1,6,0
2023,이상민,삼,#0061aa,불펜,-0.33,8.5,3.33,18.0,17,0
2023,이영하,두,#042071,불펜,-0.35,5.49,4.57,39.1,28,0
2023,정성곤,S,#cf152d,불펜,-0.35,10.38,12.62,4.1,3,0
2023,한승혁,한,#f37321,스윙,-0.35,6.44,4.95,36.1,28,7
2023,김민우,한,#f37321,선발,-0.36,6.97,4.95,51.2,43,12
2023,이태연,롯,#888888,불펜,-0.4,15.88,9.11,5.2,4,0
2023,장필준,삼,#0061aa,스윙,-0.4,7.91,5.9,19.1,11,3
2023,이인복,롯,#888888,스윙,-0.44,6.48,5.1,33.1,15,7
2023,홍정우,삼,#0061aa,스윙,-0.45,7.5,5.95,36.0,22,1
2023,양창섭,삼,#0061aa,스윙,-0.46,9.1,7.55,28.2,12,4
2023,조이현,KT,#000000,스윙,-0.47,6.69,4.36,35.0,17,4
2023,최성훈,L,#fc1cad,불펜,-0.51,15.0,3.22,3.0,2,0
2023,김동규,키,#86001f,스윙,-0.54,22.85,16.03,4.1,1,1
2023,김동혁,키,#86001f,스윙,-0.55,7.32,4.52,39.1,24,2
2023,변시원,키,#86001f,불펜,-0.57,42.43,14.78,2.1,2,0
2023,최영환,롯,#888888,불펜,-0.58,9.9,4.58,10.0,7,0
2023,문경찬,롯,#888888,불펜,-0.64,27.0,19.2,2.0,2,0
2023,강재민,한,#f37321,불펜,-0.67,6.44,4.73,43.1,42,0
2023,정우영,L,#fc1cad,불펜,-0.72,4.7,3.96,51.2,41,0
2023,김재열,KIA,#ed1c24,불펜,-0.74,13.11,7.42,11.2,9,0
2023,하영민,키,#86001f,불펜,-0.76,4.64,3.86,52.1,51,0
2023,김태훈,삼,#0061aa,불펜,-0.77,7.11,5.93,63.1,40,0
2023,양현,키,#86001f,불펜,-0.8,5.05,5.28,57.0,16,0
2023,최하늘,삼,#0061aa,스윙,-0.81,19.89,9.85,6.1,3,2
2023,김선기,키,#86001f,스윙,-0.83,5.98,3.87,43.2,29,7
2023,이형범,두,#042071,불펜,-1.01,6.51,4.79,27.2,13,0
2023,윤명준,롯,#888888,불펜,-1.07,6.52,7.13,19.1,11,0
2023,박상언,한,#f37321,불펜,0.0,0.0,0.0,0.0,0,0
2024,하트,N,#002b69,선발,6.15,2.69,3.17,157.0,182,26
2024,윌커슨,롯,#888888,선발,6.06,3.84,3.67,196.2,167,32
2024,후라도,키,#86001f,선발,5.8,3.36,3.89,190.1,169,30
2024,반즈,롯,#888888,선발,5.77,3.35,3.9,150.2,171,25
2024,코너,삼,#0061aa,선발,5.27,3.43,4.5,160.0,158,28
2024,원태인,삼,#0061aa,선발,5.22,3.66,4.62,159.2,119,28
2024,레예스,삼,#0061aa,선발,4.47,3.81,4.31,144.0,114,26
2024,쿠에바스,KT,#000000,선발,4.41,4.1,4.32,173.1,154,31
2024,헤이수스,키,#86001f,선발,4.39,3.68,4.18,171.1,178,30
2024,곽빈,두,#042071,선발,4.39,4.24,4.21,167.2,154,30
2024,양현종,KIA,#ed1c24,선발,4.34,4.1,4.69,171.1,129,29
2024,네일,KIA,#ed1c24,선발,4.31,2.53,3.74,149.1,138,26
2024,임찬규,L,#fc1cad,선발,3.94,3.83,3.86,134.0,136,24
2024,류현진,한,#f37321,선발,3.84,3.87,3.73,158.1,135,28
2024,손주영,L,#fc1cad,선발,3.78,3.79,4.62,144.2,112,27
2024,엔스,L,#fc1cad,선발,3.77,4.19,4.1,167.2,157,30
2024,엘리아스,S,#cf152d,선발,3.61,4.08,4.31,123.2,104,21
2024,박세웅,롯,#888888,선발,3.52,4.78,4.57,173.1,124,30
2024,앤더슨,S,#cf152d,선발,3.45,3.89,3.64,115.2,158,23
2024,엄상백,KT,#000000,선발,3.39,4.88,4.67,156.2,159,29
2024,김광현,S,#cf152d,선발,2.97,4.93,5.18,162.1,154,31
2024,김택연,두,#042071,불펜,2.92,2.08,3.27,65.0,78,0
2024,최원태,L,#fc1cad,선발,2.88,4.26,4.7,126.2,103,23
2024,주현상,한,#f37321,불펜,2.8,2.65,3.89,71.1,64,0
2024,하영민,키,#86001f,선발,2.73,4.37,4.53,150.1,101,28
2024,벤자민,KT,#000000,선발,2.71,4.63,4.94,149.2,156,28
2024,신민혁,N,#002b69,선발,2.68,4.31,5.28,121.0,74,24
2024,노경은,S,#cf152d,불펜,2.64,2.9,4.76,83.2,71,0
2024,와이스,한,#f37321,선발,2.57,3.73,3.71,91.2,98,16
2024,박영현,KT,#000000,불펜,2.41,3.52,4.13,76.2,87,0
2024,이승현,삼,#0061aa,선발,2.37,4.23,5.09,87.1,68,17
2024,오원석,S,#cf152d,선발,2.31,5.03,5.62,121.2,112,25
2024,김원중,롯,#888888,불펜,2.2,3.55,3.71,63.1,68,0
2024,정해영,KIA,#ed1c24,불펜,2.2,2.49,4.65,50.2,50,0
2024,브랜든,두,#042071,선발,2.18,3.12,2.85,75.0,75,14
2024,김재열,N,#002b69,불펜,2.12,2.49,3.79,68.2,67,0
2024,조병현,S,#cf152d,불펜,2.11,3.58,3.61,73.0,96,0
2024,김시훈,N,#002b69,선발,1.92,4.53,5.13,107.1,74,18
2024,카스타노,N,#002b69,선발,1.89,4.35,4.33,111.2,89,19
2024,윤영철,KIA,#ed1c24,선발,1.89,4.19,5.35,81.2,58,18
2024,켈리,L,#fc1cad,선발,1.85,4.51,4.95,113.2,69,19
2024,김민,KT,#000000,스윙,1.84,4.31,3.67,77.1,77,1
2024,황동하,KIA,#ed1c24,선발,1.78,4.44,5.38,103.1,81,21
2024,김진욱,롯,#888888,선발,1.75,5.31,5.27,84.2,87,18
2024,임창민,삼,#0061aa,불펜,1.75,3.98,4.57,54.1,50,0
2024,이병헌,두,#042071,불펜,1.68,2.89,4.36,65.1,57,0
2024,장현식,KIA,#ed1c24,불펜,1.67,3.94,4.45,75.1,75,0
2024,김강률,두,#042071,불펜,1.6,3.0,4.3,42.0,33,0
2024,고영표,KT,#000000,선발,1.56,4.95,3.77,100.0,79,17
2024,김영규,N,#002b69,불펜,1.54,3.15,3.44,45.2,48,0
2024,최지광,삼,#0061aa,불펜,1.47,2.23,4.06,36.1,38,0
2024,문동주,한,#f37321,선발,1.44,5.17,4.78,111.1,96,21
2024,바리아,한,#f37321,선발,1.41,5.15,3.9,92.2,83,19
2024,전상현,KIA,#ed1c24,불펜,1.4,4.09,4.25,66.0,54,0
2024,에르난데스,L,#fc1cad,스윙,1.39,4.02,3.8,47.0,55,9
2024,홍건희,두,#042071,불펜,1.39,2.73,5.28,59.1,45,0
2024,한현희,롯,#888888,스윙,1.36,5.19,4.46,76.1,70,5
2024,우규민,KT,#000000,불펜,1.31,2.49,2.55,43.1,39,0
2024,산체스,한,#f37321,선발,1.29,4.22,3.91,53.1,56,11
2024,발라조빅,두,#042071,선발,1.25,4.26,3.31,57.0,69,11
2024,김재윤,삼,#0061aa,불펜,1.21,4.09,5.76,66.0,51,0
2024,알드레드,KIA,#ed1c24,스윙,1.2,4.53,3.74,43.2,52,9
2024,최준호,두,#042071,선발,1.18,5.1,5.54,72.1,58,15
2024,알칸타라,두,#042071,선발,1.15,4.76,5.95,64.1,34,12
2024,최원준,두,#042071,선발,1.15,6.46,6.15,110.0,72,24
2024,곽도규,KIA,#ed1c24,불펜,1.14,3.56,4.34,55.2,64,0
2024,이재학,N,#002b69,선발,1.14,5.52,5.26,104.1,97,21
2024,김태훈,삼,#0061aa,불펜,1.14,3.96,5.23,52.1,37,0
2024,최지강,두,#042071,불펜,1.1,3.24,5.27,50.0,45,0
2024,크로우,KIA,#ed1c24,스윙,1.09,3.57,3.11,40.1,43,8
2024,황동재,삼,#0061aa,스윙,1.03,4.07,4.69,42.0,30,6
2024,황준서,한,#f37321,선발,1.02,5.38,5.78,72.0,70,11
2024,김진성,L,#fc1cad,불펜,1.01,3.97,5.24,70.1,61,0
2024,김도현,KIA,#ed1c24,선발,1.01,4.92,5.4,75.0,59,10
2024,이승현,삼,#0061aa,불펜,0.98,4.48,4.68,60.1,51,0
2024,박진,롯,#888888,스윙,0.97,4.38,4.27,49.1,35,3
2024,김상수,롯,#888888,불펜,0.94,4.15,4.4,73.2,56,0
2024,문승원,S,#cf152d,불펜,0.91,4.5,5.23,60.0,53,0
2024,박상원,한,#f37321,불펜,0.91,4.59,3.54,66.2,65,0
2024,유영찬,L,#fc1cad,불펜,0.89,2.97,3.14,63.2,77,0
2024,백정현,삼,#0061aa,선발,0.85,5.95,5.52,78.2,56,15
2024,이민우,한,#f37321,불펜,0.84,3.76,4.48,55.0,49,0
2024,이상민,삼,#0061aa,불펜,0.83,3.9,5.09,30.0,12,0
2024,송영진,S,#cf152d,선발,0.82,5.8,5.42,99.1,67,20
2024,주승우,키,#86001f,불펜,0.81,4.35,4.25,51.2,43,0
2024,라우어,KIA,#ed1c24,스윙,0.76,4.93,3.98,34.2,37,7
2024,한승혁,한,#f37321,불펜,0.76,5.03,4.31,62.2,64,0
2024,정현수,롯,#888888,스윙,0.74,4.56,3.48,23.2,25,4
2024,한재승,N,#002b69,불펜,0.73,3.97,4.45,45.1,44,0
2024,조상우,키,#86001f,불펜,0.73,3.18,4.1,39.2,36,0
2024,한두솔,S,#cf152d,불펜,0.71,5.01,3.69,59.1,68,0
2024,김유영,L,#fc1cad,스윙,0.71,3.78,3.87,47.2,42,2
2024,임정호,N,#002b69,불펜,0.68,4.42,4.3,55.0,46,0
2024,김민규,두,#002b69,스윙,0.65,4.32,7.18,25.0,19,4
2024,장민재,한,#f37321,불펜,0.64,3.1,4.47,29.0,17,0
2024,김인범,키,#86001f,선발,0.62,5.4,6.83,63.1,27,14
2024,시라카와,두,#042071,선발,0.59,5.65,5.48,57.1,46,12
2024,김서현,한,#f37321,불펜,0.59,3.76,4.43,38.1,43,0
2024,김민우,한,#f37321,스윙,0.56,2.19,5.08,12.1,13,3
2024,김성민,키,#86001f,불펜,0.51,4.34,4.93,45.2,34,0
2024,육청명,KT,#000000,선발,0.5,5.44,6.5,44.2,20,10
2024,김민수,KT,#000000,불펜,0.5,5.2,4.36,81.1,75,0
2024,이상영,L,#fc1cad,스윙,0.46,3.31,6.09,16.1,8,3
2024,김강현,롯,#888888,불펜,0.46,3.55,5.2,25.1,24,0
2024,김재웅,키,#86001f,불펜,0.45,3.42,4.99,23.2,19,0
2024,이영하,두,#042071,스윙,0.45,3.99,4.56,65.1,59,1
2024,이종준,L,#fc1cad,불펜,0.44,4.15,5.34,26.0,28,0
2024,조이현,KT,#000000,스윙,0.43,6.3,6.52,40.0,19,9
2024,이기순,S,#cf152d,스윙,0.41,3.66,6.3,19.2,24,2
2024,이상규,한,#f37321,스윙,0.39,5.63,5.48,32.0,27,3
2024,전미르,롯,#888888,불펜,0.35,5.88,5.12,33.2,34,0
2024,송은범,삼,#0061aa,불펜,0.34,1.08,4.02,8.1,2,0
2024,김윤하,키,#86001f,선발,0.34,6.04,5.35,79.0,43,12
2024,이준영,KIA,#ed1c24,불펜,0.32,3.86,5.04,35.0,33,0
2024,소형준,KT,#000000,불펜,0.29,3.24,5.53,8.1,3,0
2024,박시영,KT,#000000,불펜,0.29,4.62,4.73,25.1,23,0
2024,최지민,KIA,#ed1c24,불펜,0.29,5.09,5.8,46.0,37,0
2024,스타우트,KIA,#ed1c24,스윙,0.28,5.06,4.19,16.0,20,4
2024,함덕주,L,#fc1cad,불펜,0.28,5.4,6.75,11.2,8,0
2024,최하늘,삼,#0061aa,불펜,0.23,5.34,5.57,32.0,18,0
2024,김대우,삼,#0061aa,스윙,0.23,5.5,4.88,34.1,23,1
2024,김기중,한,#f37321,선발,0.21,6.56,5.98,59.0,39,11
2024,장시환,한,#f37321,불펜,0.2,5.13,5.41,33.1,28,0
2024,이로운,S,#cf152d,불펜,0.2,5.95,5.77,56.0,41,0
2024,우강훈,L,#fc1cad,불펜,0.19,3.09,5.93,11.2,10,0
2024,박신지,두,#042071,스윙,0.19,2.08,6.69,8.2,3,1
2024,박진형,롯,#888888,불펜,0.18,4.26,3.66,6.1,4,0
2024,페냐,한,#f37321,스윙,0.18,6.27,5.92,37.1,29,9
2024,손동현,KT,#000000,불펜,0.17,5.32,5.41,47.1,27,0
2024,최종인,두,#042071,불펜,0.17,3.72,6.28,9.2,8,0
2024,김유성,두,#042071,스윙,0.17,6.43,5.27,28.0,29,7
2024,임준형,L,#fc1cad,스윙,0.16,6.59,5.23,13.2,13,1
2024,김승현,KIA,#ed1c24,불펜,0.15,4.0,5.93,18.0,11,0
2024,박정수,두,#042071,스윙,0.15,5.16,4.69,29.2,22,1
2024,김선기,키,#86001f,스윙,0.15,5.54,6.36,76.1,43,6
2024,요키시,N,#002b69,스윙,0.13,5.72,5.5,39.1,32,8
2024,최준용,롯,#888888,불펜,0.13,5.4,6.01,21.2,12,0
2024,최우석,N,#002b69,불펜,0.13,3.12,6.89,8.2,8,0
2024,박종훈,S,#cf152d,스윙,0.12,6.94,6.83,35.0,34,9
2024,김동욱,키,#86001f,불펜,0.12,5.0,5.01,36.0,18,0
2024,이선우,KT,#000000,스윙,0.12,5.4,5.15,10.0,4,1
2024,김승일,한,#f37321,불펜,0.11,3.0,3.63,3.0,2,0
2024,유승철,KIA,#ed1c24,불펜,0.11,5.4,6.71,5.0,4,0
2024,박민호,S,#cf152d,불펜,0.11,4.76,6.36,22.2,10,0
2024,양지율,키,#86001f,불펜,0.11,6.27,6.5,18.2,7,0
2024,진우영,L,#fc1cad,불펜,0.1,4.7,5.5,7.2,6,0
2024,남지민,한,#f37321,불펜,0.1,0.0,4.76,4.0,3,0
2024,육선엽,삼,#0061aa,스윙,0.1,5.29,8.29,17.0,11,1
2024,윤호솔,L,#fc1cad,불펜,0.1,4.15,7.25,4.1,5,0
2024,박시후,S,#cf152d,불펜,0.09,6.75,5.13,14.2,11,0
2024,박지호,두,#042071,불펜,0.09,0.0,1.53,0.2,2,0
2024,박성빈,S,#cf152d,불펜,0.09,0.0,3.46,2.1,2,0
2024,구승민,롯,#888888,불펜,0.08,4.84,5.0,57.2,62,0
2024,원종현,키,#86001f,불펜,0.08,4.91,4.12,3.2,4,0
2024,최승용,두,#042071,스윙,0.08,6.0,5.76,27.0,21,6
2024,성동현,L,#fc1cad,불펜,0.07,0.0,7.78,2.0,1,0
2024,홍원표,삼,#0061aa,불펜,0.07,4.26,7.17,6.1,5,0
2024,박승주,키,#86001f,불펜,0.06,6.75,5.58,17.1,13,0
2024,김진수,L,#fc1cad,불펜,0.06,6.75,6.74,13.1,6,0
2024,최성훈,삼,#0061aa,불펜,0.05,6.92,5.44,13.0,10,0
2024,장재혁,KIA,#ed1c24,불펜,0.05,0.0,6.63,1.1,0,0
2024,정동윤,S,#cf152d,불펜,0.05,0.0,3.15,1.2,2,0
2024,박윤성,키,#86001f,불펜,0.05,5.79,7.09,18.2,14,0
2024,이용준,N,#002b69,스윙,0.05,6.68,5.49,33.2,26,9
2024,이의리,KIA,#ed1c24,스윙,0.04,5.4,7.64,13.1,14,4
2024,김대현,L,#fc1cad,불펜,0.04,5.4,5.96,35.0,30,0
2024,정우영,L,#fc1cad,불펜,0.04,4.76,4.76,22.2,17,0
2024,임준섭,롯,#888888,불펜,0.04,7.94,7.52,11.1,3,0
2024,박정우,KIA,#ed1c24,불펜,0.04,0.0,-0.77,1.0,2,0
2024,박주현,N,#002b69,불펜,0.03,6.0,5.93,3.0,4,0
2024,이민석,롯,#888888,스윙,0.03,7.26,6.56,31.0,20,5
2024,진승현,롯,#888888,불펜,0.03,8.53,4.78,6.1,5,0
2024,김기훈,KIA,#ed1c24,불펜,0.02,5.03,5.6,19.2,17,0
2024,정우준,롯,#888888,불펜,0.02,4.32,8.28,8.1,5,0
2024,정찬헌,키,#86001f,스윙,0.01,7.88,6.48,16.0,5,4
2024,김범수,한,#f37321,불펜,0.01,5.29,7.55,34.0,38,0
2024,이지강,L,#fc1cad,스윙,0.0,4.53,5.19,53.2,39,2
2024,김영현,KT,#000000,불펜,0.0,4.91,6.62,7.1,8,0
2024,하준호,KT,#000000,불펜,-0.01,9.0,5.83,2.0,0,0
2024,김진호,N,#002b69,불펜,-0.01,7.71,3.76,2.1,3,0
2024,김도윤,두,#042071,불펜,-0.01,3.86,7.27,2.1,1,0
2024,양현,삼,#0061aa,불펜,-0.01,7.62,7.45,13.0,10,0
2024,박준우,롯,#888888,불펜,-0.01,9.0,4.58,2.0,1,0
2024,오승환,삼,#0061aa,불펜,-0.02,4.91,5.38,55.0,42,0
2024,윤정현,키,#86001f,불펜,-0.03,9.0,5.53,3.0,1,0
2024,손주환,N,#002b69,스윙,-0.03,9.82,4.12,3.2,4,1
2024,김도규,롯,#888888,불펜,-0.04,9.0,7.51,4.0,5,0
2024,유지성,KIA,#ed1c24,불펜,-0.04,7.71,7.49,2.1,3,0
2024,박준표,KIA,#ed1c24,불펜,-0.04,6.0,4.7,6.0,4,0
2024,송명기,N,#002b69,불펜,-0.05,5.87,5.04,38.1,31,0
2024,이상동,KT,#000000,불펜,-0.05,5.34,4.7,32.0,30,0
2024,김택형,S,#cf152d,불펜,-0.05,9.0,8.77,7.0,1,0
2024,박치국,두,#042071,불펜,-0.06,6.38,6.19,48.0,35,0
2024,채원후,N,#002b69,불펜,-0.06,12.0,5.76,3.0,2,0
2024,홍민기,롯,#888888,스윙,-0.06,12.27,5.49,3.2,2,1
2024,김동규,키,#86001f,불펜,-0.07,54.0,23.43,0.1,0,0
2024,조동욱,한,#f37321,스윙,-0.07,6.37,5.29,41.0,32,8
2024,원상현,KT,#000000,선발,-0.07,7.03,4.68,65.1,59,10
2024,박소준,두,#042071,스윙,-0.07,11.25,10.53,4.0,2,1
2024,최채흥,삼,#0061aa,스윙,-0.07,6.3,6.78,20.0,14,1
2024,김사윤,KIA,#ed1c24,스윙,-0.08,4.62,5.04,37.0,36,2
2024,배민서,한,#f37321,불펜,-0.08,16.2,8.49,1.2,1,0
2024,김민규,N,#002b69,불펜,-0.08,5.68,4.96,6.1,2,0
2024,김규연,한,#f37321,스윙,-0.09,7.02,5.48,59.0,40,1
2024,서의태,N,#002b69,불펜,-0.09,9.39,6.84,7.2,7,0
2024,임상현,N,#002b69,스윙,-0.1,6.47,6.39,40.1,21,7
2024,박세진,KT,#000000,불펜,-0.1,3.38,5.69,5.1,2,0
2024,강효종,L,#fc1cad,스윙,-0.1,20.25,16.61,1.1,2,1
2024,배재환,N,#002b69,불펜,-0.1,7.32,8.05,19.2,13,0
2024,이호성,삼,#0061aa,선발,-0.11,7.4,7.05,45.0,28,12
2024,권휘,두,#042071,불펜,-0.11,11.0,3.66,9.0,11,0
2024,김도빈,한,#f37321,스윙,-0.11,54.0,25.53,0.1,1,1
2024,김윤식,L,#fc1cad,스윙,-0.11,12.0,4.46,3.0,1,1
2024,류진욱,N,#002b69,불펜,-0.11,5.74,4.76,42.1,37,0
2024,이충호,한,#f37321,불펜,-0.11,3.86,5.13,2.1,3,0
2024,장지훈,S,#cf152d,불펜,-0.12,6.75,6.38,21.1,10,0
2024,김민주,KIA,#ed1c24,불펜,-0.12,9.0,2.43,1.0,2,0
2024,김정우,두,#042071,불펜,-0.13,81.0,4.23,0.1,0,0
2024,손현기,키,#86001f,스윙,-0.13,7.53,6.78,14.1,9,2
2024,백승건,S,#cf152d,불펜,-0.13,7.71,8.53,9.1,5,0
2024,신영우,N,#002b69,스윙,-0.14,10.61,8.45,9.1,6,2
2024,이채호,KT,#000000,불펜,-0.14,9.45,7.85,6.2,5,0
2024,최성영,N,#002b69,스윙,-0.14,5.79,5.37,46.2,29,4
2024,김민재,KIA,#ed1c24,불펜,-0.15,15.75,12.88,4.0,3,0
2024,성재헌,KT,#000000,스윙,-0.15,7.31,4.94,32.0,20,1
2024,최현석,S,#cf152d,불펜,-0.15,54.0,32.73,0.2,1,0
2024,소이현,N,#002b69,불펜,-0.15,13.5,5.4,3.1,1,0
2024,장필준,삼,#0061aa,불펜,-0.15,99.99,4.23,0.1,0,0
2024,장지수,한,#f37321,불펜,-0.15,10.93,4.55,14.0,11,0
2024,문성현,키,#86001f,불펜,-0.16,6.57,5.4,38.1,31,0
2024,정철원,두,#042071,불펜,-0.16,6.4,6.12,32.1,39,0
2024,김연주,키,#86001f,불펜,-0.17,6.61,6.84,31.1,18,0
2024,홍정우,삼,#0061aa,불펜,-0.17,45.0,16.83,1.0,1,0
2024,김대호,삼,#0061aa,스윙,-0.17,11.25,8.18,4.0,1,1
2024,고효준,S,#cf152d,불펜,-0.18,8.18,6.38,22.0,27,0
2024,강건,KT,#000000,스윙,-0.18,11.25,9.33,4.0,3,1
2024,이종민,키,#86001f,스윙,-0.18,7.63,7.31,43.2,21,9
2024,박범준,키,#86001f,불펜,-0.19,13.5,5.71,5.1,8,0
2024,윤성빈,롯,#888888,스윙,-0.19,45.0,20.03,1.0,1,1
2024,신헌민,S,#cf152d,불펜,-0.2,18.0,16.43,3.0,0,0
2024,진해수,롯,#888888,불펜,-0.21,6.18,5.9,27.2,22,0
2024,전용주,KT,#000000,불펜,-0.21,10.8,5.91,1.2,4,0
2024,김태현,N,#002b69,불펜,-0.21,7.2,9.29,10.0,3,0
2024,김윤수,삼,#0061aa,불펜,-0.24,10.13,7.49,5.1,2,0
2024,임기영,KIA,#ed1c24,스윙,-0.24,6.31,5.54,45.2,36,3
2024,김주온,L,#fc1cad,불펜,-0.25,15.43,9.25,4.2,4,0
2024,최동환,L,#fc1cad,불펜,-0.26,6.95,6.11,22.0,14,0
2024,이믿음,L,#fc1cad,스윙,-0.26,15.75,6.18,4.0,2,1
2024,윤대경,한,#f37321,불펜,-0.26,10.57,6.42,7.2,7,0
2024,목지훈,N,#002b69,스윙,-0.27,12.0,8.99,9.0,3,3
2024,한차현,KT,#000000,스윙,-0.27,9.95,7.53,19.0,17,5
2024,주권,KT,#000000,스윙,-0.28,6.67,5.1,58.0,31,1
2024,김건국,KIA,#ed1c24,스윙,-0.29,7.86,6.0,34.1,20,3
2024,현도훈,롯,#888888,불펜,-0.29,9.0,6.53,10.0,8,0
2024,김현수,KIA,#ed1c24,불펜,-0.3,18.0,6.07,5.0,4,0
2024,김동주,두,#042071,스윙,-0.31,6.84,5.51,50.0,35,9
2024,이명종,키,#86001f,불펜,-0.31,8.18,8.81,11.0,4,0
2024,김호준,두,#042071,스윙,-0.32,8.78,6.16,13.1,6,1
2024,이형범,KIA,#ed1c24,불펜,-0.32,7.8,6.88,15.0,9,0
2024,이인복,롯,#888888,스윙,-0.33,9.55,7.87,33.0,20,6
2024,김영준,L,#fc1cad,불펜,-0.34,8.22,5.66,15.1,11,0
2024,송재영,롯,#888888,불펜,-0.35,10.8,6.69,8.1,9,0
2024,박명근,L,#fc1cad,불펜,-0.38,6.39,7.66,25.1,13,0
2024,이승민,삼,#0061aa,스윙,-0.38,8.56,8.5,47.1,23,8
2024,전준표,키,#86001f,스윙,-0.38,6.83,7.22,27.2,18,5
2024,서진용,S,#cf152d,불펜,-0.4,5.55,5.18,47.0,38,0
2024,정지헌,L,#fc1cad,불펜,-0.4,11.68,7.56,12.1,11,0
2024,전루건,N,#002b69,불펜,-0.43,22.24,11.57,5.2,0,0
2024,전사민,N,#002b69,불펜,-0.47,9.51,6.65,23.2,17,0
2024,이태양,한,#f37321,스윙,-0.49,11.57,9.48,9.1,2,1
2024,오석주,키,#86001f,불펜,-0.51,11.12,4.51,17.0,16,0
2024,백승현,L,#fc1cad,불펜,-0.51,9.11,7.02,26.2,14,0
2024,이건욱,S,#cf152d,스윙,-0.58,11.37,7.99,19.0,17,2
2024,이교훈,두,#042071,불펜,-0.59,7.39,6.4,35.1,27,0
2024,조영건,키,#86001f,스윙,-0.6,8.01,6.11,39.1,31,3
2024,김대유,KIA,#ed1c24,불펜,-0.63,8.28,5.33,25.0,26,0
2024,윤석원,키,#86001f,스윙,-0.65,11.42,7.81,17.1,1,1
2024,나균안,롯,#888888,선발,-0.68,8.51,6.42,73.0,74,14
2024,이준호,N,#002b69,스윙,-0.68,7.48,5.67,49.1,42,2
2024,최이준,롯,#888888,불펜,-0.7,7.3,6.16,24.2,17,0
2024,최민준,S,#cf152d,불펜,-0.7,7.78,6.53,39.1,40,0
2024,김동혁,키,#86001f,불펜,-0.73,6.85,8.67,22.1,9,0
2024,이재익,삼,#0061aa,불펜,-0.73,17.69,6.47,9.2,6,0
2024,이우찬,L,#fc1cad,스윙,-0.75,8.82,5.58,33.2,31,1
2024,문용익,KT,#000000,불펜,-0.78,12.18,7.65,17.0,17,0
2024,윤중현,KIA,#ed1c24,불펜,-0.8,13.94,11.28,10.1,4,0
2024,더거,S,#cf152d,스윙,-0.84,12.71,5.13,22.2,18,6
2024,한승주,한,#f37321,불펜,-0.94,11.45,5.61,22.0,14,0
2024,이용찬,N,#002b69,불펜,-1.23,6.13,4.65,54.1,49,0
2024,김명신,두,#042071,불펜,-1.4,9.37,6.21,32.2,25,0
2024,정우람,한,#f37321,스윙,0.0,0.0,0.0,0.0,0,1
2025,폰세,한,#f37321,선발,8.38,1.89,1.92,180.2,252,29
2025,후라도,삼,#0061aa,선발,7.57,2.6,3.79,197.1,142,30
2025,네일,KIA,#ed1c24,선발,6.59,2.25,3.13,164.1,152,27
2025,앤더슨,S,#cf152d,선발,6.54,2.25,2.37,171.2,245,30
2025,와이스,한,#f37321,선발,5.95,2.87,3.12,178.2,207,30
2025,잭로그,두,#042071,선발,5.34,2.81,3.26,176.0,156,29
2025,치리노스,L,#fc1cad,선발,5.21,3.31,3.13,177.0,137,30
2025,원태인,삼,#0061aa,선발,4.91,3.24,4.36,166.2,108,27
2025,임찬규,L,#fc1cad,선발,4.9,3.03,3.82,160.1,107,27
2025,라일리,N,#002b69,선발,4.34,3.45,3.12,172.0,216,30
2025,화이트,S,#cf152d,선발,4.24,2.87,3.38,134.2,137,24
2025,고영표,KT,#000000,선발,4.17,3.3,3.14,161.0,154,26
2025,류현진,한,#f37321,선발,4.03,3.23,3.37,139.1,122,26
2025,손주영,L,#fc1cad,선발,3.82,3.41,3.49,153.0,132,27
2025,소형준,KT,#000000,선발,3.72,3.3,2.99,147.1,123,24
2025,올러,KIA,#ed1c24,선발,3.61,3.62,2.9,149.0,169,26
2025,송승기,L,#fc1cad,선발,3.55,3.5,4.1,144.0,125,27
2025,데이비슨,롯,#002b69,선발,3.38,3.65,3.85,123.1,119,22
2025,조병현,S,#cf152d,불펜,3.37,1.6,2.63,67.1,79,0
2025,오원석,KT,#000000,선발,3.35,3.67,4.04,132.1,113,25
2025,노경은,S,#cf152d,불펜,3.13,2.14,3.05,80.0,68,0
2025,나균안,롯,#888888,선발,3.01,3.87,4.22,137.1,116,26
2025,알칸타라,키,#86001f,선발,3.0,3.27,3.47,121.0,92,19
2025,이로운,S,#cf152d,불펜,2.85,1.99,3.77,77.0,66,0
2025,콜어빈,두,#042071,선발,2.57,4.48,4.59,144.2,128,28
2025,한승혁,한,#f37321,불펜,2.54,2.25,4.09,64.0,53,0
2025,가라비토,삼,#0061aa,선발,2.54,2.64,3.91,78.1,84,15
2025,문동주,한,#f37321,선발,2.53,4.02,2.72,121.0,135,23
2025,헤이수스,KT,#000000,선발,2.47,3.96,3.65,163.2,165,30
2025,로건,N,#002b69,선발,2.41,4.53,4.39,173.0,149,31
2025,감보아,롯,#888888,선발,2.35,3.58,3.44,108.0,117,19
2025,곽빈,두,#042071,선발,2.01,4.2,3.71,109.1,107,19
2025,김민,S,#cf152d,불펜,1.99,2.97,3.83,63.2,65,0
2025,김서현,한,#f37321,불펜,1.99,3.14,3.7,66.0,71,0
2025,성영탁,KIA,#ed1c24,불펜,1.99,1.55,3.74,52.1,30,0
2025,박세웅,롯,#888888,선발,1.95,4.93,3.84,160.2,156,28
2025,신민혁,N,#002b69,선발,1.93,4.77,5.18,132.0,84,28
2025,로젠버그,키,#86001f,선발,1.79,3.23,3.29,75.1,80,13
2025,류진욱,N,#002b69,불펜,1.74,3.27,4.44,66.0,57,0
2025,최원태,삼,#0061aa,선발,1.73,4.92,4.59,124.1,109,24
2025,최승용,두,#042071,선발,1.7,4.41,4.37,116.1,71,23
2025,김광현,S,#cf152d,선발,1.62,5.0,3.77,144.0,138,28
2025,김원중,롯,#888888,불펜,1.61,2.67,3.55,60.2,69,0
2025,문승원,S,#cf152d,선발,1.51,5.13,5.58,105.1,61,21
2025,김영우,L,#fc1cad,불펜,1.5,2.4,3.64,60.0,56,0
2025,최민석,두,#042071,선발,1.43,4.4,4.85,77.2,53,15
2025,하영민,키,#86001f,선발,1.41,4.99,3.79,153.1,134,28
2025,이승현,삼,#0061aa,선발,1.39,5.42,5.0,101.1,74,23
2025,김진호,N,#002b69,불펜,1.38,3.36,4.67,72.1,70,0
2025,전상현,KIA,#ed1c24,불펜,1.36,3.34,3.73,70.0,50,0
2025,주승우,키,#86001f,불펜,1.35,2.45,5.21,44.0,35,0
2025,김건우,S,#cf152d,선발,1.35,3.82,4.37,66.0,68,13
2025,패트릭,KT,#000000,스윙,1.33,3.12,3.67,60.2,45,9
2025,김범수,한,#f37321,불펜,1.33,2.25,3.45,48.0,41,0
2025,김택연,두,#042071,불펜,1.32,3.53,3.71,66.1,79,0
2025,톨허스트,L,#fc1cad,스윙,1.31,2.86,3.21,44.0,45,8
2025,조동욱,한,#f37321,스윙,1.31,4.05,4.63,60.0,43,2
2025,백정현,삼,#0061aa,스윙,1.3,1.95,2.78,32.1,31,1
2025,에르난데스,L,#fc1cad,선발,1.28,4.23,3.82,66.0,73,14
2025,김태훈,삼,#002b69,불펜,1.27,4.48,3.87,66.1,74,0
2025,정우주,한,#f37321,스윙,1.23,2.85,3.28,53.2,82,2
2025,김영규,N,#002b69,불펜,1.21,2.86,4.05,44.0,35,0
2025,우규민,KT,#000000,불펜,1.12,2.44,3.54,44.1,24,0
2025,이상동,KT,#000000,불펜,1.12,2.49,3.87,43.1,34,0
2025,홍민기,롯,#888888,스윙,1.06,3.09,2.17,32.0,39,2
2025,레예스,삼,#0061aa,선발,1.06,4.14,4.32,50.0,35,10
2025,양창섭,삼,#0061aa,스윙,1.04,3.43,4.12,63.0,45,6
2025,조상우,KIA,#ed1c24,불펜,1.03,3.9,4.27,60.0,55,0
2025,정현수,롯,#888888,불펜,1.03,3.97,4.33,47.2,47,0
2025,정철원,롯,#888888,불펜,1.03,4.24,4.19,70.0,55,0
2025,최민준,S,#cf152d,스윙,0.99,3.97,4.65,65.2,44,8
2025,김도현,KIA,#ed1c24,선발,0.97,4.81,4.64,125.1,71,24
2025,이민석,롯,#888888,선발,0.95,5.26,5.66,87.1,61,17
2025,최원준,두,#042071,선발,0.95,4.71,5.7,107.0,62,16
2025,박영현,KT,#000000,불펜,0.95,3.39,3.99,69.0,77,0
2025,손동현,KT,#000000,불펜,0.94,3.84,3.45,58.2,55,0
2025,김강현,롯,#888888,불펜,0.93,4.0,5.4,72.0,36,0
2025,유영찬,L,#fc1cad,불펜,0.92,2.63,3.2,41.0,52,0
2025,이영하,두,#042071,불펜,0.9,4.05,4.09,66.2,72,0
2025,배재환,N,#002b69,불펜,0.89,4.48,4.84,60.1,51,0
2025,양현종,KIA,#ed1c24,선발,0.86,5.06,4.35,153.0,109,30
2025,오석주,키,#86001f,불펜,0.85,3.7,4.82,58.1,44,0
2025,김종수,한,#f37321,불펜,0.85,3.25,4.55,63.2,59,0
2025,전사민,N,#002b69,불펜,0.83,4.26,4.02,82.1,62,0
2025,전영준,S,#cf152d,스윙,0.75,4.61,4.26,52.2,55,5
2025,장현식,L,#fc1cad,불펜,0.73,4.35,4.58,49.2,38,0
2025,박상원,한,#f37321,불펜,0.73,4.19,4.07,66.2,52,0
2025,문용익,KT,#000000,스윙,0.71,3.14,4.58,28.2,31,2
2025,정해영,KIA,#ed1c24,불펜,0.7,3.79,2.86,61.2,72,0
2025,손주환,N,#002b69,불펜,0.67,4.35,4.52,51.2,37,0
2025,구창모,N,#002b69,스윙,0.67,2.51,2.28,14.1,18,3
2025,메르세데스,키,#86001f,스윙,0.67,4.47,3.61,46.1,41,8
2025,박명근,L,#fc1cad,불펜,0.62,4.89,5.09,38.2,30,0
2025,배찬승,삼,#0061aa,불펜,0.59,3.91,4.02,50.2,57,0
2025,이정용,L,#fc1cad,불펜,0.57,5.03,4.37,34.0,26,0
2025,김택형,S,#cf152d,불펜,0.56,2.78,4.21,22.2,14,0
2025,김진성,L,#fc1cad,불펜,0.54,3.44,3.91,70.2,63,0
2025,김재윤,삼,#0061aa,불펜,0.47,4.99,4.84,57.2,43,0
2025,박신지,두,#042071,불펜,0.47,2.85,4.56,60.0,36,0
2025,이우찬,L,#fc1cad,불펜,0.46,1.89,3.81,19.0,20,0
2025,김민수,KT,#000000,불펜,0.43,4.96,4.25,52.2,36,0
2025,황준서,한,#f37321,선발,0.41,5.3,4.46,56.0,57,12
2025,김강률,L,#fc1cad,불펜,0.4,1.46,4.43,12.1,9,0
2025,박시후,S,#cf152d,스윙,0.38,3.27,5.45,52.1,34,1
2025,웰스,키,#86001f,스윙,0.38,3.15,3.04,20.0,16,4
2025,쿠에바스,KT,#000000,선발,0.37,5.4,5.63,98.1,60,18
2025,이승민,삼,#0061aa,스윙,0.36,3.78,4.18,64.1,53,1
2025,김기훈,KIA,#ed1c24,불펜,0.36,3.25,3.61,27.2,27,0
2025,한두솔,S,#cf152d,불펜,0.36,4.95,4.06,36.1,27,0
2025,윤산흠,한,#f37321,스윙,0.36,3.78,3.62,16.2,17,1
2025,양재훈,두,#042071,불펜,0.35,4.24,4.51,23.1,19,0
2025,박정수,두,#042071,불펜,0.33,4.1,4.28,26.1,15,0
2025,이재익,삼,#0061aa,불펜,0.33,1.23,2.75,7.1,6,0
2025,김태형,KIA,#ed1c24,스윙,0.33,4.56,6.07,23.2,14,3
2025,최준용,롯,#888888,불펜,0.33,5.3,3.46,54.1,62,0
2025,이재희,삼,#0061aa,불펜,0.32,3.0,3.2,9.0,9,0
2025,김녹원,N,#002b69,선발,0.32,6.56,6.58,70.0,37,16
2025,박기호,S,#cf152d,스윙,0.32,3.0,6.59,24.0,13,1
2025,주권,KT,#000000,불펜,0.31,4.43,4.65,40.2,19,0
2025,김기중,한,#f37321,스윙,0.3,3.07,4.08,14.2,8,2
2025,반즈,롯,#888888,스윙,0.3,5.32,4.21,45.2,38,8
2025,김현수,KIA,#ed1c24,불펜,0.29,2.45,5.46,18.1,11,0
2025,최용준,KT,#000000,불펜,0.24,2.0,2.89,9.0,5,0
2025,박치국,두,#042071,불펜,0.22,3.75,3.78,62.1,57,0
2025,목지훈,N,#002b69,선발,0.2,6.05,5.75,58.0,45,15
2025,김대호,삼,#0061aa,스윙,0.2,5.14,5.79,21.0,19,4
2025,이태양,한,#f37321,불펜,0.19,3.97,3.85,11.1,8,0
2025,원상현,KT,#000000,불펜,0.19,5.21,5.52,57.0,45,0
2025,윤영철,KIA,#ed1c24,선발,0.18,5.58,4.7,50.0,43,13
2025,박건우,KT,#000000,불펜,0.17,2.7,4.25,6.2,9,0
2025,이교훈,두,#042071,불펜,0.17,1.17,3.72,7.2,7,0
2025,송영진,S,#cf152d,스윙,0.17,5.83,5.89,63.1,40,8
2025,조이현,KT,#000000,스윙,0.17,5.4,5.59,11.2,3,3
2025,전용주,KT,#000000,불펜,0.17,3.95,3.55,13.2,11,0
2025,최채흥,L,#fc1cad,스윙,0.17,5.28,4.99,29.0,21,4
2025,배제성,KT,#000000,스윙,0.16,5.67,3.86,27.0,23,5
2025,백승현,L,#fc1cad,불펜,0.16,3.9,5.45,30.0,27,0
2025,박준영,한,#f37321,스윙,0.15,3.6,6.26,5.0,3,1
2025,제환유,두,#042071,스윙,0.14,4.96,6.7,16.1,8,3
2025,배재준,L,#fc1cad,불펜,0.14,5.54,4.11,13.0,14,0
2025,양현,삼,#0061aa,불펜,0.13,0.0,6.05,3.1,1,0
2025,송재영,롯,#888888,불펜,0.13,4.0,5.49,27.0,28,0
2025,소이현,N,#002b69,불펜,0.12,5.63,6.18,8.0,3,0
2025,황동재,삼,#0061aa,스윙,0.1,6.97,4.31,20.2,22,1
2025,송은범,삼,#0061aa,불펜,0.09,4.5,4.69,6.0,2,0
2025,임지민,N,#002b69,불펜,0.08,3.86,3.6,4.2,7,0
2025,김민재,KIA,#ed1c24,불펜,0.07,0.0,2.67,2.0,1,0
2025,윤중현,KIA,#ed1c24,불펜,0.07,4.35,6.08,10.1,7,0
2025,우강훈,L,#fc1cad,불펜,0.06,4.66,5.27,9.2,5,0
2025,김민규,두,#002b69,스윙,0.06,4.66,6.91,9.2,6,1
2025,황동하,KIA,#ed1c24,스윙,0.06,5.3,4.25,35.2,31,3
2025,신지환,S,#cf152d,불펜,0.04,0.0,4.62,1.0,1,0
2025,유지성,KIA,#ed1c24,불펜,0.04,0.0,3.92,1.0,0,0
2025,이상민,삼,#0061aa,불펜,0.04,0.0,1.42,1.0,1,0
2025,홍민규,두,#042071,스윙,0.03,4.59,5.61,33.1,17,2
2025,정우준,롯,#888888,불펜,0.03,5.4,2.63,3.1,3,0
2025,최성훈,삼,#0061aa,불펜,0.03,9.0,4.62,1.0,1,0
2025,박진,롯,#888888,스윙,0.03,5.32,4.89,69.1,50,5
2025,김성민,S,#86001f,불펜,0.02,0.0,13.52,0.2,0,0
2025,유승철,KIA,#ed1c24,불펜,0.02,4.5,3.37,2.0,3,0
2025,조민석,N,#002b69,스윙,0.02,6.92,9.1,13.0,4,2
2025,김한중,두,#042071,불펜,0.02,0.0,3.92,2.0,0,0
2025,최현석,S,#cf152d,불펜,0.02,6.23,7.24,17.1,11,0
2025,이종준,L,#fc1cad,불펜,0.02,0.0,2.84,1.2,2,0
2025,한현희,롯,#888888,스윙,0.02,6.23,5.46,8.2,8,2
2025,홍건희,두,#042071,불펜,0.01,6.19,6.06,16.0,15,0
2025,데이비슨,N,#002b69,불펜,0.01,0.0,3.92,0.1,0,0
2025,정성종,롯,#888888,불펜,0.01,3.86,9.02,2.1,0,0
2025,육선엽,삼,#0061aa,스윙,0.0,5.34,6.6,28.2,19,1
2025,윤성빈,롯,#888888,스윙,0.0,7.67,3.89,27.0,44,1
2025,최종인,두,#042071,불펜,0.0,5.4,2.18,1.2,5,0
2025,김정엽,KIA,#ed1c24,불펜,-0.01,18.0,10.32,1.0,0,0
2025,장재혁,KIA,#ed1c24,불펜,-0.01,6.0,9.42,3.0,2,0
2025,도태훈,N,#002b69,불펜,-0.01,9.0,13.32,1.0,1,0
2025,박시원,L,#fc1cad,불펜,-0.01,13.5,15.92,1.1,0,0
2025,이도현,KIA,#ed1c24,스윙,-0.02,6.92,5.32,13.0,9,2
2025,김대우,삼,#0061aa,불펜,-0.02,0.0,3.92,0.2,0,0
2025,이영재,롯,#888888,불펜,-0.02,9.0,8.97,2.0,2,0
2025,김태현,롯,#002b69,불펜,-0.02,4.5,7.82,2.0,2,0
2025,서진용,S,#cf152d,불펜,-0.02,6.75,11.12,1.1,0,0
2025,김정우,두,#042071,불펜,-0.02,3.86,4.77,21.0,13,0
2025,이호성,삼,#0061aa,불펜,-0.03,6.34,4.1,55.1,69,0
2025,권민규,한,#f37321,불펜,-0.03,8.44,8.47,5.1,4,0
2025,심재민,롯,#888888,불펜,-0.04,3.0,3.32,3.0,2,0
2025,이지강,L,#fc1cad,스윙,-0.04,5.32,4.55,47.1,39,1
2025,김주온,L,#fc1cad,스윙,-0.04,27.0,34.82,0.1,1,1
2025,임상현,N,#002b69,불펜,-0.05,18.0,13.52,1.0,0,0
2025,박종훈,S,#cf152d,스윙,-0.06,7.11,8.98,19.0,10,5
2025,홍원표,삼,#0061aa,불펜,-0.06,4.5,5.87,2.0,1,0
2025,코엔 윈,L,#fc1cad,스윙,-0.06,7.04,6.37,23.0,8,5
2025,임창민,삼,#0061aa,불펜,-0.07,4.85,9.06,13.0,6,0
2025,강백호,KT,#000000,불펜,-0.07,18.0,16.52,1.0,1,0
2025,함덕주,L,#fc1cad,불펜,-0.07,6.0,4.09,27.0,26,0
2025,강재민,한,#f37321,불펜,-0.07,9.0,6.17,4.0,5,0
2025,김진수,L,#fc1cad,불펜,-0.07,9.0,6.32,5.0,6,0
2025,김민규,N,#002b69,불펜,-0.07,7.71,4.9,4.2,2,0
2025,김종운,L,#fc1cad,불펜,-0.08,5.4,15.2,1.2,2,0
2025,김태현,N,#002b69,불펜,-0.08,12.0,15.52,3.0,2,0
2025,한차현,KT,#000000,불펜,-0.08,16.2,6.26,1.2,1,0
2025,임준형,KT,#000000,불펜,-0.09,5.19,5.14,8.2,6,0
2025,김재원,KT,#000000,불펜,-0.09,10.38,8.26,4.1,4,0
2025,이채호,KT,#000000,스윙,-0.1,6.17,4.87,11.2,8,1
2025,원종혁,한,#f37321,불펜,-0.1,16.2,6.26,1.2,1,0
2025,박진형,롯,#888888,불펜,-0.1,8.44,5.61,5.1,5,0
2025,김대유,KIA,#ed1c24,불펜,-0.11,9.72,5.98,8.1,3,0
2025,정우영,L,#fc1cad,불펜,-0.11,20.25,11.57,2.2,3,0
2025,이병헌,두,#042071,불펜,-0.12,6.23,5.07,13.0,9,0
2025,주현상,한,#f37321,불펜,-0.12,5.18,4.98,41.2,37,0
2025,김동현,KT,#000000,불펜,-0.12,13.5,10.94,3.1,4,0
2025,오승환,삼,#0061aa,불펜,-0.13,8.0,4.36,9.0,7,0
2025,홍원빈,KIA,#ed1c24,불펜,-0.13,27.0,10.1,1.2,1,0
2025,최준호,두,#042071,스윙,-0.13,8.44,7.37,16.0,11,3
2025,이준영,KIA,#ed1c24,불펜,-0.14,4.76,4.55,34.0,34,0
2025,윤태호,두,#042071,스윙,-0.14,6.75,3.91,17.1,16,1
2025,김민주,KIA,#ed1c24,불펜,-0.14,12.0,6.52,3.0,2,0
2025,김유성,두,#042071,스윙,-0.14,8.83,6.13,17.1,22,4
2025,윤석원,키,#86001f,불펜,-0.15,5.54,4.18,37.1,27,0
2025,최지민,KIA,#ed1c24,불펜,-0.15,6.58,6.51,53.1,39,0
2025,하준영,N,#002b69,불펜,-0.15,6.75,5.17,5.1,5,0
2025,손힘찬,키,#86001f,불펜,-0.16,11.25,5.42,4.0,4,0
2025,정민성,삼,#0061aa,스윙,-0.17,36.0,10.32,1.0,0,1
2025,이성원,KIA,#ed1c24,불펜,-0.18,16.88,9.51,2.2,3,0
2025,김승일,한,#f37321,불펜,-0.18,23.63,12.77,2.2,3,0
2025,엄상백,한,#f37321,선발,-0.19,6.58,5.37,80.2,74,16
2025,김명신,두,#042071,불펜,-0.2,5.4,3.65,8.1,6,0
2025,신영우,N,#002b69,스윙,-0.2,7.53,6.51,14.1,19,3
2025,박준우,롯,#888888,스윙,-0.21,8.03,3.51,12.1,11,1
2025,이정현,KT,#000000,불펜,-0.22,16.62,5.88,4.1,3,0
2025,구승민,롯,#888888,불펜,-0.22,7.0,5.31,9.0,10,0
2025,김동규,키,#86001f,불펜,-0.22,6.75,8.17,8.0,10,0
2025,김유영,L,#fc1cad,불펜,-0.23,12.46,4.73,4.1,5,0
2025,곽도규,KIA,#ed1c24,불펜,-0.24,13.5,7.19,4.0,5,0
2025,김호준,두,#042071,불펜,-0.24,6.75,6.61,10.2,7,0
2025,김성민,키,#86001f,불펜,-0.25,4.68,4.77,25.0,18,0
2025,정현우,키,#86001f,선발,-0.26,5.86,5.52,81.1,55,18
2025,정동윤,S,#cf152d,불펜,-0.26,8.31,5.06,17.1,17,0
2025,김태훈,N,#002b69,불펜,-0.27,5.21,8.1,19.0,9,0
2025,정세영,키,#86001f,스윙,-0.28,16.88,6.84,2.2,2,1
2025,성동현,L,#fc1cad,불펜,-0.28,9.0,8.1,9.0,6,0
2025,이상규,한,#f37321,불펜,-0.29,8.0,3.95,9.0,5,0
2025,김선기,키,#86001f,스윙,-0.29,5.65,5.79,78.0,43,8
2025,최충연,삼,#0061aa,불펜,-0.3,37.8,15.32,1.2,1,0
2025,손현기,키,#86001f,불펜,-0.3,15.0,14.52,3.0,1,0
2025,벨라스케즈,롯,#888888,스윙,-0.31,8.23,6.22,35.0,28,7
2025,최동환,KT,#000000,불펜,-0.32,8.68,7.32,18.2,9,0
2025,이강준,키,#86001f,불펜,-0.33,6.57,5.2,24.2,26,0
2025,최우석,N,#002b69,불펜,-0.34,8.16,4.14,14.1,15,0
2025,박세현,롯,#888888,불펜,-0.35,14.73,6.18,3.2,4,0
2025,이의리,KIA,#ed1c24,선발,-0.36,7.94,5.81,39.2,42,10
2025,강건,KT,#000000,스윙,-0.39,24.55,13.46,3.2,1,1
2025,박정훈,키,#86001f,스윙,-0.42,7.43,7.01,23.0,7,3
2025,이용찬,N,#002b69,스윙,-0.44,10.57,5.75,15.1,14,3
2025,이승현,삼,#0061aa,불펜,-0.46,6.31,5.88,35.2,29,0
2025,김서준,키,#86001f,불펜,-0.46,20.25,9.51,5.1,4,0
2025,임기영,KIA,#ed1c24,불펜,-0.48,13.0,6.6,9.0,5,0
2025,한재승,KIA,#ed1c24,불펜,-0.49,6.48,6.15,33.1,35,0
2025,이준혁,N,#002b69,스윙,-0.5,7.3,6.54,37.0,30,3
2025,박주성,키,#86001f,스윙,-0.51,6.58,5.9,52.0,26,6
2025,조영건,키,#86001f,스윙,-0.51,5.68,5.97,77.2,47,6
2025,김상수,롯,#888888,불펜,-0.52,6.38,5.03,36.2,27,0
2025,김연주,키,#86001f,스윙,-0.52,6.62,6.73,51.2,28,8
2025,박시영,롯,#888888,불펜,-0.54,11.05,5.31,7.1,10,0
2025,최성영,N,#002b69,스윙,-0.54,6.23,5.7,47.2,33,6
2025,임진묵,키,#86001f,불펜,-0.55,24.55,7.11,3.2,3,0
2025,최지강,두,#042071,불펜,-0.56,6.34,3.47,32.2,38,0
2025,이호민,KIA,#ed1c24,불펜,-0.67,8.59,4.91,14.2,7,0
2025,이형범,KIA,#ed1c24,불펜,-0.71,11.7,3.7,10.0,6,0
2025,양지율,키,#86001f,불펜,-0.72,8.36,6.97,14.0,10,0
2025,김시훈,KIA,#ed1c24,불펜,-0.72,8.06,6.53,25.2,18,0
2025,박윤성,키,#86001f,불펜,-0.73,4.53,5.29,51.2,40,0
2025,김진욱,롯,#888888,스윙,-0.73,10.0,8.24,27.0,24,6
2025,김재열,N,#002b69,불펜,-0.73,6.23,7.33,21.2,16,0
2025,김건국,KIA,#ed1c24,스윙,-0.75,6.85,6.61,46.0,31,6
2025,김태경,N,#002b69,스윙,-0.83,10.64,8.88,11.0,10,4
2025,김윤하,키,#86001f,선발,-0.84,6.14,6.31,88.0,52,18
2025,임정호,N,#002b69,불펜,-0.87,4.82,5.88,18.2,15,0
2025,이준우,키,#86001f,불펜,-1.14,8.61,5.92,23.0,22,0
2025,고효준,두,#042071,불펜,-1.17,6.86,6.06,21.0,19,0
2025,전준표,키,#86001f,스윙,-1.18,8.85,6.55,20.1,15,1
2025,윤현,키,#86001f,스윙,-1.49,8.59,7.37,22.0,15,3
2025,원종현,키,#86001f,불펜,-1.66,6.13,4.29,54.1,40,0
2026,올러,KIA,#ed1c24,선발,3.83,2.73,3.74,108.2,115,18
2026,후라도,삼,#0061aa,선발,3.48,3.11,4.27,107.0,69,17
2026,곽빈,두,#042071,선발,3.47,2.8,3.03,103.0,120,18
2026,네일,KIA,#ed1c24,선발,3.32,3.81,3.65,115.2,94,20
2026,알칸타라,키,#86001f,선발,3.18,3.35,3.92,113.0,100,18
2026,김진욱,롯,#888888,선발,3.05,3.19,4.65,104.1,87,18
2026,화이트,한,#cf152d,선발,3.0,2.92,3.77,74.0,52,13
2026,최민석,두,#042071,선발,2.93,2.49,3.5,101.1,93,18
2026,류현진,한,#f37321,선발,2.9,3.22,3.23,95.0,78,17
2026,벤자민,두,#042071,선발,2.63,2.66,2.92,84.2,80,15
2026,구창모,N,#002b69,선발,2.57,3.87,4.19,102.1,90,18
2026,소형준,KT,#000000,선발,2.53,2.95,3.09,73.1,60,13
2026,고영표,KT,#000000,선발,2.52,4.16,3.21,97.1,101,17
2026,사우어,KT,#000000,선발,2.5,4.3,4.92,98.1,68,17
2026,로드리게스,롯,#888888,선발,2.48,4.31,4.0,100.1,114,18
2026,원태인,삼,#0061aa,선발,2.48,3.84,3.27,89.0,78,16
2026,나균안,롯,#888888,선발,2.44,4.28,4.67,103.0,89,18
2026,라일리,N,#002b69,선발,2.36,3.23,3.29,69.2,89,12
2026,보쉴리,KT,#000000,선발,2.27,3.16,3.14,62.2,56,11
2026,테일러,N,#002b69,선발,2.27,4.27,4.28,99.0,74,18
2026,비슬리,롯,#888888,선발,2.21,4.28,3.28,90.1,104,17
2026,김재윤,삼,#0061aa,불펜,2.17,3.02,3.45,44.2,46,0
2026,임찬규,L,#fc1cad,선발,2.09,4.53,4.49,103.1,56,19
2026,양창섭,삼,#0061aa,선발,2.06,3.73,4.35,72.1,57,13
2026,웰스,L,#fc1cad,선발,2.05,3.67,4.18,90.2,78,17
2026,톨허스트,L,#fc1cad,선발,1.96,4.21,4.24,98.1,78,18
2026,왕옌청,한,#f37321,선발,1.89,3.61,4.64,97.1,79,19
2026,박영현,KT,#000000,불펜,1.83,2.53,4.22,42.2,42,0
2026,잭로그,두,#042071,선발,1.81,4.17,4.0,101.1,84,19
2026,김정우,두,#042071,불펜,1.7,1.82,3.52,39.2,33,0
2026,양현종,KIA,#ed1c24,선발,1.69,3.87,5.39,88.1,58,18
2026,오러클린,삼,#0061aa,선발,1.67,4.86,4.4,83.1,81,17
2026,안우진,키,#86001f,선발,1.63,3.49,2.68,67.0,85,15
2026,이승민,삼,#0061aa,불펜,1.57,2.06,4.22,43.2,35,0
2026,황동하,KIA,#ed1c24,선발,1.55,4.19,5.54,73.0,54,12
2026,손주영,L,#fc1cad,불펜,1.43,1.98,4.41,27.1,27,0
2026,박세웅,롯,#888888,선발,1.41,4.87,4.03,94.1,89,17
2026,하영민,키,#86001f,선발,1.27,3.97,4.32,79.1,68,14
2026,최원태,삼,#0061aa,선발,1.23,4.87,4.66,81.1,72,15
2026,로건,KT,#000000,스윙,1.23,3.27,4.94,33.0,24,6
2026,장찬희,삼,#0061aa,스윙,1.16,4.58,5.7,55.0,41,8
2026,에르난데스,한,#f37321,선발,1.15,4.92,5.02,71.1,47,16
2026,조상우,KIA,#ed1c24,불펜,1.14,2.04,3.79,39.2,28,0
2026,유토,키,#86001f,불펜,1.14,3.03,2.78,38.2,41,0
2026,토다,N,#002b69,선발,1.06,5.38,4.82,92.0,77,17
2026,유영찬,L,#fc1cad,불펜,0.98,0.75,3.09,12.0,12,0
2026,최민준,S,#cf152d,선발,0.95,4.92,5.3,67.2,57,14
2026,문승원,S,#cf152d,불펜,0.94,3.05,5.28,41.1,19,0
2026,장현식,L,#fc1cad,스윙,0.93,4.09,4.51,50.2,35,5
2026,조병현,S,#cf152d,불펜,0.92,2.83,4.17,35.0,45,0
2026,박정민,롯,#888888,불펜,0.89,4.46,5.24,34.1,39,0
2026,손동현,KT,#000000,불펜,0.89,3.32,4.84,38.0,27,0
2026,오원석,KT,#000000,선발,0.85,5.83,3.73,78.2,77,16
2026,최지광,삼,#0061aa,불펜,0.85,2.45,2.91,22.0,21,0
2026,이영하,두,#042071,스윙,0.84,4.17,3.56,41.0,52,1
2026,최승용,두,#042071,선발,0.82,5.35,4.89,79.0,52,16
2026,김영우,L,#fc1cad,불펜,0.81,2.7,3.87,30.0,25,0
2026,김진수,L,#fc1cad,스윙,0.8,3.43,4.85,42.0,26,1
2026,박준영,한,#f37321,스윙,0.79,4.19,5.33,43.0,37,2
2026,한재승,KIA,#ed1c24,불펜,0.79,3.89,5.71,37.0,23,0
2026,김택연,두,#042071,불펜,0.77,2.96,4.44,27.1,32,0
2026,김진성,L,#fc1cad,불펜,0.75,4.22,4.47,42.2,30,0
2026,박준현,키,#86001f,선발,0.75,4.61,4.77,56.2,59,12
2026,조동욱,한,#f37321,불펜,0.73,3.82,3.36,37.2,37,0
2026,이민우,한,#f37321,불펜,0.72,3.89,4.48,41.2,21,0
2026,주권,KT,#000000,불펜,0.72,3.31,4.92,35.1,13,0
2026,임기영,삼,#0061aa,불펜,0.69,4.14,5.13,37.0,21,0
2026,최준용,롯,#888888,불펜,0.68,3.6,4.41,40.0,38,0
2026,이승현,삼,#0061aa,불펜,0.67,4.28,3.74,33.2,33,0
2026,화이트,S,#cf152d,스윙,0.64,4.11,3.79,30.2,29,6
2026,김민준,S,#cf152d,스윙,0.64,4.55,4.33,31.2,26,7
2026,장유호,한,#f37321,불펜,0.64,1.83,5.39,19.2,10,0
2026,페덱,삼,#0061aa,스윙,0.64,1.5,2.17,12.0,10,2
2026,박준영,한,#f37321,스윙,0.64,5.74,6.97,42.1,33,9
2026,배찬승,삼,#0061aa,불펜,0.63,2.48,7.17,29.0,24,0
2026,이용찬,두,#042071,불펜,0.63,4.55,5.81,27.2,26,0
2026,신민혁,N,#002b69,스윙,0.63,4.79,6.15,35.2,17,8
2026,김태훈,삼,#002b69,불펜,0.62,2.74,4.53,23.0,17,0
2026,전용주,KT,#000000,불펜,0.62,4.81,4.14,33.2,30,0
2026,김원중,롯,#888888,불펜,0.62,3.16,4.41,37.0,25,0
2026,아빌라,S,#cf152d,스윙,0.57,2.25,1.87,12.0,14,2
2026,버하겐,N,#002b69,스윙,0.57,4.68,4.08,25.0,24,6
2026,곽도규,KIA,#ed1c24,불펜,0.55,2.12,3.04,17.0,18,0
2026,배제성,KT,#000000,스윙,0.55,4.45,4.58,28.1,25,6
2026,김태경,N,#002b69,스윙,0.52,5.24,5.46,34.1,27,7
2026,전사민,N,#002b69,불펜,0.52,3.98,4.16,40.2,34,0
2026,신영우,N,#002b69,스윙,0.52,2.95,4.97,18.1,27,1
2026,원종현,키,#86001f,불펜,0.51,3.22,2.93,36.1,27,0
2026,우강훈,L,#fc1cad,불펜,0.5,3.76,3.91,38.1,36,0
2026,이태양,KT,#86001f,불펜,0.48,3.0,4.85,18.0,11,0
2026,이민석,롯,#888888,스윙,0.47,5.66,4.65,47.2,35,5
2026,우규민,KT,#000000,불펜,0.46,3.6,4.96,25.0,11,0
2026,임지민,N,#002b69,불펜,0.45,4.53,4.62,43.2,53,0
2026,송승기,L,#fc1cad,선발,0.44,5.5,4.96,55.2,43,13
2026,베니지아노,S,#cf152d,선발,0.44,6.1,5.59,79.2,68,16
2026,이상규,한,#f37321,불펜,0.41,4.14,4.23,41.1,32,0
2026,김백산,삼,#0061aa,스윙,0.4,2.7,5.6,10.0,6,2
2026,전상현,KIA,#ed1c24,불펜,0.4,3.94,3.15,16.0,14,0
2026,현도훈,롯,#888888,불펜,0.39,4.42,4.85,36.2,25,0
2026,김강현,롯,#888888,불펜,0.37,2.37,4.66,19.0,9,0
2026,박정훈,키,#86001f,스윙,0.37,5.09,4.99,53.0,43,4
2026,김범수,KIA,#ed1c24,불펜,0.37,5.13,4.88,33.1,31,0
2026,김영규,N,#002b69,불펜,0.36,3.92,5.48,20.2,19,0
2026,윤태호,두,#042071,불펜,0.35,1.74,3.67,10.1,9,0
2026,김건우,S,#cf152d,선발,0.34,6.32,5.86,89.2,69,19
2026,쿠싱,한,#f37321,스윙,0.34,4.79,3.5,20.2,26,1
2026,이건욱,S,#cf152d,불펜,0.32,4.39,4.61,26.2,23,0
2026,이용준,N,#002b69,불펜,0.3,0.0,2.74,4.0,2,0
2026,박상원,한,#f37321,불펜,0.3,5.89,4.03,36.2,39,0
2026,황준서,한,#f37321,스윙,0.29,5.04,4.97,25.0,24,4
2026,오석주,키,#86001f,스윙,0.29,5.47,4.92,24.2,19,3
2026,로젠버그,키,#86001f,스윙,0.28,4.8,3.5,30.0,32,7
2026,이이무라,롯,#888888,불펜,0.27,6.35,3.4,11.1,10,0
2026,김성민,키,#86001f,불펜,0.27,0.0,0.93,4.2,7,0
2026,시라카와,KIA,#ed1c24,스윙,0.25,5.77,5.57,34.1,28,7
2026,이우찬,L,#fc1cad,불펜,0.25,2.45,2.38,7.1,6,0
2026,이재희,삼,#0061aa,불펜,0.24,3.18,6.85,11.1,11,0
2026,이진하,롯,#888888,불펜,0.23,3.0,3.67,9.0,5,0
2026,문동주,한,#f37321,스윙,0.23,5.18,5.45,24.1,18,6
2026,미야지,삼,#0061aa,불펜,0.23,5.58,6.51,30.2,30,0
2026,성영탁,KIA,#ed1c24,불펜,0.21,3.58,3.57,37.2,30,0
2026,김유영,L,#fc1cad,불펜,0.19,1.8,2.55,5.0,8,0
2026,최주형,두,#042071,불펜,0.17,0.0,4.33,7.0,8,0
2026,박지성,키,#86001f,불펜,0.15,4.2,5.76,30.0,24,0
2026,박시원,L,#fc1cad,불펜,0.15,4.0,4.28,18.0,12,0
2026,함덕주,L,#fc1cad,스윙,0.15,6.19,5.52,32.0,20,1
2026,김기준,롯,#888888,불펜,0.15,0.0,1.49,4.0,4,0
2026,이준혁,N,#002b69,불펜,0.14,3.0,5.07,18.0,14,0
2026,배동현,키,#86001f,선발,0.14,5.63,3.99,78.1,64,13
2026,리오스,L,#fc1cad,불펜,0.14,3.63,4.2,17.1,17,0
2026,강재민,한,#f37321,불펜,0.12,6.17,6.16,11.2,10,0
2026,와일스,키,#86001f,스윙,0.11,5.4,4.13,25.0,18,5
2026,김종수,한,#f37321,불펜,0.11,4.76,6.57,22.2,20,0
2026,김윤식,L,#fc1cad,스윙,0.11,5.0,5.91,27.0,17,2
2026,타카다,두,#042071,스윙,0.1,6.27,6.13,18.2,14,3
2026,장재혁,KIA,#ed1c24,불펜,0.09,4.5,4.57,6.0,5,0
2026,홍건희,KIA,#ed1c24,불펜,0.09,0.0,2.32,3.0,2,0
2026,정동윤,S,#cf152d,불펜,0.08,3.86,5.28,4.2,4,0
2026,이상동,KT,#000000,불펜,0.08,6.19,5.7,16.0,11,0
2026,최준호,두,#042071,스윙,0.08,4.3,5.15,23.0,25,1
2026,최원준,두,#042071,불펜,0.07,0.0,4.34,2.0,1,0
2026,김현수,KIA,#ed1c24,불펜,0.07,0.0,3.09,2.0,2,0
2026,최우석,N,#002b69,불펜,0.07,3.18,5.05,5.2,4,0
2026,박지한,N,#002b69,불펜,0.07,3.0,4.92,3.0,4,0
2026,이종준,L,#fc1cad,불펜,0.06,3.0,2.56,3.0,3,0
2026,김한중,두,#042071,불펜,0.06,3.0,1.49,3.0,3,0
2026,김동주,두,#042071,불펜,0.06,5.25,5.65,12.0,14,0
2026,김진호,N,#002b69,불펜,0.05,5.66,6.73,35.0,28,0
2026,김명신,두,#042071,불펜,0.05,3.38,6.39,2.2,0,0
2026,김정운,KT,#000000,불펜,0.05,6.0,9.49,6.0,4,0
2026,구승민,롯,#888888,불펜,0.05,6.0,4.46,6.0,4,0
2026,김태형,KIA,#ed1c24,선발,0.05,5.88,6.33,49.0,29,10
2026,플렉센,두,#042071,스윙,0.05,5.4,9.99,5.0,3,2
2026,권민규,한,#f37321,불펜,0.04,4.82,4.76,9.1,7,0
2026,김서준,키,#86001f,불펜,0.04,6.23,6.73,17.1,18,0
2026,이민호,L,#fc1cad,불펜,0.04,0.0,4.69,1.0,1,0
2026,이준서,롯,#888888,불펜,0.04,0.0,3.99,1.0,0,0
2026,이승헌,롯,#888888,불펜,0.04,3.86,4.98,4.2,2,0
2026,정다훈,키,#86001f,불펜,0.03,5.06,7.68,16.0,6,0
2026,이재익,삼,#0061aa,불펜,0.03,0.0,4.52,1.1,1,0
2026,이영재,롯,#888888,불펜,0.02,0.0,0.24,0.2,1,0
2026,이준기,S,#cf152d,불펜,0.02,6.0,5.29,3.0,1,0
2026,김기훈,KIA,#ed1c24,불펜,0.02,5.4,10.17,1.2,1,0
2026,양현,삼,#0061aa,불펜,0.02,0.0,3.99,0.1,0,0
2026,원종해,N,#002b69,스윙,0.01,4.32,5.27,16.2,9,1
2026,한두솔,S,#cf152d,불펜,0.01,5.76,4.47,29.2,23,0
2026,정현수,롯,#888888,불펜,0.01,5.4,6.29,5.0,4,0
2026,임정호,N,#002b69,불펜,0.01,6.75,4.23,9.1,9,0
2026,최요한,N,#002b69,불펜,0.0,6.75,3.58,2.2,3,0
2026,타케다,S,#cf152d,선발,0.0,7.22,4.57,72.1,58,16
2026,목지훈,N,#002b69,스윙,0.0,8.64,9.93,8.1,6,1
2026,김시훈,KIA,#ed1c24,불펜,-0.01,6.75,4.52,4.0,3,0
2026,홍재문,N,#002b69,불펜,-0.01,99.99,0.0,0.0,0,0
2026,김창훈,롯,#888888,불펜,-0.01,9.0,1.49,1.0,1,0
2026,백승건,S,#cf152d,스윙,-0.02,9.0,6.81,11.0,9,2
2026,스기모토,KT,#000000,스윙,-0.02,5.07,3.63,49.2,48,1
2026,조원태,L,#fc1cad,불펜,-0.02,9.0,7.89,1.0,1,0
2026,이태양,키,#86001f,불펜,-0.02,9.0,13.59,1.0,0,0
2026,하준영,N,#002b69,불펜,-0.02,11.25,5.15,8.0,10,0
2026,치리노스,L,#fc1cad,스윙,-0.02,6.68,5.04,33.2,28,8
2026,윤산흠,한,#f37321,불펜,-0.03,5.73,5.83,22.0,16,0
2026,김준원,N,#002b69,스윙,-0.03,5.68,5.74,12.2,16,1
2026,김범준,한,#f37321,불펜,-0.03,13.5,3.99,0.2,0,0
2026,박재규,한,#f37321,불펜,-0.04,9.0,5.94,2.0,1,0
2026,김선기,키,#86001f,불펜,-0.04,6.75,6.65,6.2,5,0
2026,지현,KIA,#ed1c24,불펜,-0.04,9.0,11.72,4.0,1,0
2026,신동건,롯,#888888,불펜,-0.04,18.0,14.29,1.0,1,0
2026,최성영,N,#002b69,불펜,-0.04,3.38,7.78,2.2,2,0
2026,노경은,S,#cf152d,불펜,-0.05,4.62,6.05,39.0,29,0
2026,조건희,L,#fc1cad,불펜,-0.05,9.0,11.89,2.0,1,0
2026,김태훈,N,#002b69,불펜,-0.05,6.23,5.19,8.2,7,0
2026,최충연,롯,#888888,불펜,-0.05,18.0,7.19,1.0,0,0
2026,변건우,S,#cf152d,불펜,-0.05,18.0,7.89,1.0,1,0
2026,육선엽,삼,#0061aa,불펜,-0.06,11.57,11.36,2.1,3,0
2026,박신지,두,#042071,스윙,-0.06,6.41,5.25,26.2,20,1
2026,이형범,한,#f37321,불펜,-0.06,4.01,5.6,24.2,15,0
2026,엄상백,한,#f37321,불펜,-0.06,27.0,13.59,0.1,0,0
2026,백정현,삼,#0061aa,불펜,-0.06,6.75,6.78,21.1,15,0
2026,서진용,S,#cf152d,불펜,-0.07,5.79,4.69,9.1,6,0
2026,장지훈,S,#cf152d,불펜,-0.07,8.31,6.04,17.1,9,0
2026,김택형,S,#cf152d,불펜,-0.08,40.5,27.69,0.2,1,0
2026,김건국,KIA,#ed1c24,불펜,-0.08,7.94,6.27,5.2,6,0
2026,정철원,롯,#888888,불펜,-0.08,6.23,5.16,26.0,20,0
2026,박치국,두,#042071,불펜,-0.09,3.81,3.81,28.1,26,0
2026,김강률,L,#fc1cad,불펜,-0.1,9.0,7.89,1.0,1,0
2026,김민,S,#cf152d,불펜,-0.1,4.76,3.11,45.1,51,0
2026,정재훈,삼,#0061aa,불펜,-0.1,20.25,13.44,1.1,1,0
2026,김도현,S,#cf152d,불펜,-0.11,7.71,8.48,7.0,5,0
2026,쿄야마,롯,#888888,불펜,-0.11,7.59,4.76,10.2,13,0
2026,한차현,KT,#000000,스윙,-0.11,10.8,8.06,6.2,6,1
2026,임준형,KT,#000000,불펜,-0.12,18.0,1.49,1.0,1,0
2026,한승혁,KT,#000000,불펜,-0.13,6.68,4.78,32.1,37,0
2026,윤석원,키,#86001f,불펜,-0.13,9.0,4.82,7.0,5,0
2026,김무신,삼,#0061aa,불펜,-0.13,10.8,12.39,1.2,3,0
2026,윤성빈,롯,#888888,불펜,-0.13,13.5,8.25,3.1,2,0
2026,박진형,키,#86001f,불펜,-0.14,5.25,5.37,24.0,18,0
2026,최현우,키,#86001f,불펜,-0.14,18.0,20.59,2.0,1,0
2026,정해영,KIA,#ed1c24,불펜,-0.15,6.12,4.72,32.1,25,0
2026,양재훈,두,#042071,불펜,-0.15,5.92,4.64,24.1,31,0
2026,백승현,L,#fc1cad,불펜,-0.15,11.81,8.04,5.1,6,0
2026,문용익,KT,#000000,스윙,-0.16,11.57,7.53,7.0,6,2
2026,박준우,롯,#888888,불펜,-0.17,5.06,5.52,16.0,10,0
2026,박지훈,KT,#000000,불펜,-0.17,81.0,33.54,0.2,2,0
2026,강건우,한,#f37321,스윙,-0.17,8.1,6.83,13.1,11,1
2026,이상영,L,#fc1cad,스윙,-0.17,14.54,8.38,4.1,1,1
2026,김민수,KT,#000000,불펜,-0.17,5.75,4.27,36.0,33,0
2026,박시후,S,#cf152d,불펜,-0.18,4.89,5.28,35.0,30,0
2026,정현우,키,#86001f,스윙,-0.18,8.64,5.84,8.1,5,1
2026,김동규,키,#86001f,불펜,-0.19,21.0,8.12,3.0,4,0
2026,신상연,S,#cf152d,불펜,-0.19,27.0,18.29,2.0,1,0
2026,박정수,두,#042071,불펜,-0.19,5.14,6.45,7.0,3,0
2026,최용준,S,#cf152d,불펜,-0.19,5.73,6.95,11.0,8,0
2026,최지민,KIA,#ed1c24,불펜,-0.2,6.1,5.05,31.0,26,0
2026,성동현,L,#fc1cad,불펜,-0.21,11.12,8.81,5.2,5,0
2026,한승주,KT,#000000,불펜,-0.24,16.88,8.04,2.2,3,0
2026,송명기,N,#002b69,불펜,-0.25,6.23,7.34,8.2,12,0
2026,해치,S,#cf152d,스윙,-0.25,6.55,4.66,34.1,29,7
2026,이교훈,한,#f37321,불펜,-0.25,12.27,8.87,3.2,4,0
2026,김윤하,키,#86001f,스윙,-0.25,6.75,5.95,12.0,10,1
2026,김연주,키,#86001f,스윙,-0.27,16.2,6.54,3.1,3,1
2026,최이준,롯,#888888,불펜,-0.27,8.31,6.8,13.0,9,0
2026,이정용,L,#fc1cad,스윙,-0.27,7.14,5.41,46.2,22,8
2026,박세진,롯,#888888,불펜,-0.28,33.75,15.84,1.1,1,0
2026,김대현,L,#fc1cad,불펜,-0.28,99.99,49.29,0.1,0,0
2026,주현상,한,#f37321,불펜,-0.29,15.43,10.76,2.1,1,0
2026,타무라,두,#042071,불펜,-0.3,7.31,5.23,16.0,14,0
2026,박윤성,키,#86001f,불펜,-0.32,7.71,5.66,2.1,1,0
2026,최지강,두,#042071,불펜,-0.34,9.45,3.95,13.1,13,0
2026,긴지로,S,#cf152d,스윙,-0.35,9.56,7.9,16.0,18,4
2026,이의리,KIA,#ed1c24,선발,-0.36,8.36,6.32,42.0,45,10
2026,이기순,S,#cf152d,스윙,-0.37,8.38,7.22,9.2,8,1
2026,정우주,한,#f37321,스윙,-0.37,6.37,5.16,35.1,40,3
2026,원종혁,한,#f37321,불펜,-0.38,9.45,8.97,6.2,3,0
2026,전준표,키,#86001f,불펜,-0.38,9.35,8.59,8.2,8,0
2026,손주환,N,#002b69,불펜,-0.39,9.0,5.4,14.0,17,0
2026,이준우,키,#86001f,불펜,-0.4,10.13,5.4,8.0,7,0
2026,홍민규,KIA,#ed1c24,불펜,-0.43,8.35,4.33,18.1,16,0
2026,이승현,삼,#0061aa,스윙,-0.46,11.05,7.77,14.2,10,3
2026,정세영,키,#86001f,스윙,-0.47,10.43,7.27,14.2,4,2
2026,배재준,L,#fc1cad,불펜,-0.48,9.15,5.84,19.2,18,0
2026,홍민기,롯,#888888,불펜,-0.49,4.76,6.11,5.2,8,0
2026,전영준,S,#cf152d,스윙,-0.52,7.47,6.45,31.1,37,1
2026,김성진,키,#86001f,불펜,-0.53,5.74,4.34,31.1,23,0
2026,류진욱,N,#002b69,불펜,-0.56,9.51,6.37,23.2,23,0
2026,김재웅,키,#86001f,불펜,-0.66,9.3,6.89,20.1,7,0
2026,배재환,N,#002b69,불펜,-0.67,5.08,4.77,28.1,29,0
2026,김도빈,한,#f37321,불펜,-0.72,24.75,9.84,4.0,6,0
2026,김서현,한,#f37321,불펜,-0.75,12.38,11.52,8.0,5,0
2026,이병헌,두,#042071,불펜,-0.78,4.73,4.4,32.1,26,0
2026,조영건,키,#86001f,불펜,-0.88,6.48,6.08,25.0,17,0
2026,이로운,S,#cf152d,불펜,-0.92,6.64,5.24,39.1,37,0
